# Creating the following cartesian grid for a 4 dimensional parallelisation:
# 1 x 1 x 1 x 1
PTBC graph initialised: 1 periodic instance(s), 1 tentacle(s). 
Instance ID: 0	Type: periodic	Upstream ID: 	Downstream ID: 1, 

Instance ID: 1	Type: intermediate	Upstream ID: 0	Downstream ID: 2, 

Instance ID: 2	Type: intermediate	Upstream ID: 1	Downstream ID: 3, 

Instance ID: 3	Type: open	Upstream ID: 2	Downstream ID: 


This is the hmc code for twisted mass Wilson QCD

Version tmLQCD 6.1.0, commit a2090c82d5449866fda02ec86273c9760a93b54c
# The code is compiled with -DTM_USE_GAUGE_COPY
# The code is compiled with -DTM_USE_HALFSPINOR
# the code is compiled for non-blocking MPI calls (spinor and gauge)
# the code is compiled with MPI IO / Lemon
# the code is compiled with openMP support
# Non-Schroedinger (anti-periodic, periodic or twisted) boundary conditions are used
# The lattice size is 8 x 8 x 8 x 8
# The local lattice size is 8 x 8 x 8 x 8
# Even/odd preconditioning is used
# beta = 5.600000000000 , kappa= 0.125000000000
# boundary conditions for fermion fields (t,x,y,z) * pi: 0.000000 0.000000 0.000000 0.000000 
# mu = 0.000000000000
# g_rgi_C0 = 1.000000, g_rgi_C1 = 0.000000
# Using absolute precision for the inversions!
# Initialising rectangular gauge action stuff
# The lattice is correctly mapped by the index arrays

# monomial id 0 type = 2 timescale 0
# Computed plaquette value: 0.121443146482.
#
# Starting trajectory no 0
# : Time for gauge_heatbath 5.174150e-03 s level: 2 proc_id: 0 /HMC/ptbc_update_tm/GAUGE:gauge_heatbath
# : Time for gauge_derivative 2.068312e-02 s level: 2 proc_id: 0 /HMC/ptbc_update_tm/GAUGE:gauge_derivative
# : Time for update_gauge 1.048675e-02 s level: 2 proc_id: 0 /HMC/ptbc_update_tm/update_gauge
# : Time for gauge_derivative 2.069662e-02 s level: 2 proc_id: 0 /HMC/ptbc_update_tm/GAUGE:gauge_derivative
# : Time for gauge_derivative 2.072829e-02 s level: 2 proc_id: 0 /HMC/ptbc_update_tm/GAUGE:gauge_derivative
# : Time for update_gauge 1.012502e-02 s level: 2 proc_id: 0 /HMC/ptbc_update_tm/update_gauge
# : Time for gauge_derivative 2.071392e-02 s level: 2 proc_id: 0 /HMC/ptbc_update_tm/GAUGE:gauge_derivative
# : Time for update_gauge 1.024816e-02 s level: 2 proc_id: 0 /HMC/ptbc_update_tm/update_gauge
# : Time for gauge_derivative 2.082662e-02 s level: 2 proc_id: 0 /HMC/ptbc_update_tm/GAUGE:gauge_derivative
# : Time for gauge_derivative 2.073340e-02 s level: 2 proc_id: 0 /HMC/ptbc_update_tm/GAUGE:gauge_derivative
# : Time for update_gauge 1.024494e-02 s level: 2 proc_id: 0 /HMC/ptbc_update_tm/update_gauge
# : Time for gauge_derivative 2.068929e-02 s level: 2 proc_id: 0 /HMC/ptbc_update_tm/GAUGE:gauge_derivative
# : Time for update_gauge 1.026065e-02 s level: 2 proc_id: 0 /HMC/ptbc_update_tm/update_gauge
# : Time for gauge_derivative 2.069676e-02 s level: 2 proc_id: 0 /HMC/ptbc_update_tm/GAUGE:gauge_derivative
# : Time for gauge_derivative 2.070354e-02 s level: 2 proc_id: 0 /HMC/ptbc_update_tm/GAUGE:gauge_derivative
# : Time for update_gauge 1.017603e-02 s level: 2 proc_id: 0 /HMC/ptbc_update_tm/update_gauge
# : Time for gauge_derivative 2.084042e-02 s level: 2 proc_id: 0 /HMC/ptbc_update_tm/GAUGE:gauge_derivative
# : Time for update_gauge 1.024627e-02 s level: 2 proc_id: 0 /HMC/ptbc_update_tm/update_gauge
# : Time for gauge_derivative 2.068612e-02 s level: 2 proc_id: 0 /HMC/ptbc_update_tm/GAUGE:gauge_derivative
# : Time for gauge_derivative 2.071589e-02 s level: 2 proc_id: 0 /HMC/ptbc_update_tm/GAUGE:gauge_derivative
# : Time for update_gauge 1.005067e-02 s level: 2 proc_id: 0 /HMC/ptbc_update_tm/update_gauge
# : Time for gauge_derivative 2.075361e-02 s level: 2 proc_id: 0 /HMC/ptbc_update_tm/GAUGE:gauge_derivative
# : Time for update_gauge 1.038907e-02 s level: 2 proc_id: 0 /HMC/ptbc_update_tm/update_gauge
# : Time for gauge_derivative 2.075167e-02 s level: 2 proc_id: 0 /HMC/ptbc_update_tm/GAUGE:gauge_derivative
# : Time for gauge_derivative 2.079171e-02 s level: 2 proc_id: 0 /HMC/ptbc_update_tm/GAUGE:gauge_derivative
# : Time for update_gauge 1.007747e-02 s level: 2 proc_id: 0 /HMC/ptbc_update_tm/update_gauge
# : Time for gauge_derivative 2.087582e-02 s level: 2 proc_id: 0 /HMC/ptbc_update_tm/GAUGE:gauge_derivative
# : Time for update_gauge 1.026051e-02 s level: 2 proc_id: 0 /HMC/ptbc_update_tm/update_gauge
# : Time for gauge_derivative 2.074018e-02 s level: 2 proc_id: 0 /HMC/ptbc_update_tm/GAUGE:gauge_derivative
# : Time for gauge_derivative 2.070270e-02 s level: 2 proc_id: 0 /HMC/ptbc_update_tm/GAUGE:gauge_derivative
# : Time for update_gauge 1.006321e-02 s level: 2 proc_id: 0 /HMC/ptbc_update_tm/update_gauge
# : Time for gauge_derivative 2.083680e-02 s level: 2 proc_id: 0 /HMC/ptbc_update_tm/GAUGE:gauge_derivative
# : Time for update_gauge 1.029986e-02 s level: 2 proc_id: 0 /HMC/ptbc_update_tm/update_gauge
# : Time for gauge_derivative 2.086831e-02 s level: 2 proc_id: 0 /HMC/ptbc_update_tm/GAUGE:gauge_derivative
# : Time for gauge_derivative 2.066911e-02 s level: 2 proc_id: 0 /HMC/ptbc_update_tm/GAUGE:gauge_derivative
# : Time for update_gauge 1.017561e-02 s level: 2 proc_id: 0 /HMC/ptbc_update_tm/update_gauge
# : Time for gauge_derivative 2.068957e-02 s level: 2 proc_id: 0 /HMC/ptbc_update_tm/GAUGE:gauge_derivative
# : Time for update_gauge 1.029807e-02 s level: 2 proc_id: 0 /HMC/ptbc_update_tm/update_gauge
# : Time for gauge_derivative 2.076848e-02 s level: 2 proc_id: 0 /HMC/ptbc_update_tm/GAUGE:gauge_derivative
# : Time for gauge_derivative 2.082979e-02 s level: 2 proc_id: 0 /HMC/ptbc_update_tm/GAUGE:gauge_derivative
# : Time for update_gauge 1.006338e-02 s level: 2 proc_id: 0 /HMC/ptbc_update_tm/update_gauge
# : Time for gauge_derivative 2.085027e-02 s level: 2 proc_id: 0 /HMC/ptbc_update_tm/GAUGE:gauge_derivative
# : Time for update_gauge 1.028898e-02 s level: 2 proc_id: 0 /HMC/ptbc_update_tm/update_gauge
# : Time for gauge_derivative 2.076705e-02 s level: 2 proc_id: 0 /HMC/ptbc_update_tm/GAUGE:gauge_derivative
# : Time for gauge_derivative 2.074572e-02 s level: 2 proc_id: 0 /HMC/ptbc_update_tm/GAUGE:gauge_derivative
# : Time for update_gauge 1.018558e-02 s level: 2 proc_id: 0 /HMC/ptbc_update_tm/update_gauge
# : Time for gauge_derivative 2.073670e-02 s level: 2 proc_id: 0 /HMC/ptbc_update_tm/GAUGE:gauge_derivative
# : Time for update_gauge 1.026646e-02 s level: 2 proc_id: 0 /HMC/ptbc_update_tm/update_gauge
# : Time for gauge_derivative 2.068117e-02 s level: 2 proc_id: 0 /HMC/ptbc_update_tm/GAUGE:gauge_derivative
# : Time for gauge_derivative 2.070213e-02 s level: 2 proc_id: 0 /HMC/ptbc_update_tm/GAUGE:gauge_derivative
# : Time for update_gauge 1.016569e-02 s level: 2 proc_id: 0 /HMC/ptbc_update_tm/update_gauge
# : Time for gauge_derivative 2.074840e-02 s level: 2 proc_id: 0 /HMC/ptbc_update_tm/GAUGE:gauge_derivative
# : Time for update_gauge 1.030337e-02 s level: 2 proc_id: 0 /HMC/ptbc_update_tm/update_gauge
# : Time for gauge_derivative 2.068420e-02 s level: 2 proc_id: 0 /HMC/ptbc_update_tm/GAUGE:gauge_derivative
# : Time for gauge_derivative 2.073648e-02 s level: 2 proc_id: 0 /HMC/ptbc_update_tm/GAUGE:gauge_derivative
# : Time for update_gauge 1.011786e-02 s level: 2 proc_id: 0 /HMC/ptbc_update_tm/update_gauge
# : Time for gauge_derivative 2.081588e-02 s level: 2 proc_id: 0 /HMC/ptbc_update_tm/GAUGE:gauge_derivative
# : Time for update_gauge 1.026577e-02 s level: 2 proc_id: 0 /HMC/ptbc_update_tm/update_gauge
# : Time for gauge_derivative 2.079649e-02 s level: 2 proc_id: 0 /HMC/ptbc_update_tm/GAUGE:gauge_derivative
# : Time for gauge_derivative 2.086208e-02 s level: 2 proc_id: 0 /HMC/ptbc_update_tm/GAUGE:gauge_derivative
# : Time for update_gauge 1.022091e-02 s level: 2 proc_id: 0 /HMC/ptbc_update_tm/update_gauge
# : Time for gauge_derivative 2.076950e-02 s level: 2 proc_id: 0 /HMC/ptbc_update_tm/GAUGE:gauge_derivative
# : Time for update_gauge 1.025198e-02 s level: 2 proc_id: 0 /HMC/ptbc_update_tm/update_gauge
# : Time for gauge_derivative 2.075180e-02 s level: 2 proc_id: 0 /HMC/ptbc_update_tm/GAUGE:gauge_derivative
# : Time for gauge_derivative 2.084898e-02 s level: 2 proc_id: 0 /HMC/ptbc_update_tm/GAUGE:gauge_derivative
# : Time for update_gauge 1.014678e-02 s level: 2 proc_id: 0 /HMC/ptbc_update_tm/update_gauge
# : Time for gauge_derivative 2.068924e-02 s level: 2 proc_id: 0 /HMC/ptbc_update_tm/GAUGE:gauge_derivative
# : Time for update_gauge 1.031476e-02 s level: 2 proc_id: 0 /HMC/ptbc_update_tm/update_gauge
# : Time for gauge_derivative 2.070494e-02 s level: 2 proc_id: 0 /HMC/ptbc_update_tm/GAUGE:gauge_derivative
# : Time for gauge_derivative 2.073363e-02 s level: 2 proc_id: 0 /HMC/ptbc_update_tm/GAUGE:gauge_derivative
# : Time for update_gauge 1.010765e-02 s level: 2 proc_id: 0 /HMC/ptbc_update_tm/update_gauge
# : Time for gauge_derivative 2.081414e-02 s level: 2 proc_id: 0 /HMC/ptbc_update_tm/GAUGE:gauge_derivative
# : Time for update_gauge 1.023995e-02 s level: 2 proc_id: 0 /HMC/ptbc_update_tm/update_gauge
# : Time for gauge_derivative 2.082011e-02 s level: 2 proc_id: 0 /HMC/ptbc_update_tm/GAUGE:gauge_derivative
# : Time for gauge_derivative 2.083555e-02 s level: 2 proc_id: 0 /HMC/ptbc_update_tm/GAUGE:gauge_derivative
# : Time for update_gauge 1.012087e-02 s level: 2 proc_id: 0 /HMC/ptbc_update_tm/update_gauge
# : Time for gauge_derivative 2.070225e-02 s level: 2 proc_id: 0 /HMC/ptbc_update_tm/GAUGE:gauge_derivative
# : Time for update_gauge 1.023355e-02 s level: 2 proc_id: 0 /HMC/ptbc_update_tm/update_gauge
# : Time for gauge_derivative 2.085084e-02 s level: 2 proc_id: 0 /HMC/ptbc_update_tm/GAUGE:gauge_derivative
# : Time for gauge_derivative 2.079724e-02 s level: 2 proc_id: 0 /HMC/ptbc_update_tm/GAUGE:gauge_derivative
# : Time for update_gauge 1.012920e-02 s level: 2 proc_id: 0 /HMC/ptbc_update_tm/update_gauge
# : Time for gauge_derivative 2.067156e-02 s level: 2 proc_id: 0 /HMC/ptbc_update_tm/GAUGE:gauge_derivative
# : Time for update_gauge 1.027821e-02 s level: 2 proc_id: 0 /HMC/ptbc_update_tm/update_gauge
# : Time for gauge_derivative 2.070019e-02 s level: 2 proc_id: 0 /HMC/ptbc_update_tm/GAUGE:gauge_derivative
# : Time for gauge_derivative 2.070349e-02 s level: 2 proc_id: 0 /HMC/ptbc_update_tm/GAUGE:gauge_derivative
# : Time for update_gauge 1.017544e-02 s level: 2 proc_id: 0 /HMC/ptbc_update_tm/update_gauge
# : Time for gauge_derivative 2.076455e-02 s level: 2 proc_id: 0 /HMC/ptbc_update_tm/GAUGE:gauge_derivative
# : Time for update_gauge 1.031110e-02 s level: 2 proc_id: 0 /HMC/ptbc_update_tm/update_gauge
# : Time for gauge_derivative 2.073818e-02 s level: 2 proc_id: 0 /HMC/ptbc_update_tm/GAUGE:gauge_derivative
# : Time for gauge_derivative 2.069802e-02 s level: 2 proc_id: 0 /HMC/ptbc_update_tm/GAUGE:gauge_derivative
# : Time for update_gauge 1.001341e-02 s level: 2 proc_id: 0 /HMC/ptbc_update_tm/update_gauge
# : Time for gauge_derivative 2.079696e-02 s level: 2 proc_id: 0 /HMC/ptbc_update_tm/GAUGE:gauge_derivative
# : Time for update_gauge 1.028041e-02 s level: 2 proc_id: 0 /HMC/ptbc_update_tm/update_gauge
# : Time for gauge_derivative 2.082372e-02 s level: 2 proc_id: 0 /HMC/ptbc_update_tm/GAUGE:gauge_derivative
# : Time for gauge_derivative 2.071555e-02 s level: 2 proc_id: 0 /HMC/ptbc_update_tm/GAUGE:gauge_derivative
# : Time for update_gauge 1.014527e-02 s level: 2 proc_id: 0 /HMC/ptbc_update_tm/update_gauge
# : Time for gauge_derivative 2.068205e-02 s level: 2 proc_id: 0 /HMC/ptbc_update_tm/GAUGE:gauge_derivative
# : Time for update_gauge 1.021639e-02 s level: 2 proc_id: 0 /HMC/ptbc_update_tm/update_gauge
# : Time for gauge_derivative 2.077916e-02 s level: 2 proc_id: 0 /HMC/ptbc_update_tm/GAUGE:gauge_derivative
# : Time for gauge_derivative 2.085689e-02 s level: 2 proc_id: 0 /HMC/ptbc_update_tm/GAUGE:gauge_derivative
# : Time for update_gauge 1.017636e-02 s level: 2 proc_id: 0 /HMC/ptbc_update_tm/update_gauge
# : Time for gauge_derivative 2.069183e-02 s level: 2 proc_id: 0 /HMC/ptbc_update_tm/GAUGE:gauge_derivative
# : Time for update_gauge 1.025126e-02 s level: 2 proc_id: 0 /HMC/ptbc_update_tm/update_gauge
# : Time for gauge_derivative 2.078148e-02 s level: 2 proc_id: 0 /HMC/ptbc_update_tm/GAUGE:gauge_derivative
# : Time for gauge_derivative 2.070983e-02 s level: 2 proc_id: 0 /HMC/ptbc_update_tm/GAUGE:gauge_derivative
# : Time for update_gauge 1.022521e-02 s level: 2 proc_id: 0 /HMC/ptbc_update_tm/update_gauge
# : Time for gauge_derivative 2.081260e-02 s level: 2 proc_id: 0 /HMC/ptbc_update_tm/GAUGE:gauge_derivative
# : Time for update_gauge 1.022624e-02 s level: 2 proc_id: 0 /HMC/ptbc_update_tm/update_gauge
# : Time for gauge_derivative 2.072330e-02 s level: 2 proc_id: 0 /HMC/ptbc_update_tm/GAUGE:gauge_derivative
# : Time for gauge_derivative 2.079314e-02 s level: 2 proc_id: 0 /HMC/ptbc_update_tm/GAUGE:gauge_derivative
# : Time for update_gauge 1.016773e-02 s level: 2 proc_id: 0 /HMC/ptbc_update_tm/update_gauge
# : Time for gauge_derivative 2.082442e-02 s level: 2 proc_id: 0 /HMC/ptbc_update_tm/GAUGE:gauge_derivative
# : Time for update_gauge 1.025181e-02 s level: 2 proc_id: 0 /HMC/ptbc_update_tm/update_gauge
# : Time for gauge_derivative 2.082252e-02 s level: 2 proc_id: 0 /HMC/ptbc_update_tm/GAUGE:gauge_derivative
# : Time for gauge_derivative 2.080944e-02 s level: 2 proc_id: 0 /HMC/ptbc_update_tm/GAUGE:gauge_derivative
# : Time for update_gauge 1.012084e-02 s level: 2 proc_id: 0 /HMC/ptbc_update_tm/update_gauge
# : Time for gauge_derivative 2.071942e-02 s level: 2 proc_id: 0 /HMC/ptbc_update_tm/GAUGE:gauge_derivative
# : Time for update_gauge 1.024825e-02 s level: 2 proc_id: 0 /HMC/ptbc_update_tm/update_gauge
# : Time for gauge_derivative 2.080248e-02 s level: 2 proc_id: 0 /HMC/ptbc_update_tm/GAUGE:gauge_derivative
# : Time for gauge_derivative 2.081175e-02 s level: 2 proc_id: 0 /HMC/ptbc_update_tm/GAUGE:gauge_derivative
# : Time for update_gauge 1.003929e-02 s level: 2 proc_id: 0 /HMC/ptbc_update_tm/update_gauge
# : Time for gauge_derivative 2.083780e-02 s level: 2 proc_id: 0 /HMC/ptbc_update_tm/GAUGE:gauge_derivative
# : Time for gauge_acc 5.101590e-03 s level: 2 proc_id: 0 /HMC/ptbc_update_tm/GAUGE:gauge_acc
# Trajectory is accepted.
# inst1: Time for ptbc_update_tm 2.486966e+00 s level: 1 proc_id: 0 /HMC/ptbc_update_tm
# inst1: Time for ptbc_swap_dh 1.035414e-02 s level: 2 proc_id: 0 /HMC/ptbc_swap/ptbc_swap_dh
# inst1: Time for ptbc_swap_dh 1.021309e-02 s level: 2 proc_id: 0 /HMC/ptbc_swap/ptbc_swap_dh
[swap_link] inst 1 <-> 2: own_diff=1.429743e+01 partner_diff=-2.701191e+00 total_diff=1.159624e+01 expmdh=9.200654e-06 random number=3.557837e-01 accept=0
# inst1: Time for ptbc_swap 3.206612e-02 s level: 1 proc_id: 0 /HMC/ptbc_swap

I am step 0 instance 1 rank 1 
# Writing gauge field to .conf.t00000.tmp.
# Constructing LEMON writer for file .conf.t00000.tmp for append = 0
# Time spent writing 2.36 Mb was 86.9 ms.
# Writing speed: 27.1 Mb/s (27.1 Mb/s per MPI process).
# Scidac checksums for gaugefield .conf.t00000.tmp:
#   Calculated            : A = 0x82188d62 B = 0x6f83aa60.
# Write completed, verifying write...
# Constructing LEMON reader for file .conf.t00000.tmp ...
# Time spent reading 2.36 Mb was 881 us.
# Reading speed: 2.68 Gb/s (2.68 Gb/s per MPI process).
# Scidac checksums for gaugefield .conf.t00000.tmp:
#   Calculated            : A = 0x82188d62 B = 0x6f83aa60.
#   Read from LIME headers: A = 0x82188d62 B = 0x6f83aa60.
# Reading ildg-format record:
#   Precision = 64 bits (double).
#   Lattice size: LX = 8, LY = 8, LZ = 8, LT = 8.
# Input parameters:
#   Precision = 64 bits (double).
#   Lattice size: LX = 8, LY = 8, LZ = 8, LT = 8.
# Write successfully verified.
# Renaming .conf.t00000.tmp to conf.save.
#
# Starting trajectory no 1
# : Time for gauge_heatbath 5.176260e-03 s level: 2 proc_id: 0 /HMC/ptbc_update_tm/GAUGE:gauge_heatbath
# : Time for gauge_derivative 2.081668e-02 s level: 2 proc_id: 0 /HMC/ptbc_update_tm/GAUGE:gauge_derivative
# : Time for update_gauge 1.060468e-02 s level: 2 proc_id: 0 /HMC/ptbc_update_tm/update_gauge
# : Time for gauge_derivative 2.085416e-02 s level: 2 proc_id: 0 /HMC/ptbc_update_tm/GAUGE:gauge_derivative
# : Time for gauge_derivative 2.085833e-02 s level: 2 proc_id: 0 /HMC/ptbc_update_tm/GAUGE:gauge_derivative
# : Time for update_gauge 1.017250e-02 s level: 2 proc_id: 0 /HMC/ptbc_update_tm/update_gauge
# : Time for gauge_derivative 2.077987e-02 s level: 2 proc_id: 0 /HMC/ptbc_update_tm/GAUGE:gauge_derivative
# : Time for update_gauge 1.025727e-02 s level: 2 proc_id: 0 /HMC/ptbc_update_tm/update_gauge
# : Time for gauge_derivative 2.069147e-02 s level: 2 proc_id: 0 /HMC/ptbc_update_tm/GAUGE:gauge_derivative
# : Time for gauge_derivative 2.081420e-02 s level: 2 proc_id: 0 /HMC/ptbc_update_tm/GAUGE:gauge_derivative
# : Time for update_gauge 1.009154e-02 s level: 2 proc_id: 0 /HMC/ptbc_update_tm/update_gauge
# : Time for gauge_derivative 2.067599e-02 s level: 2 proc_id: 0 /HMC/ptbc_update_tm/GAUGE:gauge_derivative
# : Time for update_gauge 1.023520e-02 s level: 2 proc_id: 0 /HMC/ptbc_update_tm/update_gauge
# : Time for gauge_derivative 2.076025e-02 s level: 2 proc_id: 0 /HMC/ptbc_update_tm/GAUGE:gauge_derivative
# : Time for gauge_derivative 2.078251e-02 s level: 2 proc_id: 0 /HMC/ptbc_update_tm/GAUGE:gauge_derivative
# : Time for update_gauge 1.014312e-02 s level: 2 proc_id: 0 /HMC/ptbc_update_tm/update_gauge
# : Time for gauge_derivative 2.078237e-02 s level: 2 proc_id: 0 /HMC/ptbc_update_tm/GAUGE:gauge_derivative
# : Time for update_gauge 1.027893e-02 s level: 2 proc_id: 0 /HMC/ptbc_update_tm/update_gauge
# : Time for gauge_derivative 2.084656e-02 s level: 2 proc_id: 0 /HMC/ptbc_update_tm/GAUGE:gauge_derivative
# : Time for gauge_derivative 2.068869e-02 s level: 2 proc_id: 0 /HMC/ptbc_update_tm/GAUGE:gauge_derivative
# : Time for update_gauge 1.014699e-02 s level: 2 proc_id: 0 /HMC/ptbc_update_tm/update_gauge
# : Time for gauge_derivative 2.077459e-02 s level: 2 proc_id: 0 /HMC/ptbc_update_tm/GAUGE:gauge_derivative
# : Time for update_gauge 1.022748e-02 s level: 2 proc_id: 0 /HMC/ptbc_update_tm/update_gauge
# : Time for gauge_derivative 2.077616e-02 s level: 2 proc_id: 0 /HMC/ptbc_update_tm/GAUGE:gauge_derivative
# : Time for gauge_derivative 2.070142e-02 s level: 2 proc_id: 0 /HMC/ptbc_update_tm/GAUGE:gauge_derivative
# : Time for update_gauge 1.030722e-02 s level: 2 proc_id: 0 /HMC/ptbc_update_tm/update_gauge
# : Time for gauge_derivative 2.076092e-02 s level: 2 proc_id: 0 /HMC/ptbc_update_tm/GAUGE:gauge_derivative
# : Time for update_gauge 1.024554e-02 s level: 2 proc_id: 0 /HMC/ptbc_update_tm/update_gauge
# : Time for gauge_derivative 2.074635e-02 s level: 2 proc_id: 0 /HMC/ptbc_update_tm/GAUGE:gauge_derivative
# : Time for gauge_derivative 2.072730e-02 s level: 2 proc_id: 0 /HMC/ptbc_update_tm/GAUGE:gauge_derivative
# : Time for update_gauge 1.005547e-02 s level: 2 proc_id: 0 /HMC/ptbc_update_tm/update_gauge
# : Time for gauge_derivative 2.082407e-02 s level: 2 proc_id: 0 /HMC/ptbc_update_tm/GAUGE:gauge_derivative
# : Time for update_gauge 1.025840e-02 s level: 2 proc_id: 0 /HMC/ptbc_update_tm/update_gauge
# : Time for gauge_derivative 2.084908e-02 s level: 2 proc_id: 0 /HMC/ptbc_update_tm/GAUGE:gauge_derivative
# : Time for gauge_derivative 2.076251e-02 s level: 2 proc_id: 0 /HMC/ptbc_update_tm/GAUGE:gauge_derivative
# : Time for update_gauge 1.019293e-02 s level: 2 proc_id: 0 /HMC/ptbc_update_tm/update_gauge
# : Time for gauge_derivative 2.082091e-02 s level: 2 proc_id: 0 /HMC/ptbc_update_tm/GAUGE:gauge_derivative
# : Time for update_gauge 1.028815e-02 s level: 2 proc_id: 0 /HMC/ptbc_update_tm/update_gauge
# : Time for gauge_derivative 2.076874e-02 s level: 2 proc_id: 0 /HMC/ptbc_update_tm/GAUGE:gauge_derivative
# : Time for gauge_derivative 2.074400e-02 s level: 2 proc_id: 0 /HMC/ptbc_update_tm/GAUGE:gauge_derivative
# : Time for update_gauge 1.019904e-02 s level: 2 proc_id: 0 /HMC/ptbc_update_tm/update_gauge
# : Time for gauge_derivative 2.080106e-02 s level: 2 proc_id: 0 /HMC/ptbc_update_tm/GAUGE:gauge_derivative
# : Time for update_gauge 1.027169e-02 s level: 2 proc_id: 0 /HMC/ptbc_update_tm/update_gauge
# : Time for gauge_derivative 2.304600e-02 s level: 2 proc_id: 0 /HMC/ptbc_update_tm/GAUGE:gauge_derivative
# : Time for gauge_derivative 2.078147e-02 s level: 2 proc_id: 0 /HMC/ptbc_update_tm/GAUGE:gauge_derivative
# : Time for update_gauge 1.029060e-02 s level: 2 proc_id: 0 /HMC/ptbc_update_tm/update_gauge
# : Time for gauge_derivative 2.071823e-02 s level: 2 proc_id: 0 /HMC/ptbc_update_tm/GAUGE:gauge_derivative
# : Time for update_gauge 1.028929e-02 s level: 2 proc_id: 0 /HMC/ptbc_update_tm/update_gauge
# : Time for gauge_derivative 2.072554e-02 s level: 2 proc_id: 0 /HMC/ptbc_update_tm/GAUGE:gauge_derivative
# : Time for gauge_derivative 2.084123e-02 s level: 2 proc_id: 0 /HMC/ptbc_update_tm/GAUGE:gauge_derivative
# : Time for update_gauge 1.023614e-02 s level: 2 proc_id: 0 /HMC/ptbc_update_tm/update_gauge
# : Time for gauge_derivative 2.082969e-02 s level: 2 proc_id: 0 /HMC/ptbc_update_tm/GAUGE:gauge_derivative
# : Time for update_gauge 1.030356e-02 s level: 2 proc_id: 0 /HMC/ptbc_update_tm/update_gauge
# : Time for gauge_derivative 2.080922e-02 s level: 2 proc_id: 0 /HMC/ptbc_update_tm/GAUGE:gauge_derivative
# : Time for gauge_derivative 2.085234e-02 s level: 2 proc_id: 0 /HMC/ptbc_update_tm/GAUGE:gauge_derivative
# : Time for update_gauge 1.030468e-02 s level: 2 proc_id: 0 /HMC/ptbc_update_tm/update_gauge
# : Time for gauge_derivative 2.080299e-02 s level: 2 proc_id: 0 /HMC/ptbc_update_tm/GAUGE:gauge_derivative
# : Time for update_gauge 1.040542e-02 s level: 2 proc_id: 0 /HMC/ptbc_update_tm/update_gauge
# : Time for gauge_derivative 2.070110e-02 s level: 2 proc_id: 0 /HMC/ptbc_update_tm/GAUGE:gauge_derivative
# : Time for gauge_derivative 2.070210e-02 s level: 2 proc_id: 0 /HMC/ptbc_update_tm/GAUGE:gauge_derivative
# : Time for update_gauge 1.008653e-02 s level: 2 proc_id: 0 /HMC/ptbc_update_tm/update_gauge
# : Time for gauge_derivative 2.078684e-02 s level: 2 proc_id: 0 /HMC/ptbc_update_tm/GAUGE:gauge_derivative
# : Time for update_gauge 1.025132e-02 s level: 2 proc_id: 0 /HMC/ptbc_update_tm/update_gauge
# : Time for gauge_derivative 2.071737e-02 s level: 2 proc_id: 0 /HMC/ptbc_update_tm/GAUGE:gauge_derivative
# : Time for gauge_derivative 2.082852e-02 s level: 2 proc_id: 0 /HMC/ptbc_update_tm/GAUGE:gauge_derivative
# : Time for update_gauge 1.007270e-02 s level: 2 proc_id: 0 /HMC/ptbc_update_tm/update_gauge
# : Time for gauge_derivative 2.077554e-02 s level: 2 proc_id: 0 /HMC/ptbc_update_tm/GAUGE:gauge_derivative
# : Time for update_gauge 1.027141e-02 s level: 2 proc_id: 0 /HMC/ptbc_update_tm/update_gauge
# : Time for gauge_derivative 2.084633e-02 s level: 2 proc_id: 0 /HMC/ptbc_update_tm/GAUGE:gauge_derivative
# : Time for gauge_derivative 2.087502e-02 s level: 2 proc_id: 0 /HMC/ptbc_update_tm/GAUGE:gauge_derivative
# : Time for update_gauge 1.019459e-02 s level: 2 proc_id: 0 /HMC/ptbc_update_tm/update_gauge
# : Time for gauge_derivative 2.090475e-02 s level: 2 proc_id: 0 /HMC/ptbc_update_tm/GAUGE:gauge_derivative
# : Time for update_gauge 1.025043e-02 s level: 2 proc_id: 0 /HMC/ptbc_update_tm/update_gauge
# : Time for gauge_derivative 2.083234e-02 s level: 2 proc_id: 0 /HMC/ptbc_update_tm/GAUGE:gauge_derivative
# : Time for gauge_derivative 2.078828e-02 s level: 2 proc_id: 0 /HMC/ptbc_update_tm/GAUGE:gauge_derivative
# : Time for update_gauge 1.019040e-02 s level: 2 proc_id: 0 /HMC/ptbc_update_tm/update_gauge
# : Time for gauge_derivative 2.085132e-02 s level: 2 proc_id: 0 /HMC/ptbc_update_tm/GAUGE:gauge_derivative
# : Time for update_gauge 1.025782e-02 s level: 2 proc_id: 0 /HMC/ptbc_update_tm/update_gauge
# : Time for gauge_derivative 2.084915e-02 s level: 2 proc_id: 0 /HMC/ptbc_update_tm/GAUGE:gauge_derivative
# : Time for gauge_derivative 2.073449e-02 s level: 2 proc_id: 0 /HMC/ptbc_update_tm/GAUGE:gauge_derivative
# : Time for update_gauge 1.003909e-02 s level: 2 proc_id: 0 /HMC/ptbc_update_tm/update_gauge
# : Time for gauge_derivative 2.073511e-02 s level: 2 proc_id: 0 /HMC/ptbc_update_tm/GAUGE:gauge_derivative
# : Time for update_gauge 1.022068e-02 s level: 2 proc_id: 0 /HMC/ptbc_update_tm/update_gauge
# : Time for gauge_derivative 2.079345e-02 s level: 2 proc_id: 0 /HMC/ptbc_update_tm/GAUGE:gauge_derivative
# : Time for gauge_derivative 2.083656e-02 s level: 2 proc_id: 0 /HMC/ptbc_update_tm/GAUGE:gauge_derivative
# : Time for update_gauge 1.016378e-02 s level: 2 proc_id: 0 /HMC/ptbc_update_tm/update_gauge
# : Time for gauge_derivative 2.090433e-02 s level: 2 proc_id: 0 /HMC/ptbc_update_tm/GAUGE:gauge_derivative
# : Time for update_gauge 1.026765e-02 s level: 2 proc_id: 0 /HMC/ptbc_update_tm/update_gauge
# : Time for gauge_derivative 2.085069e-02 s level: 2 proc_id: 0 /HMC/ptbc_update_tm/GAUGE:gauge_derivative
# : Time for gauge_derivative 2.070259e-02 s level: 2 proc_id: 0 /HMC/ptbc_update_tm/GAUGE:gauge_derivative
# : Time for update_gauge 1.029177e-02 s level: 2 proc_id: 0 /HMC/ptbc_update_tm/update_gauge
# : Time for gauge_derivative 2.077391e-02 s level: 2 proc_id: 0 /HMC/ptbc_update_tm/GAUGE:gauge_derivative
# : Time for update_gauge 1.035000e-02 s level: 2 proc_id: 0 /HMC/ptbc_update_tm/update_gauge
# : Time for gauge_derivative 2.075740e-02 s level: 2 proc_id: 0 /HMC/ptbc_update_tm/GAUGE:gauge_derivative
# : Time for gauge_derivative 2.084469e-02 s level: 2 proc_id: 0 /HMC/ptbc_update_tm/GAUGE:gauge_derivative
# : Time for update_gauge 1.016953e-02 s level: 2 proc_id: 0 /HMC/ptbc_update_tm/update_gauge
# : Time for gauge_derivative 2.074009e-02 s level: 2 proc_id: 0 /HMC/ptbc_update_tm/GAUGE:gauge_derivative
# : Time for update_gauge 1.032049e-02 s level: 2 proc_id: 0 /HMC/ptbc_update_tm/update_gauge
# : Time for gauge_derivative 2.080176e-02 s level: 2 proc_id: 0 /HMC/ptbc_update_tm/GAUGE:gauge_derivative
# : Time for gauge_derivative 2.078975e-02 s level: 2 proc_id: 0 /HMC/ptbc_update_tm/GAUGE:gauge_derivative
# : Time for update_gauge 1.024294e-02 s level: 2 proc_id: 0 /HMC/ptbc_update_tm/update_gauge
# : Time for gauge_derivative 2.070311e-02 s level: 2 proc_id: 0 /HMC/ptbc_update_tm/GAUGE:gauge_derivative
# : Time for update_gauge 1.029341e-02 s level: 2 proc_id: 0 /HMC/ptbc_update_tm/update_gauge
# : Time for gauge_derivative 2.076101e-02 s level: 2 proc_id: 0 /HMC/ptbc_update_tm/GAUGE:gauge_derivative
# : Time for gauge_derivative 2.091784e-02 s level: 2 proc_id: 0 /HMC/ptbc_update_tm/GAUGE:gauge_derivative
# : Time for update_gauge 1.014345e-02 s level: 2 proc_id: 0 /HMC/ptbc_update_tm/update_gauge
# : Time for gauge_derivative 2.075338e-02 s level: 2 proc_id: 0 /HMC/ptbc_update_tm/GAUGE:gauge_derivative
# : Time for update_gauge 1.042898e-02 s level: 2 proc_id: 0 /HMC/ptbc_update_tm/update_gauge
# : Time for gauge_derivative 2.101137e-02 s level: 2 proc_id: 0 /HMC/ptbc_update_tm/GAUGE:gauge_derivative
# : Time for gauge_derivative 2.080627e-02 s level: 2 proc_id: 0 /HMC/ptbc_update_tm/GAUGE:gauge_derivative
# : Time for update_gauge 1.030320e-02 s level: 2 proc_id: 0 /HMC/ptbc_update_tm/update_gauge
# : Time for gauge_derivative 2.086942e-02 s level: 2 proc_id: 0 /HMC/ptbc_update_tm/GAUGE:gauge_derivative
# : Time for update_gauge 1.028047e-02 s level: 2 proc_id: 0 /HMC/ptbc_update_tm/update_gauge
# : Time for gauge_derivative 2.080444e-02 s level: 2 proc_id: 0 /HMC/ptbc_update_tm/GAUGE:gauge_derivative
# : Time for gauge_derivative 2.072117e-02 s level: 2 proc_id: 0 /HMC/ptbc_update_tm/GAUGE:gauge_derivative
# : Time for update_gauge 1.020308e-02 s level: 2 proc_id: 0 /HMC/ptbc_update_tm/update_gauge
# : Time for gauge_derivative 2.071669e-02 s level: 2 proc_id: 0 /HMC/ptbc_update_tm/GAUGE:gauge_derivative
# : Time for update_gauge 1.027147e-02 s level: 2 proc_id: 0 /HMC/ptbc_update_tm/update_gauge
# : Time for gauge_derivative 2.070564e-02 s level: 2 proc_id: 0 /HMC/ptbc_update_tm/GAUGE:gauge_derivative
# : Time for gauge_derivative 2.069837e-02 s level: 2 proc_id: 0 /HMC/ptbc_update_tm/GAUGE:gauge_derivative
# : Time for update_gauge 1.012495e-02 s level: 2 proc_id: 0 /HMC/ptbc_update_tm/update_gauge
# : Time for gauge_derivative 2.094132e-02 s level: 2 proc_id: 0 /HMC/ptbc_update_tm/GAUGE:gauge_derivative
# : Time for gauge_acc 5.116250e-03 s level: 2 proc_id: 0 /HMC/ptbc_update_tm/GAUGE:gauge_acc
# Trajectory is accepted.
# inst1: Time for ptbc_update_tm 2.504558e+00 s level: 1 proc_id: 0 /HMC/ptbc_update_tm
# inst1: Time for ptbc_swap_dh 1.036948e-02 s level: 2 proc_id: 0 /HMC/ptbc_swap/ptbc_swap_dh
# inst1: Time for ptbc_swap_dh 1.017262e-02 s level: 2 proc_id: 0 /HMC/ptbc_swap/ptbc_swap_dh
[swap_link] inst 1 <-> 2: own_diff=1.476176e+01 partner_diff=-6.963663e+00 total_diff=7.798100e+00 expmdh=4.105142e-04 random number=5.958925e-01 accept=0
# inst1: Time for ptbc_swap 3.776362e-02 s level: 1 proc_id: 0 /HMC/ptbc_swap

I am step 1 instance 1 rank 1 
# Writing gauge field to .conf.t00001.tmp.
# Constructing LEMON writer for file .conf.t00001.tmp for append = 0
# Time spent writing 2.36 Mb was 108 ms.
# Writing speed: 21.8 Mb/s (21.8 Mb/s per MPI process).
# Scidac checksums for gaugefield .conf.t00001.tmp:
#   Calculated            : A = 0x0ff1487d B = 0x95c7334b.
# Write completed, verifying write...
# Constructing LEMON reader for file .conf.t00001.tmp ...
# Time spent reading 2.36 Mb was 462 us.
# Reading speed: 5.11 Gb/s (5.11 Gb/s per MPI process).
# Scidac checksums for gaugefield .conf.t00001.tmp:
#   Calculated            : A = 0x0ff1487d B = 0x95c7334b.
#   Read from LIME headers: A = 0x0ff1487d B = 0x95c7334b.
# Reading ildg-format record:
#   Precision = 64 bits (double).
#   Lattice size: LX = 8, LY = 8, LZ = 8, LT = 8.
# Input parameters:
#   Precision = 64 bits (double).
#   Lattice size: LX = 8, LY = 8, LZ = 8, LT = 8.
# Write successfully verified.
# Renaming .conf.t00001.tmp to conf.save.
#
# Starting trajectory no 2
# : Time for gauge_heatbath 5.306391e-03 s level: 2 proc_id: 0 /HMC/ptbc_update_tm/GAUGE:gauge_heatbath
# : Time for gauge_derivative 2.074785e-02 s level: 2 proc_id: 0 /HMC/ptbc_update_tm/GAUGE:gauge_derivative
# : Time for update_gauge 1.056528e-02 s level: 2 proc_id: 0 /HMC/ptbc_update_tm/update_gauge
# : Time for gauge_derivative 2.070727e-02 s level: 2 proc_id: 0 /HMC/ptbc_update_tm/GAUGE:gauge_derivative
# : Time for gauge_derivative 2.075789e-02 s level: 2 proc_id: 0 /HMC/ptbc_update_tm/GAUGE:gauge_derivative
# : Time for update_gauge 1.019275e-02 s level: 2 proc_id: 0 /HMC/ptbc_update_tm/update_gauge
# : Time for gauge_derivative 2.072876e-02 s level: 2 proc_id: 0 /HMC/ptbc_update_tm/GAUGE:gauge_derivative
# : Time for update_gauge 1.037650e-02 s level: 2 proc_id: 0 /HMC/ptbc_update_tm/update_gauge
# : Time for gauge_derivative 2.087620e-02 s level: 2 proc_id: 0 /HMC/ptbc_update_tm/GAUGE:gauge_derivative
# : Time for gauge_derivative 2.081502e-02 s level: 2 proc_id: 0 /HMC/ptbc_update_tm/GAUGE:gauge_derivative
# : Time for update_gauge 1.016738e-02 s level: 2 proc_id: 0 /HMC/ptbc_update_tm/update_gauge
# : Time for gauge_derivative 2.073200e-02 s level: 2 proc_id: 0 /HMC/ptbc_update_tm/GAUGE:gauge_derivative
# : Time for update_gauge 1.027292e-02 s level: 2 proc_id: 0 /HMC/ptbc_update_tm/update_gauge
# : Time for gauge_derivative 2.081832e-02 s level: 2 proc_id: 0 /HMC/ptbc_update_tm/GAUGE:gauge_derivative
# : Time for gauge_derivative 2.068462e-02 s level: 2 proc_id: 0 /HMC/ptbc_update_tm/GAUGE:gauge_derivative
# : Time for update_gauge 1.019836e-02 s level: 2 proc_id: 0 /HMC/ptbc_update_tm/update_gauge
# : Time for gauge_derivative 2.073092e-02 s level: 2 proc_id: 0 /HMC/ptbc_update_tm/GAUGE:gauge_derivative
# : Time for update_gauge 1.026974e-02 s level: 2 proc_id: 0 /HMC/ptbc_update_tm/update_gauge
# : Time for gauge_derivative 2.082810e-02 s level: 2 proc_id: 0 /HMC/ptbc_update_tm/GAUGE:gauge_derivative
# : Time for gauge_derivative 2.083208e-02 s level: 2 proc_id: 0 /HMC/ptbc_update_tm/GAUGE:gauge_derivative
# : Time for update_gauge 1.005969e-02 s level: 2 proc_id: 0 /HMC/ptbc_update_tm/update_gauge
# : Time for gauge_derivative 2.079853e-02 s level: 2 proc_id: 0 /HMC/ptbc_update_tm/GAUGE:gauge_derivative
# : Time for update_gauge 1.025342e-02 s level: 2 proc_id: 0 /HMC/ptbc_update_tm/update_gauge
# : Time for gauge_derivative 2.080975e-02 s level: 2 proc_id: 0 /HMC/ptbc_update_tm/GAUGE:gauge_derivative
# : Time for gauge_derivative 2.081032e-02 s level: 2 proc_id: 0 /HMC/ptbc_update_tm/GAUGE:gauge_derivative
# : Time for update_gauge 1.020890e-02 s level: 2 proc_id: 0 /HMC/ptbc_update_tm/update_gauge
# : Time for gauge_derivative 2.079052e-02 s level: 2 proc_id: 0 /HMC/ptbc_update_tm/GAUGE:gauge_derivative
# : Time for update_gauge 1.036251e-02 s level: 2 proc_id: 0 /HMC/ptbc_update_tm/update_gauge
# : Time for gauge_derivative 2.075311e-02 s level: 2 proc_id: 0 /HMC/ptbc_update_tm/GAUGE:gauge_derivative
# : Time for gauge_derivative 2.082083e-02 s level: 2 proc_id: 0 /HMC/ptbc_update_tm/GAUGE:gauge_derivative
# : Time for update_gauge 1.025244e-02 s level: 2 proc_id: 0 /HMC/ptbc_update_tm/update_gauge
# : Time for gauge_derivative 2.080604e-02 s level: 2 proc_id: 0 /HMC/ptbc_update_tm/GAUGE:gauge_derivative
# : Time for update_gauge 1.026148e-02 s level: 2 proc_id: 0 /HMC/ptbc_update_tm/update_gauge
# : Time for gauge_derivative 2.098314e-02 s level: 2 proc_id: 0 /HMC/ptbc_update_tm/GAUGE:gauge_derivative
# : Time for gauge_derivative 2.090522e-02 s level: 2 proc_id: 0 /HMC/ptbc_update_tm/GAUGE:gauge_derivative
# : Time for update_gauge 1.023286e-02 s level: 2 proc_id: 0 /HMC/ptbc_update_tm/update_gauge
# : Time for gauge_derivative 2.083968e-02 s level: 2 proc_id: 0 /HMC/ptbc_update_tm/GAUGE:gauge_derivative
# : Time for update_gauge 1.025585e-02 s level: 2 proc_id: 0 /HMC/ptbc_update_tm/update_gauge
# : Time for gauge_derivative 2.074032e-02 s level: 2 proc_id: 0 /HMC/ptbc_update_tm/GAUGE:gauge_derivative
# : Time for gauge_derivative 2.072483e-02 s level: 2 proc_id: 0 /HMC/ptbc_update_tm/GAUGE:gauge_derivative
# : Time for update_gauge 1.021407e-02 s level: 2 proc_id: 0 /HMC/ptbc_update_tm/update_gauge
# : Time for gauge_derivative 2.088154e-02 s level: 2 proc_id: 0 /HMC/ptbc_update_tm/GAUGE:gauge_derivative
# : Time for update_gauge 1.023844e-02 s level: 2 proc_id: 0 /HMC/ptbc_update_tm/update_gauge
# : Time for gauge_derivative 2.083017e-02 s level: 2 proc_id: 0 /HMC/ptbc_update_tm/GAUGE:gauge_derivative
# : Time for gauge_derivative 2.094200e-02 s level: 2 proc_id: 0 /HMC/ptbc_update_tm/GAUGE:gauge_derivative
# : Time for update_gauge 1.019341e-02 s level: 2 proc_id: 0 /HMC/ptbc_update_tm/update_gauge
# : Time for gauge_derivative 2.079631e-02 s level: 2 proc_id: 0 /HMC/ptbc_update_tm/GAUGE:gauge_derivative
# : Time for update_gauge 1.038222e-02 s level: 2 proc_id: 0 /HMC/ptbc_update_tm/update_gauge
# : Time for gauge_derivative 2.088203e-02 s level: 2 proc_id: 0 /HMC/ptbc_update_tm/GAUGE:gauge_derivative
# : Time for gauge_derivative 2.082716e-02 s level: 2 proc_id: 0 /HMC/ptbc_update_tm/GAUGE:gauge_derivative
# : Time for update_gauge 1.018014e-02 s level: 2 proc_id: 0 /HMC/ptbc_update_tm/update_gauge
# : Time for gauge_derivative 2.090986e-02 s level: 2 proc_id: 0 /HMC/ptbc_update_tm/GAUGE:gauge_derivative
# : Time for update_gauge 1.029723e-02 s level: 2 proc_id: 0 /HMC/ptbc_update_tm/update_gauge
# : Time for gauge_derivative 2.069618e-02 s level: 2 proc_id: 0 /HMC/ptbc_update_tm/GAUGE:gauge_derivative
# : Time for gauge_derivative 2.077651e-02 s level: 2 proc_id: 0 /HMC/ptbc_update_tm/GAUGE:gauge_derivative
# : Time for update_gauge 1.016588e-02 s level: 2 proc_id: 0 /HMC/ptbc_update_tm/update_gauge
# : Time for gauge_derivative 2.079038e-02 s level: 2 proc_id: 0 /HMC/ptbc_update_tm/GAUGE:gauge_derivative
# : Time for update_gauge 1.027278e-02 s level: 2 proc_id: 0 /HMC/ptbc_update_tm/update_gauge
# : Time for gauge_derivative 2.082320e-02 s level: 2 proc_id: 0 /HMC/ptbc_update_tm/GAUGE:gauge_derivative
# : Time for gauge_derivative 2.084133e-02 s level: 2 proc_id: 0 /HMC/ptbc_update_tm/GAUGE:gauge_derivative
# : Time for update_gauge 1.012055e-02 s level: 2 proc_id: 0 /HMC/ptbc_update_tm/update_gauge
# : Time for gauge_derivative 2.071474e-02 s level: 2 proc_id: 0 /HMC/ptbc_update_tm/GAUGE:gauge_derivative
# : Time for update_gauge 1.024268e-02 s level: 2 proc_id: 0 /HMC/ptbc_update_tm/update_gauge
# : Time for gauge_derivative 2.072942e-02 s level: 2 proc_id: 0 /HMC/ptbc_update_tm/GAUGE:gauge_derivative
# : Time for gauge_derivative 2.094732e-02 s level: 2 proc_id: 0 /HMC/ptbc_update_tm/GAUGE:gauge_derivative
# : Time for update_gauge 1.012421e-02 s level: 2 proc_id: 0 /HMC/ptbc_update_tm/update_gauge
# : Time for gauge_derivative 2.073154e-02 s level: 2 proc_id: 0 /HMC/ptbc_update_tm/GAUGE:gauge_derivative
# : Time for update_gauge 1.024097e-02 s level: 2 proc_id: 0 /HMC/ptbc_update_tm/update_gauge
# : Time for gauge_derivative 2.072001e-02 s level: 2 proc_id: 0 /HMC/ptbc_update_tm/GAUGE:gauge_derivative
# : Time for gauge_derivative 2.084885e-02 s level: 2 proc_id: 0 /HMC/ptbc_update_tm/GAUGE:gauge_derivative
# : Time for update_gauge 1.011098e-02 s level: 2 proc_id: 0 /HMC/ptbc_update_tm/update_gauge
# : Time for gauge_derivative 2.070277e-02 s level: 2 proc_id: 0 /HMC/ptbc_update_tm/GAUGE:gauge_derivative
# : Time for update_gauge 1.028406e-02 s level: 2 proc_id: 0 /HMC/ptbc_update_tm/update_gauge
# : Time for gauge_derivative 2.087394e-02 s level: 2 proc_id: 0 /HMC/ptbc_update_tm/GAUGE:gauge_derivative
# : Time for gauge_derivative 2.076214e-02 s level: 2 proc_id: 0 /HMC/ptbc_update_tm/GAUGE:gauge_derivative
# : Time for update_gauge 1.015389e-02 s level: 2 proc_id: 0 /HMC/ptbc_update_tm/update_gauge
# : Time for gauge_derivative 2.084315e-02 s level: 2 proc_id: 0 /HMC/ptbc_update_tm/GAUGE:gauge_derivative
# : Time for update_gauge 1.036505e-02 s level: 2 proc_id: 0 /HMC/ptbc_update_tm/update_gauge
# : Time for gauge_derivative 2.073644e-02 s level: 2 proc_id: 0 /HMC/ptbc_update_tm/GAUGE:gauge_derivative
# : Time for gauge_derivative 2.083743e-02 s level: 2 proc_id: 0 /HMC/ptbc_update_tm/GAUGE:gauge_derivative
# : Time for update_gauge 1.013130e-02 s level: 2 proc_id: 0 /HMC/ptbc_update_tm/update_gauge
# : Time for gauge_derivative 2.084807e-02 s level: 2 proc_id: 0 /HMC/ptbc_update_tm/GAUGE:gauge_derivative
# : Time for update_gauge 1.021443e-02 s level: 2 proc_id: 0 /HMC/ptbc_update_tm/update_gauge
# : Time for gauge_derivative 2.083097e-02 s level: 2 proc_id: 0 /HMC/ptbc_update_tm/GAUGE:gauge_derivative
# : Time for gauge_derivative 2.080686e-02 s level: 2 proc_id: 0 /HMC/ptbc_update_tm/GAUGE:gauge_derivative
# : Time for update_gauge 1.017706e-02 s level: 2 proc_id: 0 /HMC/ptbc_update_tm/update_gauge
# : Time for gauge_derivative 2.083534e-02 s level: 2 proc_id: 0 /HMC/ptbc_update_tm/GAUGE:gauge_derivative
# : Time for update_gauge 1.025466e-02 s level: 2 proc_id: 0 /HMC/ptbc_update_tm/update_gauge
# : Time for gauge_derivative 2.070589e-02 s level: 2 proc_id: 0 /HMC/ptbc_update_tm/GAUGE:gauge_derivative
# : Time for gauge_derivative 2.092401e-02 s level: 2 proc_id: 0 /HMC/ptbc_update_tm/GAUGE:gauge_derivative
# : Time for update_gauge 1.016340e-02 s level: 2 proc_id: 0 /HMC/ptbc_update_tm/update_gauge
# : Time for gauge_derivative 2.079665e-02 s level: 2 proc_id: 0 /HMC/ptbc_update_tm/GAUGE:gauge_derivative
# : Time for update_gauge 1.026086e-02 s level: 2 proc_id: 0 /HMC/ptbc_update_tm/update_gauge
# : Time for gauge_derivative 2.084690e-02 s level: 2 proc_id: 0 /HMC/ptbc_update_tm/GAUGE:gauge_derivative
# : Time for gauge_derivative 2.072393e-02 s level: 2 proc_id: 0 /HMC/ptbc_update_tm/GAUGE:gauge_derivative
# : Time for update_gauge 1.020801e-02 s level: 2 proc_id: 0 /HMC/ptbc_update_tm/update_gauge
# : Time for gauge_derivative 2.088886e-02 s level: 2 proc_id: 0 /HMC/ptbc_update_tm/GAUGE:gauge_derivative
# : Time for update_gauge 1.035532e-02 s level: 2 proc_id: 0 /HMC/ptbc_update_tm/update_gauge
# : Time for gauge_derivative 2.081996e-02 s level: 2 proc_id: 0 /HMC/ptbc_update_tm/GAUGE:gauge_derivative
# : Time for gauge_derivative 2.079748e-02 s level: 2 proc_id: 0 /HMC/ptbc_update_tm/GAUGE:gauge_derivative
# : Time for update_gauge 1.025774e-02 s level: 2 proc_id: 0 /HMC/ptbc_update_tm/update_gauge
# : Time for gauge_derivative 2.075518e-02 s level: 2 proc_id: 0 /HMC/ptbc_update_tm/GAUGE:gauge_derivative
# : Time for update_gauge 1.026693e-02 s level: 2 proc_id: 0 /HMC/ptbc_update_tm/update_gauge
# : Time for gauge_derivative 2.076089e-02 s level: 2 proc_id: 0 /HMC/ptbc_update_tm/GAUGE:gauge_derivative
# : Time for gauge_derivative 2.072760e-02 s level: 2 proc_id: 0 /HMC/ptbc_update_tm/GAUGE:gauge_derivative
# : Time for update_gauge 1.010258e-02 s level: 2 proc_id: 0 /HMC/ptbc_update_tm/update_gauge
# : Time for gauge_derivative 2.100234e-02 s level: 2 proc_id: 0 /HMC/ptbc_update_tm/GAUGE:gauge_derivative
# : Time for update_gauge 1.027220e-02 s level: 2 proc_id: 0 /HMC/ptbc_update_tm/update_gauge
# : Time for gauge_derivative 2.075093e-02 s level: 2 proc_id: 0 /HMC/ptbc_update_tm/GAUGE:gauge_derivative
# : Time for gauge_derivative 2.082985e-02 s level: 2 proc_id: 0 /HMC/ptbc_update_tm/GAUGE:gauge_derivative
# : Time for update_gauge 1.008829e-02 s level: 2 proc_id: 0 /HMC/ptbc_update_tm/update_gauge
# : Time for gauge_derivative 2.080561e-02 s level: 2 proc_id: 0 /HMC/ptbc_update_tm/GAUGE:gauge_derivative
# : Time for update_gauge 1.034347e-02 s level: 2 proc_id: 0 /HMC/ptbc_update_tm/update_gauge
# : Time for gauge_derivative 2.080109e-02 s level: 2 proc_id: 0 /HMC/ptbc_update_tm/GAUGE:gauge_derivative
# : Time for gauge_derivative 2.078925e-02 s level: 2 proc_id: 0 /HMC/ptbc_update_tm/GAUGE:gauge_derivative
# : Time for update_gauge 1.007046e-02 s level: 2 proc_id: 0 /HMC/ptbc_update_tm/update_gauge
# : Time for gauge_derivative 2.076521e-02 s level: 2 proc_id: 0 /HMC/ptbc_update_tm/GAUGE:gauge_derivative
# : Time for update_gauge 1.032312e-02 s level: 2 proc_id: 0 /HMC/ptbc_update_tm/update_gauge
# : Time for gauge_derivative 2.069757e-02 s level: 2 proc_id: 0 /HMC/ptbc_update_tm/GAUGE:gauge_derivative
# : Time for gauge_derivative 2.071299e-02 s level: 2 proc_id: 0 /HMC/ptbc_update_tm/GAUGE:gauge_derivative
# : Time for update_gauge 1.013536e-02 s level: 2 proc_id: 0 /HMC/ptbc_update_tm/update_gauge
# : Time for gauge_derivative 2.087728e-02 s level: 2 proc_id: 0 /HMC/ptbc_update_tm/GAUGE:gauge_derivative
# : Time for gauge_acc 5.126850e-03 s level: 2 proc_id: 0 /HMC/ptbc_update_tm/GAUGE:gauge_acc
# Trajectory is accepted.
# inst1: Time for ptbc_update_tm 2.771131e+00 s level: 1 proc_id: 0 /HMC/ptbc_update_tm
# inst1: Time for ptbc_swap_dh 1.026788e-02 s level: 2 proc_id: 0 /HMC/ptbc_swap/ptbc_swap_dh
[swap_link] inst 1 <-> 2: own_diff=1.532665e+01 partner_diff=-9.026346e+00 total_diff=6.300300e+00 expmdh=1.835754e-03 random number=3.419304e-01 accept=0
# inst1: Time for ptbc_swap_dh 1.019012e-02 s level: 2 proc_id: 0 /HMC/ptbc_swap/ptbc_swap_dh
# inst1: Time for ptbc_swap 3.122046e-02 s level: 1 proc_id: 0 /HMC/ptbc_swap

I am step 2 instance 1 rank 1 
# Writing gauge field to .conf.t00002.tmp.
# Constructing LEMON writer for file .conf.t00002.tmp for append = 0
# Time spent writing 2.36 Mb was 98.6 ms.
# Writing speed: 23.9 Mb/s (23.9 Mb/s per MPI process).
# Scidac checksums for gaugefield .conf.t00002.tmp:
#   Calculated            : A = 0x4b7ef454 B = 0x1403a563.
# Write completed, verifying write...
# Constructing LEMON reader for file .conf.t00002.tmp ...
# Time spent reading 2.36 Mb was 486 us.
# Reading speed: 4.86 Gb/s (4.86 Gb/s per MPI process).
# Scidac checksums for gaugefield .conf.t00002.tmp:
#   Calculated            : A = 0x4b7ef454 B = 0x1403a563.
#   Read from LIME headers: A = 0x4b7ef454 B = 0x1403a563.
# Reading ildg-format record:
#   Precision = 64 bits (double).
#   Lattice size: LX = 8, LY = 8, LZ = 8, LT = 8.
# Input parameters:
#   Precision = 64 bits (double).
#   Lattice size: LX = 8, LY = 8, LZ = 8, LT = 8.
# Write successfully verified.
# Renaming .conf.t00002.tmp to conf.save.
#
# Starting trajectory no 3
# : Time for gauge_heatbath 5.283431e-03 s level: 2 proc_id: 0 /HMC/ptbc_update_tm/GAUGE:gauge_heatbath
# : Time for gauge_derivative 2.078317e-02 s level: 2 proc_id: 0 /HMC/ptbc_update_tm/GAUGE:gauge_derivative
# : Time for update_gauge 1.050419e-02 s level: 2 proc_id: 0 /HMC/ptbc_update_tm/update_gauge
# : Time for gauge_derivative 2.080056e-02 s level: 2 proc_id: 0 /HMC/ptbc_update_tm/GAUGE:gauge_derivative
# : Time for gauge_derivative 2.083989e-02 s level: 2 proc_id: 0 /HMC/ptbc_update_tm/GAUGE:gauge_derivative
# : Time for update_gauge 1.006196e-02 s level: 2 proc_id: 0 /HMC/ptbc_update_tm/update_gauge
# : Time for gauge_derivative 2.080675e-02 s level: 2 proc_id: 0 /HMC/ptbc_update_tm/GAUGE:gauge_derivative
# : Time for update_gauge 1.024271e-02 s level: 2 proc_id: 0 /HMC/ptbc_update_tm/update_gauge
# : Time for gauge_derivative 2.068921e-02 s level: 2 proc_id: 0 /HMC/ptbc_update_tm/GAUGE:gauge_derivative
# : Time for gauge_derivative 2.073125e-02 s level: 2 proc_id: 0 /HMC/ptbc_update_tm/GAUGE:gauge_derivative
# : Time for update_gauge 1.009768e-02 s level: 2 proc_id: 0 /HMC/ptbc_update_tm/update_gauge
# : Time for gauge_derivative 2.078421e-02 s level: 2 proc_id: 0 /HMC/ptbc_update_tm/GAUGE:gauge_derivative
# : Time for update_gauge 1.025322e-02 s level: 2 proc_id: 0 /HMC/ptbc_update_tm/update_gauge
# : Time for gauge_derivative 2.070281e-02 s level: 2 proc_id: 0 /HMC/ptbc_update_tm/GAUGE:gauge_derivative
# : Time for gauge_derivative 2.072628e-02 s level: 2 proc_id: 0 /HMC/ptbc_update_tm/GAUGE:gauge_derivative
# : Time for update_gauge 1.016359e-02 s level: 2 proc_id: 0 /HMC/ptbc_update_tm/update_gauge
# : Time for gauge_derivative 2.075930e-02 s level: 2 proc_id: 0 /HMC/ptbc_update_tm/GAUGE:gauge_derivative
# : Time for update_gauge 1.036286e-02 s level: 2 proc_id: 0 /HMC/ptbc_update_tm/update_gauge
# : Time for gauge_derivative 2.076110e-02 s level: 2 proc_id: 0 /HMC/ptbc_update_tm/GAUGE:gauge_derivative
# : Time for gauge_derivative 2.070905e-02 s level: 2 proc_id: 0 /HMC/ptbc_update_tm/GAUGE:gauge_derivative
# : Time for update_gauge 1.008753e-02 s level: 2 proc_id: 0 /HMC/ptbc_update_tm/update_gauge
# : Time for gauge_derivative 2.076936e-02 s level: 2 proc_id: 0 /HMC/ptbc_update_tm/GAUGE:gauge_derivative
# : Time for update_gauge 1.029409e-02 s level: 2 proc_id: 0 /HMC/ptbc_update_tm/update_gauge
# : Time for gauge_derivative 2.078984e-02 s level: 2 proc_id: 0 /HMC/ptbc_update_tm/GAUGE:gauge_derivative
# : Time for gauge_derivative 2.075791e-02 s level: 2 proc_id: 0 /HMC/ptbc_update_tm/GAUGE:gauge_derivative
# : Time for update_gauge 1.015819e-02 s level: 2 proc_id: 0 /HMC/ptbc_update_tm/update_gauge
# : Time for gauge_derivative 2.078060e-02 s level: 2 proc_id: 0 /HMC/ptbc_update_tm/GAUGE:gauge_derivative
# : Time for update_gauge 1.032645e-02 s level: 2 proc_id: 0 /HMC/ptbc_update_tm/update_gauge
# : Time for gauge_derivative 2.074361e-02 s level: 2 proc_id: 0 /HMC/ptbc_update_tm/GAUGE:gauge_derivative
# : Time for gauge_derivative 2.081731e-02 s level: 2 proc_id: 0 /HMC/ptbc_update_tm/GAUGE:gauge_derivative
# : Time for update_gauge 1.007799e-02 s level: 2 proc_id: 0 /HMC/ptbc_update_tm/update_gauge
# : Time for gauge_derivative 2.076816e-02 s level: 2 proc_id: 0 /HMC/ptbc_update_tm/GAUGE:gauge_derivative
# : Time for update_gauge 1.032186e-02 s level: 2 proc_id: 0 /HMC/ptbc_update_tm/update_gauge
# : Time for gauge_derivative 2.075662e-02 s level: 2 proc_id: 0 /HMC/ptbc_update_tm/GAUGE:gauge_derivative
# : Time for gauge_derivative 2.079950e-02 s level: 2 proc_id: 0 /HMC/ptbc_update_tm/GAUGE:gauge_derivative
# : Time for update_gauge 1.010756e-02 s level: 2 proc_id: 0 /HMC/ptbc_update_tm/update_gauge
# : Time for gauge_derivative 2.070902e-02 s level: 2 proc_id: 0 /HMC/ptbc_update_tm/GAUGE:gauge_derivative
# : Time for update_gauge 1.028683e-02 s level: 2 proc_id: 0 /HMC/ptbc_update_tm/update_gauge
# : Time for gauge_derivative 2.073188e-02 s level: 2 proc_id: 0 /HMC/ptbc_update_tm/GAUGE:gauge_derivative
# : Time for gauge_derivative 2.076062e-02 s level: 2 proc_id: 0 /HMC/ptbc_update_tm/GAUGE:gauge_derivative
# : Time for update_gauge 1.010478e-02 s level: 2 proc_id: 0 /HMC/ptbc_update_tm/update_gauge
# : Time for gauge_derivative 2.070783e-02 s level: 2 proc_id: 0 /HMC/ptbc_update_tm/GAUGE:gauge_derivative
# : Time for update_gauge 1.029421e-02 s level: 2 proc_id: 0 /HMC/ptbc_update_tm/update_gauge
# : Time for gauge_derivative 2.072487e-02 s level: 2 proc_id: 0 /HMC/ptbc_update_tm/GAUGE:gauge_derivative
# : Time for gauge_derivative 2.075972e-02 s level: 2 proc_id: 0 /HMC/ptbc_update_tm/GAUGE:gauge_derivative
# : Time for update_gauge 1.012439e-02 s level: 2 proc_id: 0 /HMC/ptbc_update_tm/update_gauge
# : Time for gauge_derivative 2.072454e-02 s level: 2 proc_id: 0 /HMC/ptbc_update_tm/GAUGE:gauge_derivative
# : Time for update_gauge 1.025372e-02 s level: 2 proc_id: 0 /HMC/ptbc_update_tm/update_gauge
# : Time for gauge_derivative 2.080836e-02 s level: 2 proc_id: 0 /HMC/ptbc_update_tm/GAUGE:gauge_derivative
# : Time for gauge_derivative 2.075590e-02 s level: 2 proc_id: 0 /HMC/ptbc_update_tm/GAUGE:gauge_derivative
# : Time for update_gauge 1.008963e-02 s level: 2 proc_id: 0 /HMC/ptbc_update_tm/update_gauge
# : Time for gauge_derivative 2.085463e-02 s level: 2 proc_id: 0 /HMC/ptbc_update_tm/GAUGE:gauge_derivative
# : Time for update_gauge 1.024015e-02 s level: 2 proc_id: 0 /HMC/ptbc_update_tm/update_gauge
# : Time for gauge_derivative 2.084316e-02 s level: 2 proc_id: 0 /HMC/ptbc_update_tm/GAUGE:gauge_derivative
# : Time for gauge_derivative 2.080953e-02 s level: 2 proc_id: 0 /HMC/ptbc_update_tm/GAUGE:gauge_derivative
# : Time for update_gauge 1.018345e-02 s level: 2 proc_id: 0 /HMC/ptbc_update_tm/update_gauge
# : Time for gauge_derivative 2.083336e-02 s level: 2 proc_id: 0 /HMC/ptbc_update_tm/GAUGE:gauge_derivative
# : Time for update_gauge 1.034145e-02 s level: 2 proc_id: 0 /HMC/ptbc_update_tm/update_gauge
# : Time for gauge_derivative 2.076547e-02 s level: 2 proc_id: 0 /HMC/ptbc_update_tm/GAUGE:gauge_derivative
# : Time for gauge_derivative 2.081782e-02 s level: 2 proc_id: 0 /HMC/ptbc_update_tm/GAUGE:gauge_derivative
# : Time for update_gauge 1.025314e-02 s level: 2 proc_id: 0 /HMC/ptbc_update_tm/update_gauge
# : Time for gauge_derivative 2.069936e-02 s level: 2 proc_id: 0 /HMC/ptbc_update_tm/GAUGE:gauge_derivative
# : Time for update_gauge 1.027432e-02 s level: 2 proc_id: 0 /HMC/ptbc_update_tm/update_gauge
# : Time for gauge_derivative 2.074097e-02 s level: 2 proc_id: 0 /HMC/ptbc_update_tm/GAUGE:gauge_derivative
# : Time for gauge_derivative 2.080080e-02 s level: 2 proc_id: 0 /HMC/ptbc_update_tm/GAUGE:gauge_derivative
# : Time for update_gauge 1.028657e-02 s level: 2 proc_id: 0 /HMC/ptbc_update_tm/update_gauge
# : Time for gauge_derivative 2.081598e-02 s level: 2 proc_id: 0 /HMC/ptbc_update_tm/GAUGE:gauge_derivative
# : Time for update_gauge 1.025697e-02 s level: 2 proc_id: 0 /HMC/ptbc_update_tm/update_gauge
# : Time for gauge_derivative 2.087348e-02 s level: 2 proc_id: 0 /HMC/ptbc_update_tm/GAUGE:gauge_derivative
# : Time for gauge_derivative 2.107394e-02 s level: 2 proc_id: 0 /HMC/ptbc_update_tm/GAUGE:gauge_derivative
# : Time for update_gauge 1.009983e-02 s level: 2 proc_id: 0 /HMC/ptbc_update_tm/update_gauge
# : Time for gauge_derivative 2.071570e-02 s level: 2 proc_id: 0 /HMC/ptbc_update_tm/GAUGE:gauge_derivative
# : Time for update_gauge 1.027551e-02 s level: 2 proc_id: 0 /HMC/ptbc_update_tm/update_gauge
# : Time for gauge_derivative 2.075411e-02 s level: 2 proc_id: 0 /HMC/ptbc_update_tm/GAUGE:gauge_derivative
# : Time for gauge_derivative 2.078841e-02 s level: 2 proc_id: 0 /HMC/ptbc_update_tm/GAUGE:gauge_derivative
# : Time for update_gauge 1.026015e-02 s level: 2 proc_id: 0 /HMC/ptbc_update_tm/update_gauge
# : Time for gauge_derivative 2.081601e-02 s level: 2 proc_id: 0 /HMC/ptbc_update_tm/GAUGE:gauge_derivative
# : Time for update_gauge 1.029727e-02 s level: 2 proc_id: 0 /HMC/ptbc_update_tm/update_gauge
# : Time for gauge_derivative 2.071230e-02 s level: 2 proc_id: 0 /HMC/ptbc_update_tm/GAUGE:gauge_derivative
# : Time for gauge_derivative 2.074049e-02 s level: 2 proc_id: 0 /HMC/ptbc_update_tm/GAUGE:gauge_derivative
# : Time for update_gauge 1.013456e-02 s level: 2 proc_id: 0 /HMC/ptbc_update_tm/update_gauge
# : Time for gauge_derivative 2.078047e-02 s level: 2 proc_id: 0 /HMC/ptbc_update_tm/GAUGE:gauge_derivative
# : Time for update_gauge 1.022748e-02 s level: 2 proc_id: 0 /HMC/ptbc_update_tm/update_gauge
# : Time for gauge_derivative 2.083855e-02 s level: 2 proc_id: 0 /HMC/ptbc_update_tm/GAUGE:gauge_derivative
# : Time for gauge_derivative 2.077556e-02 s level: 2 proc_id: 0 /HMC/ptbc_update_tm/GAUGE:gauge_derivative
# : Time for update_gauge 1.014666e-02 s level: 2 proc_id: 0 /HMC/ptbc_update_tm/update_gauge
# : Time for gauge_derivative 2.065989e-02 s level: 2 proc_id: 0 /HMC/ptbc_update_tm/GAUGE:gauge_derivative
# : Time for update_gauge 1.025730e-02 s level: 2 proc_id: 0 /HMC/ptbc_update_tm/update_gauge
# : Time for gauge_derivative 2.086886e-02 s level: 2 proc_id: 0 /HMC/ptbc_update_tm/GAUGE:gauge_derivative
# : Time for gauge_derivative 2.074618e-02 s level: 2 proc_id: 0 /HMC/ptbc_update_tm/GAUGE:gauge_derivative
# : Time for update_gauge 1.021682e-02 s level: 2 proc_id: 0 /HMC/ptbc_update_tm/update_gauge
# : Time for gauge_derivative 2.081575e-02 s level: 2 proc_id: 0 /HMC/ptbc_update_tm/GAUGE:gauge_derivative
# : Time for update_gauge 1.025584e-02 s level: 2 proc_id: 0 /HMC/ptbc_update_tm/update_gauge
# : Time for gauge_derivative 2.093585e-02 s level: 2 proc_id: 0 /HMC/ptbc_update_tm/GAUGE:gauge_derivative
# : Time for gauge_derivative 2.077211e-02 s level: 2 proc_id: 0 /HMC/ptbc_update_tm/GAUGE:gauge_derivative
# : Time for update_gauge 1.014816e-02 s level: 2 proc_id: 0 /HMC/ptbc_update_tm/update_gauge
# : Time for gauge_derivative 2.079460e-02 s level: 2 proc_id: 0 /HMC/ptbc_update_tm/GAUGE:gauge_derivative
# : Time for update_gauge 1.025766e-02 s level: 2 proc_id: 0 /HMC/ptbc_update_tm/update_gauge
# : Time for gauge_derivative 2.092386e-02 s level: 2 proc_id: 0 /HMC/ptbc_update_tm/GAUGE:gauge_derivative
# : Time for gauge_derivative 2.084692e-02 s level: 2 proc_id: 0 /HMC/ptbc_update_tm/GAUGE:gauge_derivative
# : Time for update_gauge 1.010794e-02 s level: 2 proc_id: 0 /HMC/ptbc_update_tm/update_gauge
# : Time for gauge_derivative 2.082054e-02 s level: 2 proc_id: 0 /HMC/ptbc_update_tm/GAUGE:gauge_derivative
# : Time for update_gauge 1.023737e-02 s level: 2 proc_id: 0 /HMC/ptbc_update_tm/update_gauge
# : Time for gauge_derivative 2.069358e-02 s level: 2 proc_id: 0 /HMC/ptbc_update_tm/GAUGE:gauge_derivative
# : Time for gauge_derivative 2.084601e-02 s level: 2 proc_id: 0 /HMC/ptbc_update_tm/GAUGE:gauge_derivative
# : Time for update_gauge 1.018378e-02 s level: 2 proc_id: 0 /HMC/ptbc_update_tm/update_gauge
# : Time for gauge_derivative 2.103274e-02 s level: 2 proc_id: 0 /HMC/ptbc_update_tm/GAUGE:gauge_derivative
# : Time for update_gauge 1.024427e-02 s level: 2 proc_id: 0 /HMC/ptbc_update_tm/update_gauge
# : Time for gauge_derivative 2.080711e-02 s level: 2 proc_id: 0 /HMC/ptbc_update_tm/GAUGE:gauge_derivative
# : Time for gauge_derivative 2.083593e-02 s level: 2 proc_id: 0 /HMC/ptbc_update_tm/GAUGE:gauge_derivative
# : Time for update_gauge 1.034376e-02 s level: 2 proc_id: 0 /HMC/ptbc_update_tm/update_gauge
# : Time for gauge_derivative 2.073210e-02 s level: 2 proc_id: 0 /HMC/ptbc_update_tm/GAUGE:gauge_derivative
# : Time for update_gauge 1.025887e-02 s level: 2 proc_id: 0 /HMC/ptbc_update_tm/update_gauge
# : Time for gauge_derivative 2.074690e-02 s level: 2 proc_id: 0 /HMC/ptbc_update_tm/GAUGE:gauge_derivative
# : Time for gauge_derivative 2.071931e-02 s level: 2 proc_id: 0 /HMC/ptbc_update_tm/GAUGE:gauge_derivative
# : Time for update_gauge 1.021420e-02 s level: 2 proc_id: 0 /HMC/ptbc_update_tm/update_gauge
# : Time for gauge_derivative 2.086700e-02 s level: 2 proc_id: 0 /HMC/ptbc_update_tm/GAUGE:gauge_derivative
# : Time for update_gauge 1.026421e-02 s level: 2 proc_id: 0 /HMC/ptbc_update_tm/update_gauge
# : Time for gauge_derivative 2.079890e-02 s level: 2 proc_id: 0 /HMC/ptbc_update_tm/GAUGE:gauge_derivative
# : Time for gauge_derivative 2.077676e-02 s level: 2 proc_id: 0 /HMC/ptbc_update_tm/GAUGE:gauge_derivative
# : Time for update_gauge 1.015083e-02 s level: 2 proc_id: 0 /HMC/ptbc_update_tm/update_gauge
# : Time for gauge_derivative 2.074099e-02 s level: 2 proc_id: 0 /HMC/ptbc_update_tm/GAUGE:gauge_derivative
# : Time for gauge_acc 5.115009e-03 s level: 2 proc_id: 0 /HMC/ptbc_update_tm/GAUGE:gauge_acc
# Trajectory is accepted.
# inst1: Time for ptbc_update_tm 2.673090e+00 s level: 1 proc_id: 0 /HMC/ptbc_update_tm
# inst1: Time for ptbc_swap_dh 1.030951e-02 s level: 2 proc_id: 0 /HMC/ptbc_swap/ptbc_swap_dh
[swap_link] inst 1 <-> 2: own_diff=1.103562e+01 partner_diff=-4.966129e+00 total_diff=6.069494e+00 expmdh=2.312344e-03 random number=6.057165e-01 accept=0
# inst1: Time for ptbc_swap_dh 1.020134e-02 s level: 2 proc_id: 0 /HMC/ptbc_swap/ptbc_swap_dh
# inst1: Time for ptbc_swap 3.133980e-02 s level: 1 proc_id: 0 /HMC/ptbc_swap

I am step 3 instance 1 rank 1 
# Writing gauge field to .conf.t00003.tmp.
# Constructing LEMON writer for file .conf.t00003.tmp for append = 0
# Time spent writing 2.36 Mb was 61.1 ms.
# Writing speed: 38.6 Mb/s (38.6 Mb/s per MPI process).
# Scidac checksums for gaugefield .conf.t00003.tmp:
#   Calculated            : A = 0x732bec85 B = 0x45886c33.
# Write completed, verifying write...
# Constructing LEMON reader for file .conf.t00003.tmp ...
# Time spent reading 2.36 Mb was 502 us.
# Reading speed: 4.70 Gb/s (4.70 Gb/s per MPI process).
# Scidac checksums for gaugefield .conf.t00003.tmp:
#   Calculated            : A = 0x732bec85 B = 0x45886c33.
#   Read from LIME headers: A = 0x732bec85 B = 0x45886c33.
# Reading ildg-format record:
#   Precision = 64 bits (double).
#   Lattice size: LX = 8, LY = 8, LZ = 8, LT = 8.
# Input parameters:
#   Precision = 64 bits (double).
#   Lattice size: LX = 8, LY = 8, LZ = 8, LT = 8.
# Write successfully verified.
# Renaming .conf.t00003.tmp to conf.save.
#
# Starting trajectory no 4
# : Time for gauge_heatbath 5.195251e-03 s level: 2 proc_id: 0 /HMC/ptbc_update_tm/GAUGE:gauge_heatbath
# : Time for gauge_derivative 2.071559e-02 s level: 2 proc_id: 0 /HMC/ptbc_update_tm/GAUGE:gauge_derivative
# : Time for update_gauge 1.052101e-02 s level: 2 proc_id: 0 /HMC/ptbc_update_tm/update_gauge
# : Time for gauge_derivative 2.066695e-02 s level: 2 proc_id: 0 /HMC/ptbc_update_tm/GAUGE:gauge_derivative
# : Time for gauge_derivative 2.085961e-02 s level: 2 proc_id: 0 /HMC/ptbc_update_tm/GAUGE:gauge_derivative
# : Time for update_gauge 1.027787e-02 s level: 2 proc_id: 0 /HMC/ptbc_update_tm/update_gauge
# : Time for gauge_derivative 2.078347e-02 s level: 2 proc_id: 0 /HMC/ptbc_update_tm/GAUGE:gauge_derivative
# : Time for update_gauge 1.033796e-02 s level: 2 proc_id: 0 /HMC/ptbc_update_tm/update_gauge
# : Time for gauge_derivative 2.071038e-02 s level: 2 proc_id: 0 /HMC/ptbc_update_tm/GAUGE:gauge_derivative
# : Time for gauge_derivative 2.073375e-02 s level: 2 proc_id: 0 /HMC/ptbc_update_tm/GAUGE:gauge_derivative
# : Time for update_gauge 1.006876e-02 s level: 2 proc_id: 0 /HMC/ptbc_update_tm/update_gauge
# : Time for gauge_derivative 2.073597e-02 s level: 2 proc_id: 0 /HMC/ptbc_update_tm/GAUGE:gauge_derivative
# : Time for update_gauge 1.026667e-02 s level: 2 proc_id: 0 /HMC/ptbc_update_tm/update_gauge
# : Time for gauge_derivative 2.071120e-02 s level: 2 proc_id: 0 /HMC/ptbc_update_tm/GAUGE:gauge_derivative
# : Time for gauge_derivative 2.075440e-02 s level: 2 proc_id: 0 /HMC/ptbc_update_tm/GAUGE:gauge_derivative
# : Time for update_gauge 5.080522e-02 s level: 2 proc_id: 0 /HMC/ptbc_update_tm/update_gauge
# : Time for gauge_derivative 2.088777e-02 s level: 2 proc_id: 0 /HMC/ptbc_update_tm/GAUGE:gauge_derivative
# : Time for update_gauge 1.023602e-02 s level: 2 proc_id: 0 /HMC/ptbc_update_tm/update_gauge
# : Time for gauge_derivative 2.068445e-02 s level: 2 proc_id: 0 /HMC/ptbc_update_tm/GAUGE:gauge_derivative
# : Time for gauge_derivative 2.067995e-02 s level: 2 proc_id: 0 /HMC/ptbc_update_tm/GAUGE:gauge_derivative
# : Time for update_gauge 1.008036e-02 s level: 2 proc_id: 0 /HMC/ptbc_update_tm/update_gauge
# : Time for gauge_derivative 2.070620e-02 s level: 2 proc_id: 0 /HMC/ptbc_update_tm/GAUGE:gauge_derivative
# : Time for update_gauge 1.032041e-02 s level: 2 proc_id: 0 /HMC/ptbc_update_tm/update_gauge
# : Time for gauge_derivative 2.080330e-02 s level: 2 proc_id: 0 /HMC/ptbc_update_tm/GAUGE:gauge_derivative
# : Time for gauge_derivative 2.082731e-02 s level: 2 proc_id: 0 /HMC/ptbc_update_tm/GAUGE:gauge_derivative
# : Time for update_gauge 1.027664e-02 s level: 2 proc_id: 0 /HMC/ptbc_update_tm/update_gauge
# : Time for gauge_derivative 2.071158e-02 s level: 2 proc_id: 0 /HMC/ptbc_update_tm/GAUGE:gauge_derivative
# : Time for update_gauge 1.029194e-02 s level: 2 proc_id: 0 /HMC/ptbc_update_tm/update_gauge
# : Time for gauge_derivative 2.075936e-02 s level: 2 proc_id: 0 /HMC/ptbc_update_tm/GAUGE:gauge_derivative
# : Time for gauge_derivative 2.075925e-02 s level: 2 proc_id: 0 /HMC/ptbc_update_tm/GAUGE:gauge_derivative
# : Time for update_gauge 1.021125e-02 s level: 2 proc_id: 0 /HMC/ptbc_update_tm/update_gauge
# : Time for gauge_derivative 2.075603e-02 s level: 2 proc_id: 0 /HMC/ptbc_update_tm/GAUGE:gauge_derivative
# : Time for update_gauge 1.024992e-02 s level: 2 proc_id: 0 /HMC/ptbc_update_tm/update_gauge
# : Time for gauge_derivative 2.076724e-02 s level: 2 proc_id: 0 /HMC/ptbc_update_tm/GAUGE:gauge_derivative
# : Time for gauge_derivative 2.069960e-02 s level: 2 proc_id: 0 /HMC/ptbc_update_tm/GAUGE:gauge_derivative
# : Time for update_gauge 1.006354e-02 s level: 2 proc_id: 0 /HMC/ptbc_update_tm/update_gauge
# : Time for gauge_derivative 2.070418e-02 s level: 2 proc_id: 0 /HMC/ptbc_update_tm/GAUGE:gauge_derivative
# : Time for update_gauge 1.025908e-02 s level: 2 proc_id: 0 /HMC/ptbc_update_tm/update_gauge
# : Time for gauge_derivative 2.076346e-02 s level: 2 proc_id: 0 /HMC/ptbc_update_tm/GAUGE:gauge_derivative
# : Time for gauge_derivative 2.083229e-02 s level: 2 proc_id: 0 /HMC/ptbc_update_tm/GAUGE:gauge_derivative
# : Time for update_gauge 1.024556e-02 s level: 2 proc_id: 0 /HMC/ptbc_update_tm/update_gauge
# : Time for gauge_derivative 2.076630e-02 s level: 2 proc_id: 0 /HMC/ptbc_update_tm/GAUGE:gauge_derivative
# : Time for update_gauge 1.022952e-02 s level: 2 proc_id: 0 /HMC/ptbc_update_tm/update_gauge
# : Time for gauge_derivative 2.066559e-02 s level: 2 proc_id: 0 /HMC/ptbc_update_tm/GAUGE:gauge_derivative
# : Time for gauge_derivative 2.073736e-02 s level: 2 proc_id: 0 /HMC/ptbc_update_tm/GAUGE:gauge_derivative
# : Time for update_gauge 1.015955e-02 s level: 2 proc_id: 0 /HMC/ptbc_update_tm/update_gauge
# : Time for gauge_derivative 2.076247e-02 s level: 2 proc_id: 0 /HMC/ptbc_update_tm/GAUGE:gauge_derivative
# : Time for update_gauge 1.022997e-02 s level: 2 proc_id: 0 /HMC/ptbc_update_tm/update_gauge
# : Time for gauge_derivative 2.081278e-02 s level: 2 proc_id: 0 /HMC/ptbc_update_tm/GAUGE:gauge_derivative
# : Time for gauge_derivative 2.084125e-02 s level: 2 proc_id: 0 /HMC/ptbc_update_tm/GAUGE:gauge_derivative
# : Time for update_gauge 1.011463e-02 s level: 2 proc_id: 0 /HMC/ptbc_update_tm/update_gauge
# : Time for gauge_derivative 2.068884e-02 s level: 2 proc_id: 0 /HMC/ptbc_update_tm/GAUGE:gauge_derivative
# : Time for update_gauge 1.024771e-02 s level: 2 proc_id: 0 /HMC/ptbc_update_tm/update_gauge
# : Time for gauge_derivative 2.078887e-02 s level: 2 proc_id: 0 /HMC/ptbc_update_tm/GAUGE:gauge_derivative
# : Time for gauge_derivative 2.092943e-02 s level: 2 proc_id: 0 /HMC/ptbc_update_tm/GAUGE:gauge_derivative
# : Time for update_gauge 1.023849e-02 s level: 2 proc_id: 0 /HMC/ptbc_update_tm/update_gauge
# : Time for gauge_derivative 2.065510e-02 s level: 2 proc_id: 0 /HMC/ptbc_update_tm/GAUGE:gauge_derivative
# : Time for update_gauge 1.021291e-02 s level: 2 proc_id: 0 /HMC/ptbc_update_tm/update_gauge
# : Time for gauge_derivative 2.077044e-02 s level: 2 proc_id: 0 /HMC/ptbc_update_tm/GAUGE:gauge_derivative
# : Time for gauge_derivative 2.076192e-02 s level: 2 proc_id: 0 /HMC/ptbc_update_tm/GAUGE:gauge_derivative
# : Time for update_gauge 1.009632e-02 s level: 2 proc_id: 0 /HMC/ptbc_update_tm/update_gauge
# : Time for gauge_derivative 2.071923e-02 s level: 2 proc_id: 0 /HMC/ptbc_update_tm/GAUGE:gauge_derivative
# : Time for update_gauge 1.021601e-02 s level: 2 proc_id: 0 /HMC/ptbc_update_tm/update_gauge
# : Time for gauge_derivative 2.072889e-02 s level: 2 proc_id: 0 /HMC/ptbc_update_tm/GAUGE:gauge_derivative
# : Time for gauge_derivative 2.076499e-02 s level: 2 proc_id: 0 /HMC/ptbc_update_tm/GAUGE:gauge_derivative
# : Time for update_gauge 1.012312e-02 s level: 2 proc_id: 0 /HMC/ptbc_update_tm/update_gauge
# : Time for gauge_derivative 2.083461e-02 s level: 2 proc_id: 0 /HMC/ptbc_update_tm/GAUGE:gauge_derivative
# : Time for update_gauge 1.020672e-02 s level: 2 proc_id: 0 /HMC/ptbc_update_tm/update_gauge
# : Time for gauge_derivative 2.076815e-02 s level: 2 proc_id: 0 /HMC/ptbc_update_tm/GAUGE:gauge_derivative
# : Time for gauge_derivative 2.071817e-02 s level: 2 proc_id: 0 /HMC/ptbc_update_tm/GAUGE:gauge_derivative
# : Time for update_gauge 1.017105e-02 s level: 2 proc_id: 0 /HMC/ptbc_update_tm/update_gauge
# : Time for gauge_derivative 2.071541e-02 s level: 2 proc_id: 0 /HMC/ptbc_update_tm/GAUGE:gauge_derivative
# : Time for update_gauge 1.023177e-02 s level: 2 proc_id: 0 /HMC/ptbc_update_tm/update_gauge
# : Time for gauge_derivative 2.078470e-02 s level: 2 proc_id: 0 /HMC/ptbc_update_tm/GAUGE:gauge_derivative
# : Time for gauge_derivative 2.084775e-02 s level: 2 proc_id: 0 /HMC/ptbc_update_tm/GAUGE:gauge_derivative
# : Time for update_gauge 1.012718e-02 s level: 2 proc_id: 0 /HMC/ptbc_update_tm/update_gauge
# : Time for gauge_derivative 2.078905e-02 s level: 2 proc_id: 0 /HMC/ptbc_update_tm/GAUGE:gauge_derivative
# : Time for update_gauge 1.023857e-02 s level: 2 proc_id: 0 /HMC/ptbc_update_tm/update_gauge
# : Time for gauge_derivative 2.080018e-02 s level: 2 proc_id: 0 /HMC/ptbc_update_tm/GAUGE:gauge_derivative
# : Time for gauge_derivative 2.076753e-02 s level: 2 proc_id: 0 /HMC/ptbc_update_tm/GAUGE:gauge_derivative
# : Time for update_gauge 1.009666e-02 s level: 2 proc_id: 0 /HMC/ptbc_update_tm/update_gauge
# : Time for gauge_derivative 2.071037e-02 s level: 2 proc_id: 0 /HMC/ptbc_update_tm/GAUGE:gauge_derivative
# : Time for update_gauge 1.021180e-02 s level: 2 proc_id: 0 /HMC/ptbc_update_tm/update_gauge
# : Time for gauge_derivative 2.072073e-02 s level: 2 proc_id: 0 /HMC/ptbc_update_tm/GAUGE:gauge_derivative
# : Time for gauge_derivative 2.075815e-02 s level: 2 proc_id: 0 /HMC/ptbc_update_tm/GAUGE:gauge_derivative
# : Time for update_gauge 1.003471e-02 s level: 2 proc_id: 0 /HMC/ptbc_update_tm/update_gauge
# : Time for gauge_derivative 2.085676e-02 s level: 2 proc_id: 0 /HMC/ptbc_update_tm/GAUGE:gauge_derivative
# : Time for update_gauge 1.021363e-02 s level: 2 proc_id: 0 /HMC/ptbc_update_tm/update_gauge
# : Time for gauge_derivative 2.073303e-02 s level: 2 proc_id: 0 /HMC/ptbc_update_tm/GAUGE:gauge_derivative
# : Time for gauge_derivative 2.079680e-02 s level: 2 proc_id: 0 /HMC/ptbc_update_tm/GAUGE:gauge_derivative
# : Time for update_gauge 1.017736e-02 s level: 2 proc_id: 0 /HMC/ptbc_update_tm/update_gauge
# : Time for gauge_derivative 2.071385e-02 s level: 2 proc_id: 0 /HMC/ptbc_update_tm/GAUGE:gauge_derivative
# : Time for update_gauge 1.021913e-02 s level: 2 proc_id: 0 /HMC/ptbc_update_tm/update_gauge
# : Time for gauge_derivative 2.086116e-02 s level: 2 proc_id: 0 /HMC/ptbc_update_tm/GAUGE:gauge_derivative
# : Time for gauge_derivative 2.070188e-02 s level: 2 proc_id: 0 /HMC/ptbc_update_tm/GAUGE:gauge_derivative
# : Time for update_gauge 1.017481e-02 s level: 2 proc_id: 0 /HMC/ptbc_update_tm/update_gauge
# : Time for gauge_derivative 2.068615e-02 s level: 2 proc_id: 0 /HMC/ptbc_update_tm/GAUGE:gauge_derivative
# : Time for update_gauge 1.021569e-02 s level: 2 proc_id: 0 /HMC/ptbc_update_tm/update_gauge
# : Time for gauge_derivative 2.294727e-02 s level: 2 proc_id: 0 /HMC/ptbc_update_tm/GAUGE:gauge_derivative
# : Time for gauge_derivative 2.066415e-02 s level: 2 proc_id: 0 /HMC/ptbc_update_tm/GAUGE:gauge_derivative
# : Time for update_gauge 1.016904e-02 s level: 2 proc_id: 0 /HMC/ptbc_update_tm/update_gauge
# : Time for gauge_derivative 2.069549e-02 s level: 2 proc_id: 0 /HMC/ptbc_update_tm/GAUGE:gauge_derivative
# : Time for update_gauge 1.022766e-02 s level: 2 proc_id: 0 /HMC/ptbc_update_tm/update_gauge
# : Time for gauge_derivative 2.069835e-02 s level: 2 proc_id: 0 /HMC/ptbc_update_tm/GAUGE:gauge_derivative
# : Time for gauge_derivative 2.068685e-02 s level: 2 proc_id: 0 /HMC/ptbc_update_tm/GAUGE:gauge_derivative
# : Time for update_gauge 1.022608e-02 s level: 2 proc_id: 0 /HMC/ptbc_update_tm/update_gauge
# : Time for gauge_derivative 2.085937e-02 s level: 2 proc_id: 0 /HMC/ptbc_update_tm/GAUGE:gauge_derivative
# : Time for update_gauge 1.023740e-02 s level: 2 proc_id: 0 /HMC/ptbc_update_tm/update_gauge
# : Time for gauge_derivative 2.079067e-02 s level: 2 proc_id: 0 /HMC/ptbc_update_tm/GAUGE:gauge_derivative
# : Time for gauge_derivative 2.068973e-02 s level: 2 proc_id: 0 /HMC/ptbc_update_tm/GAUGE:gauge_derivative
# : Time for update_gauge 1.023946e-02 s level: 2 proc_id: 0 /HMC/ptbc_update_tm/update_gauge
# : Time for gauge_derivative 2.070550e-02 s level: 2 proc_id: 0 /HMC/ptbc_update_tm/GAUGE:gauge_derivative
# : Time for update_gauge 1.028381e-02 s level: 2 proc_id: 0 /HMC/ptbc_update_tm/update_gauge
# : Time for gauge_derivative 2.066611e-02 s level: 2 proc_id: 0 /HMC/ptbc_update_tm/GAUGE:gauge_derivative
# : Time for gauge_derivative 2.082205e-02 s level: 2 proc_id: 0 /HMC/ptbc_update_tm/GAUGE:gauge_derivative
# : Time for update_gauge 1.015608e-02 s level: 2 proc_id: 0 /HMC/ptbc_update_tm/update_gauge
# : Time for gauge_derivative 2.074856e-02 s level: 2 proc_id: 0 /HMC/ptbc_update_tm/GAUGE:gauge_derivative
# : Time for update_gauge 1.023054e-02 s level: 2 proc_id: 0 /HMC/ptbc_update_tm/update_gauge
# : Time for gauge_derivative 2.069457e-02 s level: 2 proc_id: 0 /HMC/ptbc_update_tm/GAUGE:gauge_derivative
# : Time for gauge_derivative 2.093115e-02 s level: 2 proc_id: 0 /HMC/ptbc_update_tm/GAUGE:gauge_derivative
# : Time for update_gauge 1.010247e-02 s level: 2 proc_id: 0 /HMC/ptbc_update_tm/update_gauge
# : Time for gauge_derivative 2.074047e-02 s level: 2 proc_id: 0 /HMC/ptbc_update_tm/GAUGE:gauge_derivative
# : Time for gauge_acc 5.098030e-03 s level: 2 proc_id: 0 /HMC/ptbc_update_tm/GAUGE:gauge_acc
# Trajectory is accepted.
# inst1: Time for ptbc_update_tm 2.526659e+00 s level: 1 proc_id: 0 /HMC/ptbc_update_tm
# inst1: Time for ptbc_swap_dh 1.033146e-02 s level: 2 proc_id: 0 /HMC/ptbc_swap/ptbc_swap_dh
# inst1: Time for ptbc_swap_dh 1.008993e-02 s level: 2 proc_id: 0 /HMC/ptbc_swap/ptbc_swap_dh
[swap_link] inst 1 <-> 2: own_diff=2.124498e+01 partner_diff=-4.991524e+00 total_diff=1.625346e+01 expmdh=8.733986e-08 random number=6.967941e-01 accept=0
# inst1: Time for ptbc_swap 3.167378e-02 s level: 1 proc_id: 0 /HMC/ptbc_swap

I am step 4 instance 1 rank 1 
# Writing gauge field to .conf.t00004.tmp.
# Constructing LEMON writer for file .conf.t00004.tmp for append = 0
# Time spent writing 2.36 Mb was 78.8 ms.
# Writing speed: 29.9 Mb/s (29.9 Mb/s per MPI process).
# Scidac checksums for gaugefield .conf.t00004.tmp:
#   Calculated            : A = 0x5ec4bbb8 B = 0x90bb79c8.
# Write completed, verifying write...
# Constructing LEMON reader for file .conf.t00004.tmp ...
# Time spent reading 2.36 Mb was 903 us.
# Reading speed: 2.61 Gb/s (2.61 Gb/s per MPI process).
# Scidac checksums for gaugefield .conf.t00004.tmp:
#   Calculated            : A = 0x5ec4bbb8 B = 0x90bb79c8.
#   Read from LIME headers: A = 0x5ec4bbb8 B = 0x90bb79c8.
# Reading ildg-format record:
#   Precision = 64 bits (double).
#   Lattice size: LX = 8, LY = 8, LZ = 8, LT = 8.
# Input parameters:
#   Precision = 64 bits (double).
#   Lattice size: LX = 8, LY = 8, LZ = 8, LT = 8.
# Write successfully verified.
# Renaming .conf.t00004.tmp to conf.save.
#
# Starting trajectory no 5
# : Time for gauge_heatbath 5.246221e-03 s level: 2 proc_id: 0 /HMC/ptbc_update_tm/GAUGE:gauge_heatbath
# : Time for gauge_derivative 2.081953e-02 s level: 2 proc_id: 0 /HMC/ptbc_update_tm/GAUGE:gauge_derivative
# : Time for update_gauge 1.046711e-02 s level: 2 proc_id: 0 /HMC/ptbc_update_tm/update_gauge
# : Time for gauge_derivative 2.079057e-02 s level: 2 proc_id: 0 /HMC/ptbc_update_tm/GAUGE:gauge_derivative
# : Time for gauge_derivative 2.073140e-02 s level: 2 proc_id: 0 /HMC/ptbc_update_tm/GAUGE:gauge_derivative
# : Time for update_gauge 1.018492e-02 s level: 2 proc_id: 0 /HMC/ptbc_update_tm/update_gauge
# : Time for gauge_derivative 2.069542e-02 s level: 2 proc_id: 0 /HMC/ptbc_update_tm/GAUGE:gauge_derivative
# : Time for update_gauge 1.024782e-02 s level: 2 proc_id: 0 /HMC/ptbc_update_tm/update_gauge
# : Time for gauge_derivative 2.080259e-02 s level: 2 proc_id: 0 /HMC/ptbc_update_tm/GAUGE:gauge_derivative
# : Time for gauge_derivative 2.084647e-02 s level: 2 proc_id: 0 /HMC/ptbc_update_tm/GAUGE:gauge_derivative
# : Time for update_gauge 1.002278e-02 s level: 2 proc_id: 0 /HMC/ptbc_update_tm/update_gauge
# : Time for gauge_derivative 2.074026e-02 s level: 2 proc_id: 0 /HMC/ptbc_update_tm/GAUGE:gauge_derivative
# : Time for update_gauge 1.023855e-02 s level: 2 proc_id: 0 /HMC/ptbc_update_tm/update_gauge
# : Time for gauge_derivative 2.073483e-02 s level: 2 proc_id: 0 /HMC/ptbc_update_tm/GAUGE:gauge_derivative
# : Time for gauge_derivative 2.068337e-02 s level: 2 proc_id: 0 /HMC/ptbc_update_tm/GAUGE:gauge_derivative
# : Time for update_gauge 1.009201e-02 s level: 2 proc_id: 0 /HMC/ptbc_update_tm/update_gauge
# : Time for gauge_derivative 2.068963e-02 s level: 2 proc_id: 0 /HMC/ptbc_update_tm/GAUGE:gauge_derivative
# : Time for update_gauge 1.026694e-02 s level: 2 proc_id: 0 /HMC/ptbc_update_tm/update_gauge
# : Time for gauge_derivative 2.069008e-02 s level: 2 proc_id: 0 /HMC/ptbc_update_tm/GAUGE:gauge_derivative
# : Time for gauge_derivative 2.088459e-02 s level: 2 proc_id: 0 /HMC/ptbc_update_tm/GAUGE:gauge_derivative
# : Time for update_gauge 1.025236e-02 s level: 2 proc_id: 0 /HMC/ptbc_update_tm/update_gauge
# : Time for gauge_derivative 2.067557e-02 s level: 2 proc_id: 0 /HMC/ptbc_update_tm/GAUGE:gauge_derivative
# : Time for update_gauge 1.027078e-02 s level: 2 proc_id: 0 /HMC/ptbc_update_tm/update_gauge
# : Time for gauge_derivative 2.094413e-02 s level: 2 proc_id: 0 /HMC/ptbc_update_tm/GAUGE:gauge_derivative
# : Time for gauge_derivative 2.068527e-02 s level: 2 proc_id: 0 /HMC/ptbc_update_tm/GAUGE:gauge_derivative
# : Time for update_gauge 1.012427e-02 s level: 2 proc_id: 0 /HMC/ptbc_update_tm/update_gauge
# : Time for gauge_derivative 2.076685e-02 s level: 2 proc_id: 0 /HMC/ptbc_update_tm/GAUGE:gauge_derivative
# : Time for update_gauge 1.023450e-02 s level: 2 proc_id: 0 /HMC/ptbc_update_tm/update_gauge
# : Time for gauge_derivative 2.108567e-02 s level: 2 proc_id: 0 /HMC/ptbc_update_tm/GAUGE:gauge_derivative
# : Time for gauge_derivative 2.070257e-02 s level: 2 proc_id: 0 /HMC/ptbc_update_tm/GAUGE:gauge_derivative
# : Time for update_gauge 1.021150e-02 s level: 2 proc_id: 0 /HMC/ptbc_update_tm/update_gauge
# : Time for gauge_derivative 2.068537e-02 s level: 2 proc_id: 0 /HMC/ptbc_update_tm/GAUGE:gauge_derivative
# : Time for update_gauge 1.030597e-02 s level: 2 proc_id: 0 /HMC/ptbc_update_tm/update_gauge
# : Time for gauge_derivative 2.082704e-02 s level: 2 proc_id: 0 /HMC/ptbc_update_tm/GAUGE:gauge_derivative
# : Time for gauge_derivative 2.080587e-02 s level: 2 proc_id: 0 /HMC/ptbc_update_tm/GAUGE:gauge_derivative
# : Time for update_gauge 1.018520e-02 s level: 2 proc_id: 0 /HMC/ptbc_update_tm/update_gauge
# : Time for gauge_derivative 2.064745e-02 s level: 2 proc_id: 0 /HMC/ptbc_update_tm/GAUGE:gauge_derivative
# : Time for update_gauge 1.025521e-02 s level: 2 proc_id: 0 /HMC/ptbc_update_tm/update_gauge
# : Time for gauge_derivative 2.067753e-02 s level: 2 proc_id: 0 /HMC/ptbc_update_tm/GAUGE:gauge_derivative
# : Time for gauge_derivative 2.071833e-02 s level: 2 proc_id: 0 /HMC/ptbc_update_tm/GAUGE:gauge_derivative
# : Time for update_gauge 1.010810e-02 s level: 2 proc_id: 0 /HMC/ptbc_update_tm/update_gauge
# : Time for gauge_derivative 2.079757e-02 s level: 2 proc_id: 0 /HMC/ptbc_update_tm/GAUGE:gauge_derivative
# : Time for update_gauge 1.023782e-02 s level: 2 proc_id: 0 /HMC/ptbc_update_tm/update_gauge
# : Time for gauge_derivative 2.073113e-02 s level: 2 proc_id: 0 /HMC/ptbc_update_tm/GAUGE:gauge_derivative
# : Time for gauge_derivative 2.081708e-02 s level: 2 proc_id: 0 /HMC/ptbc_update_tm/GAUGE:gauge_derivative
# : Time for update_gauge 1.022086e-02 s level: 2 proc_id: 0 /HMC/ptbc_update_tm/update_gauge
# : Time for gauge_derivative 2.063738e-02 s level: 2 proc_id: 0 /HMC/ptbc_update_tm/GAUGE:gauge_derivative
# : Time for update_gauge 1.026336e-02 s level: 2 proc_id: 0 /HMC/ptbc_update_tm/update_gauge
# : Time for gauge_derivative 2.085693e-02 s level: 2 proc_id: 0 /HMC/ptbc_update_tm/GAUGE:gauge_derivative
# : Time for gauge_derivative 2.067932e-02 s level: 2 proc_id: 0 /HMC/ptbc_update_tm/GAUGE:gauge_derivative
# : Time for update_gauge 1.006096e-02 s level: 2 proc_id: 0 /HMC/ptbc_update_tm/update_gauge
# : Time for gauge_derivative 2.080778e-02 s level: 2 proc_id: 0 /HMC/ptbc_update_tm/GAUGE:gauge_derivative
# : Time for update_gauge 1.025591e-02 s level: 2 proc_id: 0 /HMC/ptbc_update_tm/update_gauge
# : Time for gauge_derivative 2.084003e-02 s level: 2 proc_id: 0 /HMC/ptbc_update_tm/GAUGE:gauge_derivative
# : Time for gauge_derivative 2.072023e-02 s level: 2 proc_id: 0 /HMC/ptbc_update_tm/GAUGE:gauge_derivative
# : Time for update_gauge 1.009185e-02 s level: 2 proc_id: 0 /HMC/ptbc_update_tm/update_gauge
# : Time for gauge_derivative 2.080949e-02 s level: 2 proc_id: 0 /HMC/ptbc_update_tm/GAUGE:gauge_derivative
# : Time for update_gauge 1.023858e-02 s level: 2 proc_id: 0 /HMC/ptbc_update_tm/update_gauge
# : Time for gauge_derivative 2.069801e-02 s level: 2 proc_id: 0 /HMC/ptbc_update_tm/GAUGE:gauge_derivative
# : Time for gauge_derivative 2.070869e-02 s level: 2 proc_id: 0 /HMC/ptbc_update_tm/GAUGE:gauge_derivative
# : Time for update_gauge 1.012795e-02 s level: 2 proc_id: 0 /HMC/ptbc_update_tm/update_gauge
# : Time for gauge_derivative 2.072161e-02 s level: 2 proc_id: 0 /HMC/ptbc_update_tm/GAUGE:gauge_derivative
# : Time for update_gauge 1.027313e-02 s level: 2 proc_id: 0 /HMC/ptbc_update_tm/update_gauge
# : Time for gauge_derivative 2.076270e-02 s level: 2 proc_id: 0 /HMC/ptbc_update_tm/GAUGE:gauge_derivative
# : Time for gauge_derivative 2.080165e-02 s level: 2 proc_id: 0 /HMC/ptbc_update_tm/GAUGE:gauge_derivative
# : Time for update_gauge 2.684347e-02 s level: 2 proc_id: 0 /HMC/ptbc_update_tm/update_gauge
# : Time for gauge_derivative 2.064491e-02 s level: 2 proc_id: 0 /HMC/ptbc_update_tm/GAUGE:gauge_derivative
# : Time for update_gauge 1.024759e-02 s level: 2 proc_id: 0 /HMC/ptbc_update_tm/update_gauge
# : Time for gauge_derivative 2.082526e-02 s level: 2 proc_id: 0 /HMC/ptbc_update_tm/GAUGE:gauge_derivative
# : Time for gauge_derivative 2.069429e-02 s level: 2 proc_id: 0 /HMC/ptbc_update_tm/GAUGE:gauge_derivative
# : Time for update_gauge 1.009491e-02 s level: 2 proc_id: 0 /HMC/ptbc_update_tm/update_gauge
# : Time for gauge_derivative 2.079006e-02 s level: 2 proc_id: 0 /HMC/ptbc_update_tm/GAUGE:gauge_derivative
# : Time for update_gauge 1.027518e-02 s level: 2 proc_id: 0 /HMC/ptbc_update_tm/update_gauge
# : Time for gauge_derivative 2.071136e-02 s level: 2 proc_id: 0 /HMC/ptbc_update_tm/GAUGE:gauge_derivative
# : Time for gauge_derivative 2.066490e-02 s level: 2 proc_id: 0 /HMC/ptbc_update_tm/GAUGE:gauge_derivative
# : Time for update_gauge 1.024006e-02 s level: 2 proc_id: 0 /HMC/ptbc_update_tm/update_gauge
# : Time for gauge_derivative 2.075991e-02 s level: 2 proc_id: 0 /HMC/ptbc_update_tm/GAUGE:gauge_derivative
# : Time for update_gauge 1.041860e-02 s level: 2 proc_id: 0 /HMC/ptbc_update_tm/update_gauge
# : Time for gauge_derivative 2.081308e-02 s level: 2 proc_id: 0 /HMC/ptbc_update_tm/GAUGE:gauge_derivative
# : Time for gauge_derivative 2.081082e-02 s level: 2 proc_id: 0 /HMC/ptbc_update_tm/GAUGE:gauge_derivative
# : Time for update_gauge 1.021985e-02 s level: 2 proc_id: 0 /HMC/ptbc_update_tm/update_gauge
# : Time for gauge_derivative 2.071858e-02 s level: 2 proc_id: 0 /HMC/ptbc_update_tm/GAUGE:gauge_derivative
# : Time for update_gauge 1.024842e-02 s level: 2 proc_id: 0 /HMC/ptbc_update_tm/update_gauge
# : Time for gauge_derivative 2.071050e-02 s level: 2 proc_id: 0 /HMC/ptbc_update_tm/GAUGE:gauge_derivative
# : Time for gauge_derivative 2.073498e-02 s level: 2 proc_id: 0 /HMC/ptbc_update_tm/GAUGE:gauge_derivative
# : Time for update_gauge 1.022357e-02 s level: 2 proc_id: 0 /HMC/ptbc_update_tm/update_gauge
# : Time for gauge_derivative 2.067839e-02 s level: 2 proc_id: 0 /HMC/ptbc_update_tm/GAUGE:gauge_derivative
# : Time for update_gauge 1.037575e-02 s level: 2 proc_id: 0 /HMC/ptbc_update_tm/update_gauge
# : Time for gauge_derivative 2.065114e-02 s level: 2 proc_id: 0 /HMC/ptbc_update_tm/GAUGE:gauge_derivative
# : Time for gauge_derivative 2.066837e-02 s level: 2 proc_id: 0 /HMC/ptbc_update_tm/GAUGE:gauge_derivative
# : Time for update_gauge 1.023827e-02 s level: 2 proc_id: 0 /HMC/ptbc_update_tm/update_gauge
# : Time for gauge_derivative 2.062267e-02 s level: 2 proc_id: 0 /HMC/ptbc_update_tm/GAUGE:gauge_derivative
# : Time for update_gauge 1.022947e-02 s level: 2 proc_id: 0 /HMC/ptbc_update_tm/update_gauge
# : Time for gauge_derivative 2.083610e-02 s level: 2 proc_id: 0 /HMC/ptbc_update_tm/GAUGE:gauge_derivative
# : Time for gauge_derivative 2.072195e-02 s level: 2 proc_id: 0 /HMC/ptbc_update_tm/GAUGE:gauge_derivative
# : Time for update_gauge 1.010368e-02 s level: 2 proc_id: 0 /HMC/ptbc_update_tm/update_gauge
# : Time for gauge_derivative 2.081042e-02 s level: 2 proc_id: 0 /HMC/ptbc_update_tm/GAUGE:gauge_derivative
# : Time for update_gauge 1.026138e-02 s level: 2 proc_id: 0 /HMC/ptbc_update_tm/update_gauge
# : Time for gauge_derivative 2.081189e-02 s level: 2 proc_id: 0 /HMC/ptbc_update_tm/GAUGE:gauge_derivative
# : Time for gauge_derivative 2.079357e-02 s level: 2 proc_id: 0 /HMC/ptbc_update_tm/GAUGE:gauge_derivative
# : Time for update_gauge 1.010749e-02 s level: 2 proc_id: 0 /HMC/ptbc_update_tm/update_gauge
# : Time for gauge_derivative 2.080544e-02 s level: 2 proc_id: 0 /HMC/ptbc_update_tm/GAUGE:gauge_derivative
# : Time for update_gauge 1.025446e-02 s level: 2 proc_id: 0 /HMC/ptbc_update_tm/update_gauge
# : Time for gauge_derivative 2.067925e-02 s level: 2 proc_id: 0 /HMC/ptbc_update_tm/GAUGE:gauge_derivative
# : Time for gauge_derivative 2.070664e-02 s level: 2 proc_id: 0 /HMC/ptbc_update_tm/GAUGE:gauge_derivative
# : Time for update_gauge 1.008431e-02 s level: 2 proc_id: 0 /HMC/ptbc_update_tm/update_gauge
# : Time for gauge_derivative 2.076434e-02 s level: 2 proc_id: 0 /HMC/ptbc_update_tm/GAUGE:gauge_derivative
# : Time for update_gauge 1.024432e-02 s level: 2 proc_id: 0 /HMC/ptbc_update_tm/update_gauge
# : Time for gauge_derivative 2.083326e-02 s level: 2 proc_id: 0 /HMC/ptbc_update_tm/GAUGE:gauge_derivative
# : Time for gauge_derivative 2.067746e-02 s level: 2 proc_id: 0 /HMC/ptbc_update_tm/GAUGE:gauge_derivative
# : Time for update_gauge 1.011501e-02 s level: 2 proc_id: 0 /HMC/ptbc_update_tm/update_gauge
# : Time for gauge_derivative 2.079771e-02 s level: 2 proc_id: 0 /HMC/ptbc_update_tm/GAUGE:gauge_derivative
# : Time for update_gauge 1.031882e-02 s level: 2 proc_id: 0 /HMC/ptbc_update_tm/update_gauge
# : Time for gauge_derivative 2.074327e-02 s level: 2 proc_id: 0 /HMC/ptbc_update_tm/GAUGE:gauge_derivative
# : Time for gauge_derivative 2.078389e-02 s level: 2 proc_id: 0 /HMC/ptbc_update_tm/GAUGE:gauge_derivative
# : Time for update_gauge 1.011391e-02 s level: 2 proc_id: 0 /HMC/ptbc_update_tm/update_gauge
# : Time for gauge_derivative 2.072297e-02 s level: 2 proc_id: 0 /HMC/ptbc_update_tm/GAUGE:gauge_derivative
# : Time for update_gauge 1.025933e-02 s level: 2 proc_id: 0 /HMC/ptbc_update_tm/update_gauge
# : Time for gauge_derivative 2.076190e-02 s level: 2 proc_id: 0 /HMC/ptbc_update_tm/GAUGE:gauge_derivative
# : Time for gauge_derivative 2.077574e-02 s level: 2 proc_id: 0 /HMC/ptbc_update_tm/GAUGE:gauge_derivative
# : Time for update_gauge 1.008653e-02 s level: 2 proc_id: 0 /HMC/ptbc_update_tm/update_gauge
# : Time for gauge_derivative 2.072892e-02 s level: 2 proc_id: 0 /HMC/ptbc_update_tm/GAUGE:gauge_derivative
# : Time for gauge_acc 5.088759e-03 s level: 2 proc_id: 0 /HMC/ptbc_update_tm/GAUGE:gauge_acc
# Trajectory is accepted.
# inst1: Time for ptbc_update_tm 2.763224e+00 s level: 1 proc_id: 0 /HMC/ptbc_update_tm
# inst1: Time for ptbc_swap_dh 1.038816e-02 s level: 2 proc_id: 0 /HMC/ptbc_swap/ptbc_swap_dh
# inst1: Time for ptbc_swap_dh 1.013222e-02 s level: 2 proc_id: 0 /HMC/ptbc_swap/ptbc_swap_dh
[swap_link] inst 1 <-> 2: own_diff=1.676091e+01 partner_diff=-9.482235e+00 total_diff=7.278678e+00 expmdh=6.900972e-04 random number=3.009567e-01 accept=0
# inst1: Time for ptbc_swap 3.775810e-02 s level: 1 proc_id: 0 /HMC/ptbc_swap

I am step 5 instance 1 rank 1 
# Writing gauge field to .conf.t00005.tmp.
# Constructing LEMON writer for file .conf.t00005.tmp for append = 0
# Time spent writing 2.36 Mb was 98.1 ms.
# Writing speed: 24.1 Mb/s (24.1 Mb/s per MPI process).
# Scidac checksums for gaugefield .conf.t00005.tmp:
#   Calculated            : A = 0x9c37b5da B = 0xc522ce30.
# Write completed, verifying write...
# Constructing LEMON reader for file .conf.t00005.tmp ...
# Time spent reading 2.36 Mb was 480 us.
# Reading speed: 4.91 Gb/s (4.91 Gb/s per MPI process).
# Scidac checksums for gaugefield .conf.t00005.tmp:
#   Calculated            : A = 0x9c37b5da B = 0xc522ce30.
#   Read from LIME headers: A = 0x9c37b5da B = 0xc522ce30.
# Reading ildg-format record:
#   Precision = 64 bits (double).
#   Lattice size: LX = 8, LY = 8, LZ = 8, LT = 8.
# Input parameters:
#   Precision = 64 bits (double).
#   Lattice size: LX = 8, LY = 8, LZ = 8, LT = 8.
# Write successfully verified.
# Renaming .conf.t00005.tmp to conf.save.
#
# Starting trajectory no 6
# : Time for gauge_heatbath 5.142140e-03 s level: 2 proc_id: 0 /HMC/ptbc_update_tm/GAUGE:gauge_heatbath
# : Time for gauge_derivative 2.064544e-02 s level: 2 proc_id: 0 /HMC/ptbc_update_tm/GAUGE:gauge_derivative
# : Time for update_gauge 1.065370e-02 s level: 2 proc_id: 0 /HMC/ptbc_update_tm/update_gauge
# : Time for gauge_derivative 2.064131e-02 s level: 2 proc_id: 0 /HMC/ptbc_update_tm/GAUGE:gauge_derivative
# : Time for gauge_derivative 2.069602e-02 s level: 2 proc_id: 0 /HMC/ptbc_update_tm/GAUGE:gauge_derivative
# : Time for update_gauge 1.018290e-02 s level: 2 proc_id: 0 /HMC/ptbc_update_tm/update_gauge
# : Time for gauge_derivative 2.065106e-02 s level: 2 proc_id: 0 /HMC/ptbc_update_tm/GAUGE:gauge_derivative
# : Time for update_gauge 1.024221e-02 s level: 2 proc_id: 0 /HMC/ptbc_update_tm/update_gauge
# : Time for gauge_derivative 2.079127e-02 s level: 2 proc_id: 0 /HMC/ptbc_update_tm/GAUGE:gauge_derivative
# : Time for gauge_derivative 2.074936e-02 s level: 2 proc_id: 0 /HMC/ptbc_update_tm/GAUGE:gauge_derivative
# : Time for update_gauge 1.010634e-02 s level: 2 proc_id: 0 /HMC/ptbc_update_tm/update_gauge
# : Time for gauge_derivative 2.078770e-02 s level: 2 proc_id: 0 /HMC/ptbc_update_tm/GAUGE:gauge_derivative
# : Time for update_gauge 1.025224e-02 s level: 2 proc_id: 0 /HMC/ptbc_update_tm/update_gauge
# : Time for gauge_derivative 2.070555e-02 s level: 2 proc_id: 0 /HMC/ptbc_update_tm/GAUGE:gauge_derivative
# : Time for gauge_derivative 2.066809e-02 s level: 2 proc_id: 0 /HMC/ptbc_update_tm/GAUGE:gauge_derivative
# : Time for update_gauge 1.004566e-02 s level: 2 proc_id: 0 /HMC/ptbc_update_tm/update_gauge
# : Time for gauge_derivative 2.070858e-02 s level: 2 proc_id: 0 /HMC/ptbc_update_tm/GAUGE:gauge_derivative
# : Time for update_gauge 1.030074e-02 s level: 2 proc_id: 0 /HMC/ptbc_update_tm/update_gauge
# : Time for gauge_derivative 2.071812e-02 s level: 2 proc_id: 0 /HMC/ptbc_update_tm/GAUGE:gauge_derivative
# : Time for gauge_derivative 2.069437e-02 s level: 2 proc_id: 0 /HMC/ptbc_update_tm/GAUGE:gauge_derivative
# : Time for update_gauge 1.011864e-02 s level: 2 proc_id: 0 /HMC/ptbc_update_tm/update_gauge
# : Time for gauge_derivative 2.068123e-02 s level: 2 proc_id: 0 /HMC/ptbc_update_tm/GAUGE:gauge_derivative
# : Time for update_gauge 1.022661e-02 s level: 2 proc_id: 0 /HMC/ptbc_update_tm/update_gauge
# : Time for gauge_derivative 2.067757e-02 s level: 2 proc_id: 0 /HMC/ptbc_update_tm/GAUGE:gauge_derivative
# : Time for gauge_derivative 2.068274e-02 s level: 2 proc_id: 0 /HMC/ptbc_update_tm/GAUGE:gauge_derivative
# : Time for update_gauge 1.015317e-02 s level: 2 proc_id: 0 /HMC/ptbc_update_tm/update_gauge
# : Time for gauge_derivative 2.071654e-02 s level: 2 proc_id: 0 /HMC/ptbc_update_tm/GAUGE:gauge_derivative
# : Time for update_gauge 1.028976e-02 s level: 2 proc_id: 0 /HMC/ptbc_update_tm/update_gauge
# : Time for gauge_derivative 2.083606e-02 s level: 2 proc_id: 0 /HMC/ptbc_update_tm/GAUGE:gauge_derivative
# : Time for gauge_derivative 2.065894e-02 s level: 2 proc_id: 0 /HMC/ptbc_update_tm/GAUGE:gauge_derivative
# : Time for update_gauge 1.011751e-02 s level: 2 proc_id: 0 /HMC/ptbc_update_tm/update_gauge
# : Time for gauge_derivative 2.071219e-02 s level: 2 proc_id: 0 /HMC/ptbc_update_tm/GAUGE:gauge_derivative
# : Time for update_gauge 1.035083e-02 s level: 2 proc_id: 0 /HMC/ptbc_update_tm/update_gauge
# : Time for gauge_derivative 2.081322e-02 s level: 2 proc_id: 0 /HMC/ptbc_update_tm/GAUGE:gauge_derivative
# : Time for gauge_derivative 2.071762e-02 s level: 2 proc_id: 0 /HMC/ptbc_update_tm/GAUGE:gauge_derivative
# : Time for update_gauge 1.008214e-02 s level: 2 proc_id: 0 /HMC/ptbc_update_tm/update_gauge
# : Time for gauge_derivative 2.083413e-02 s level: 2 proc_id: 0 /HMC/ptbc_update_tm/GAUGE:gauge_derivative
# : Time for update_gauge 1.019151e-02 s level: 2 proc_id: 0 /HMC/ptbc_update_tm/update_gauge
# : Time for gauge_derivative 2.065524e-02 s level: 2 proc_id: 0 /HMC/ptbc_update_tm/GAUGE:gauge_derivative
# : Time for gauge_derivative 2.064927e-02 s level: 2 proc_id: 0 /HMC/ptbc_update_tm/GAUGE:gauge_derivative
# : Time for update_gauge 1.019308e-02 s level: 2 proc_id: 0 /HMC/ptbc_update_tm/update_gauge
# : Time for gauge_derivative 2.064145e-02 s level: 2 proc_id: 0 /HMC/ptbc_update_tm/GAUGE:gauge_derivative
# : Time for update_gauge 1.026378e-02 s level: 2 proc_id: 0 /HMC/ptbc_update_tm/update_gauge
# : Time for gauge_derivative 2.066532e-02 s level: 2 proc_id: 0 /HMC/ptbc_update_tm/GAUGE:gauge_derivative
# : Time for gauge_derivative 2.072582e-02 s level: 2 proc_id: 0 /HMC/ptbc_update_tm/GAUGE:gauge_derivative
# : Time for update_gauge 1.010085e-02 s level: 2 proc_id: 0 /HMC/ptbc_update_tm/update_gauge
# : Time for gauge_derivative 2.080867e-02 s level: 2 proc_id: 0 /HMC/ptbc_update_tm/GAUGE:gauge_derivative
# : Time for update_gauge 1.025468e-02 s level: 2 proc_id: 0 /HMC/ptbc_update_tm/update_gauge
# : Time for gauge_derivative 2.069489e-02 s level: 2 proc_id: 0 /HMC/ptbc_update_tm/GAUGE:gauge_derivative
# : Time for gauge_derivative 2.075046e-02 s level: 2 proc_id: 0 /HMC/ptbc_update_tm/GAUGE:gauge_derivative
# : Time for update_gauge 1.008113e-02 s level: 2 proc_id: 0 /HMC/ptbc_update_tm/update_gauge
# : Time for gauge_derivative 2.073373e-02 s level: 2 proc_id: 0 /HMC/ptbc_update_tm/GAUGE:gauge_derivative
# : Time for update_gauge 1.021589e-02 s level: 2 proc_id: 0 /HMC/ptbc_update_tm/update_gauge
# : Time for gauge_derivative 2.067805e-02 s level: 2 proc_id: 0 /HMC/ptbc_update_tm/GAUGE:gauge_derivative
# : Time for gauge_derivative 2.075056e-02 s level: 2 proc_id: 0 /HMC/ptbc_update_tm/GAUGE:gauge_derivative
# : Time for update_gauge 1.016791e-02 s level: 2 proc_id: 0 /HMC/ptbc_update_tm/update_gauge
# : Time for gauge_derivative 2.075871e-02 s level: 2 proc_id: 0 /HMC/ptbc_update_tm/GAUGE:gauge_derivative
# : Time for update_gauge 1.022774e-02 s level: 2 proc_id: 0 /HMC/ptbc_update_tm/update_gauge
# : Time for gauge_derivative 2.065173e-02 s level: 2 proc_id: 0 /HMC/ptbc_update_tm/GAUGE:gauge_derivative
# : Time for gauge_derivative 2.065089e-02 s level: 2 proc_id: 0 /HMC/ptbc_update_tm/GAUGE:gauge_derivative
# : Time for update_gauge 1.015447e-02 s level: 2 proc_id: 0 /HMC/ptbc_update_tm/update_gauge
# : Time for gauge_derivative 2.064127e-02 s level: 2 proc_id: 0 /HMC/ptbc_update_tm/GAUGE:gauge_derivative
# : Time for update_gauge 1.022793e-02 s level: 2 proc_id: 0 /HMC/ptbc_update_tm/update_gauge
# : Time for gauge_derivative 2.067496e-02 s level: 2 proc_id: 0 /HMC/ptbc_update_tm/GAUGE:gauge_derivative
# : Time for gauge_derivative 2.073999e-02 s level: 2 proc_id: 0 /HMC/ptbc_update_tm/GAUGE:gauge_derivative
# : Time for update_gauge 1.015798e-02 s level: 2 proc_id: 0 /HMC/ptbc_update_tm/update_gauge
# : Time for gauge_derivative 2.065382e-02 s level: 2 proc_id: 0 /HMC/ptbc_update_tm/GAUGE:gauge_derivative
# : Time for update_gauge 1.026080e-02 s level: 2 proc_id: 0 /HMC/ptbc_update_tm/update_gauge
# : Time for gauge_derivative 2.073775e-02 s level: 2 proc_id: 0 /HMC/ptbc_update_tm/GAUGE:gauge_derivative
# : Time for gauge_derivative 2.076094e-02 s level: 2 proc_id: 0 /HMC/ptbc_update_tm/GAUGE:gauge_derivative
# : Time for update_gauge 1.013172e-02 s level: 2 proc_id: 0 /HMC/ptbc_update_tm/update_gauge
# : Time for gauge_derivative 2.071362e-02 s level: 2 proc_id: 0 /HMC/ptbc_update_tm/GAUGE:gauge_derivative
# : Time for update_gauge 1.031168e-02 s level: 2 proc_id: 0 /HMC/ptbc_update_tm/update_gauge
# : Time for gauge_derivative 2.074834e-02 s level: 2 proc_id: 0 /HMC/ptbc_update_tm/GAUGE:gauge_derivative
# : Time for gauge_derivative 2.068215e-02 s level: 2 proc_id: 0 /HMC/ptbc_update_tm/GAUGE:gauge_derivative
# : Time for update_gauge 1.022282e-02 s level: 2 proc_id: 0 /HMC/ptbc_update_tm/update_gauge
# : Time for gauge_derivative 2.073772e-02 s level: 2 proc_id: 0 /HMC/ptbc_update_tm/GAUGE:gauge_derivative
# : Time for update_gauge 1.024041e-02 s level: 2 proc_id: 0 /HMC/ptbc_update_tm/update_gauge
# : Time for gauge_derivative 2.081415e-02 s level: 2 proc_id: 0 /HMC/ptbc_update_tm/GAUGE:gauge_derivative
# : Time for gauge_derivative 2.084541e-02 s level: 2 proc_id: 0 /HMC/ptbc_update_tm/GAUGE:gauge_derivative
# : Time for update_gauge 1.008973e-02 s level: 2 proc_id: 0 /HMC/ptbc_update_tm/update_gauge
# : Time for gauge_derivative 2.076092e-02 s level: 2 proc_id: 0 /HMC/ptbc_update_tm/GAUGE:gauge_derivative
# : Time for update_gauge 1.020888e-02 s level: 2 proc_id: 0 /HMC/ptbc_update_tm/update_gauge
# : Time for gauge_derivative 2.068618e-02 s level: 2 proc_id: 0 /HMC/ptbc_update_tm/GAUGE:gauge_derivative
# : Time for gauge_derivative 2.077155e-02 s level: 2 proc_id: 0 /HMC/ptbc_update_tm/GAUGE:gauge_derivative
# : Time for update_gauge 1.017440e-02 s level: 2 proc_id: 0 /HMC/ptbc_update_tm/update_gauge
# : Time for gauge_derivative 2.070866e-02 s level: 2 proc_id: 0 /HMC/ptbc_update_tm/GAUGE:gauge_derivative
# : Time for update_gauge 1.031470e-02 s level: 2 proc_id: 0 /HMC/ptbc_update_tm/update_gauge
# : Time for gauge_derivative 2.076442e-02 s level: 2 proc_id: 0 /HMC/ptbc_update_tm/GAUGE:gauge_derivative
# : Time for gauge_derivative 2.080078e-02 s level: 2 proc_id: 0 /HMC/ptbc_update_tm/GAUGE:gauge_derivative
# : Time for update_gauge 1.020998e-02 s level: 2 proc_id: 0 /HMC/ptbc_update_tm/update_gauge
# : Time for gauge_derivative 2.068611e-02 s level: 2 proc_id: 0 /HMC/ptbc_update_tm/GAUGE:gauge_derivative
# : Time for update_gauge 1.021916e-02 s level: 2 proc_id: 0 /HMC/ptbc_update_tm/update_gauge
# : Time for gauge_derivative 2.066655e-02 s level: 2 proc_id: 0 /HMC/ptbc_update_tm/GAUGE:gauge_derivative
# : Time for gauge_derivative 2.073350e-02 s level: 2 proc_id: 0 /HMC/ptbc_update_tm/GAUGE:gauge_derivative
# : Time for update_gauge 1.016564e-02 s level: 2 proc_id: 0 /HMC/ptbc_update_tm/update_gauge
# : Time for gauge_derivative 2.073407e-02 s level: 2 proc_id: 0 /HMC/ptbc_update_tm/GAUGE:gauge_derivative
# : Time for update_gauge 1.021217e-02 s level: 2 proc_id: 0 /HMC/ptbc_update_tm/update_gauge
# : Time for gauge_derivative 2.081083e-02 s level: 2 proc_id: 0 /HMC/ptbc_update_tm/GAUGE:gauge_derivative
# : Time for gauge_derivative 2.080437e-02 s level: 2 proc_id: 0 /HMC/ptbc_update_tm/GAUGE:gauge_derivative
# : Time for update_gauge 1.013730e-02 s level: 2 proc_id: 0 /HMC/ptbc_update_tm/update_gauge
# : Time for gauge_derivative 2.065964e-02 s level: 2 proc_id: 0 /HMC/ptbc_update_tm/GAUGE:gauge_derivative
# : Time for update_gauge 1.028392e-02 s level: 2 proc_id: 0 /HMC/ptbc_update_tm/update_gauge
# : Time for gauge_derivative 2.081116e-02 s level: 2 proc_id: 0 /HMC/ptbc_update_tm/GAUGE:gauge_derivative
# : Time for gauge_derivative 2.086649e-02 s level: 2 proc_id: 0 /HMC/ptbc_update_tm/GAUGE:gauge_derivative
# : Time for update_gauge 1.016505e-02 s level: 2 proc_id: 0 /HMC/ptbc_update_tm/update_gauge
# : Time for gauge_derivative 2.078692e-02 s level: 2 proc_id: 0 /HMC/ptbc_update_tm/GAUGE:gauge_derivative
# : Time for update_gauge 1.026197e-02 s level: 2 proc_id: 0 /HMC/ptbc_update_tm/update_gauge
# : Time for gauge_derivative 2.067798e-02 s level: 2 proc_id: 0 /HMC/ptbc_update_tm/GAUGE:gauge_derivative
# : Time for gauge_derivative 2.067018e-02 s level: 2 proc_id: 0 /HMC/ptbc_update_tm/GAUGE:gauge_derivative
# : Time for update_gauge 1.022189e-02 s level: 2 proc_id: 0 /HMC/ptbc_update_tm/update_gauge
# : Time for gauge_derivative 2.068429e-02 s level: 2 proc_id: 0 /HMC/ptbc_update_tm/GAUGE:gauge_derivative
# : Time for update_gauge 1.024923e-02 s level: 2 proc_id: 0 /HMC/ptbc_update_tm/update_gauge
# : Time for gauge_derivative 2.073820e-02 s level: 2 proc_id: 0 /HMC/ptbc_update_tm/GAUGE:gauge_derivative
# : Time for gauge_derivative 2.072718e-02 s level: 2 proc_id: 0 /HMC/ptbc_update_tm/GAUGE:gauge_derivative
# : Time for update_gauge 1.035258e-02 s level: 2 proc_id: 0 /HMC/ptbc_update_tm/update_gauge
# : Time for gauge_derivative 2.075336e-02 s level: 2 proc_id: 0 /HMC/ptbc_update_tm/GAUGE:gauge_derivative
# : Time for update_gauge 1.029581e-02 s level: 2 proc_id: 0 /HMC/ptbc_update_tm/update_gauge
# : Time for gauge_derivative 2.074490e-02 s level: 2 proc_id: 0 /HMC/ptbc_update_tm/GAUGE:gauge_derivative
# : Time for gauge_derivative 2.069410e-02 s level: 2 proc_id: 0 /HMC/ptbc_update_tm/GAUGE:gauge_derivative
# : Time for update_gauge 1.027268e-02 s level: 2 proc_id: 0 /HMC/ptbc_update_tm/update_gauge
# : Time for gauge_derivative 2.068425e-02 s level: 2 proc_id: 0 /HMC/ptbc_update_tm/GAUGE:gauge_derivative
# : Time for gauge_acc 5.066409e-03 s level: 2 proc_id: 0 /HMC/ptbc_update_tm/GAUGE:gauge_acc
# Trajectory is accepted.
# inst1: Time for ptbc_update_tm 2.479911e+00 s level: 1 proc_id: 0 /HMC/ptbc_update_tm
# inst1: Time for ptbc_swap_dh 1.021884e-02 s level: 2 proc_id: 0 /HMC/ptbc_swap/ptbc_swap_dh
[swap_link] inst 1 <-> 2: own_diff=1.446998e+01 partner_diff=-3.305580e+00 total_diff=1.116440e+01 expmdh=1.416972e-05 random number=4.135026e-01 accept=0
# inst1: Time for ptbc_swap_dh 1.011600e-02 s level: 2 proc_id: 0 /HMC/ptbc_swap/ptbc_swap_dh
# inst1: Time for ptbc_swap 3.107146e-02 s level: 1 proc_id: 0 /HMC/ptbc_swap

I am step 6 instance 1 rank 1 
# Writing gauge field to .conf.t00006.tmp.
# Constructing LEMON writer for file .conf.t00006.tmp for append = 0
# Time spent writing 2.36 Mb was 139 ms.
# Writing speed: 17.0 Mb/s (17.0 Mb/s per MPI process).
# Scidac checksums for gaugefield .conf.t00006.tmp:
#   Calculated            : A = 0x65a548f9 B = 0x3ef44484.
# Write completed, verifying write...
# Constructing LEMON reader for file .conf.t00006.tmp ...
# Time spent reading 2.36 Mb was 460 us.
# Reading speed: 5.13 Gb/s (5.13 Gb/s per MPI process).
# Scidac checksums for gaugefield .conf.t00006.tmp:
#   Calculated            : A = 0x65a548f9 B = 0x3ef44484.
#   Read from LIME headers: A = 0x65a548f9 B = 0x3ef44484.
# Reading ildg-format record:
#   Precision = 64 bits (double).
#   Lattice size: LX = 8, LY = 8, LZ = 8, LT = 8.
# Input parameters:
#   Precision = 64 bits (double).
#   Lattice size: LX = 8, LY = 8, LZ = 8, LT = 8.
# Write successfully verified.
# Renaming .conf.t00006.tmp to conf.save.
#
# Starting trajectory no 7
# : Time for gauge_heatbath 5.103550e-03 s level: 2 proc_id: 0 /HMC/ptbc_update_tm/GAUGE:gauge_heatbath
# : Time for gauge_derivative 2.065053e-02 s level: 2 proc_id: 0 /HMC/ptbc_update_tm/GAUGE:gauge_derivative
# : Time for update_gauge 1.053865e-02 s level: 2 proc_id: 0 /HMC/ptbc_update_tm/update_gauge
# : Time for gauge_derivative 2.073065e-02 s level: 2 proc_id: 0 /HMC/ptbc_update_tm/GAUGE:gauge_derivative
# : Time for gauge_derivative 2.077225e-02 s level: 2 proc_id: 0 /HMC/ptbc_update_tm/GAUGE:gauge_derivative
# : Time for update_gauge 1.020414e-02 s level: 2 proc_id: 0 /HMC/ptbc_update_tm/update_gauge
# : Time for gauge_derivative 2.066688e-02 s level: 2 proc_id: 0 /HMC/ptbc_update_tm/GAUGE:gauge_derivative
# : Time for update_gauge 1.027533e-02 s level: 2 proc_id: 0 /HMC/ptbc_update_tm/update_gauge
# : Time for gauge_derivative 2.079421e-02 s level: 2 proc_id: 0 /HMC/ptbc_update_tm/GAUGE:gauge_derivative
# : Time for gauge_derivative 2.077178e-02 s level: 2 proc_id: 0 /HMC/ptbc_update_tm/GAUGE:gauge_derivative
# : Time for update_gauge 1.008205e-02 s level: 2 proc_id: 0 /HMC/ptbc_update_tm/update_gauge
# : Time for gauge_derivative 2.078864e-02 s level: 2 proc_id: 0 /HMC/ptbc_update_tm/GAUGE:gauge_derivative
# : Time for update_gauge 1.022728e-02 s level: 2 proc_id: 0 /HMC/ptbc_update_tm/update_gauge
# : Time for gauge_derivative 2.085240e-02 s level: 2 proc_id: 0 /HMC/ptbc_update_tm/GAUGE:gauge_derivative
# : Time for gauge_derivative 2.076019e-02 s level: 2 proc_id: 0 /HMC/ptbc_update_tm/GAUGE:gauge_derivative
# : Time for update_gauge 1.009318e-02 s level: 2 proc_id: 0 /HMC/ptbc_update_tm/update_gauge
# : Time for gauge_derivative 2.078508e-02 s level: 2 proc_id: 0 /HMC/ptbc_update_tm/GAUGE:gauge_derivative
# : Time for update_gauge 1.023705e-02 s level: 2 proc_id: 0 /HMC/ptbc_update_tm/update_gauge
# : Time for gauge_derivative 2.076871e-02 s level: 2 proc_id: 0 /HMC/ptbc_update_tm/GAUGE:gauge_derivative
# : Time for gauge_derivative 2.063310e-02 s level: 2 proc_id: 0 /HMC/ptbc_update_tm/GAUGE:gauge_derivative
# : Time for update_gauge 1.020185e-02 s level: 2 proc_id: 0 /HMC/ptbc_update_tm/update_gauge
# : Time for gauge_derivative 2.089314e-02 s level: 2 proc_id: 0 /HMC/ptbc_update_tm/GAUGE:gauge_derivative
# : Time for update_gauge 1.033193e-02 s level: 2 proc_id: 0 /HMC/ptbc_update_tm/update_gauge
# : Time for gauge_derivative 2.088309e-02 s level: 2 proc_id: 0 /HMC/ptbc_update_tm/GAUGE:gauge_derivative
# : Time for gauge_derivative 2.074863e-02 s level: 2 proc_id: 0 /HMC/ptbc_update_tm/GAUGE:gauge_derivative
# : Time for update_gauge 1.021000e-02 s level: 2 proc_id: 0 /HMC/ptbc_update_tm/update_gauge
# : Time for gauge_derivative 2.066523e-02 s level: 2 proc_id: 0 /HMC/ptbc_update_tm/GAUGE:gauge_derivative
# : Time for update_gauge 1.025113e-02 s level: 2 proc_id: 0 /HMC/ptbc_update_tm/update_gauge
# : Time for gauge_derivative 2.073976e-02 s level: 2 proc_id: 0 /HMC/ptbc_update_tm/GAUGE:gauge_derivative
# : Time for gauge_derivative 2.071627e-02 s level: 2 proc_id: 0 /HMC/ptbc_update_tm/GAUGE:gauge_derivative
# : Time for update_gauge 1.006424e-02 s level: 2 proc_id: 0 /HMC/ptbc_update_tm/update_gauge
# : Time for gauge_derivative 2.069308e-02 s level: 2 proc_id: 0 /HMC/ptbc_update_tm/GAUGE:gauge_derivative
# : Time for update_gauge 1.022391e-02 s level: 2 proc_id: 0 /HMC/ptbc_update_tm/update_gauge
# : Time for gauge_derivative 2.087538e-02 s level: 2 proc_id: 0 /HMC/ptbc_update_tm/GAUGE:gauge_derivative
# : Time for gauge_derivative 2.067179e-02 s level: 2 proc_id: 0 /HMC/ptbc_update_tm/GAUGE:gauge_derivative
# : Time for update_gauge 1.015164e-02 s level: 2 proc_id: 0 /HMC/ptbc_update_tm/update_gauge
# : Time for gauge_derivative 2.076704e-02 s level: 2 proc_id: 0 /HMC/ptbc_update_tm/GAUGE:gauge_derivative
# : Time for update_gauge 1.023199e-02 s level: 2 proc_id: 0 /HMC/ptbc_update_tm/update_gauge
# : Time for gauge_derivative 2.076101e-02 s level: 2 proc_id: 0 /HMC/ptbc_update_tm/GAUGE:gauge_derivative
# : Time for gauge_derivative 2.075682e-02 s level: 2 proc_id: 0 /HMC/ptbc_update_tm/GAUGE:gauge_derivative
# : Time for update_gauge 1.018928e-02 s level: 2 proc_id: 0 /HMC/ptbc_update_tm/update_gauge
# : Time for gauge_derivative 2.065620e-02 s level: 2 proc_id: 0 /HMC/ptbc_update_tm/GAUGE:gauge_derivative
# : Time for update_gauge 1.023649e-02 s level: 2 proc_id: 0 /HMC/ptbc_update_tm/update_gauge
# : Time for gauge_derivative 2.071289e-02 s level: 2 proc_id: 0 /HMC/ptbc_update_tm/GAUGE:gauge_derivative
# : Time for gauge_derivative 2.082103e-02 s level: 2 proc_id: 0 /HMC/ptbc_update_tm/GAUGE:gauge_derivative
# : Time for update_gauge 1.023088e-02 s level: 2 proc_id: 0 /HMC/ptbc_update_tm/update_gauge
# : Time for gauge_derivative 2.076165e-02 s level: 2 proc_id: 0 /HMC/ptbc_update_tm/GAUGE:gauge_derivative
# : Time for update_gauge 1.026466e-02 s level: 2 proc_id: 0 /HMC/ptbc_update_tm/update_gauge
# : Time for gauge_derivative 2.077074e-02 s level: 2 proc_id: 0 /HMC/ptbc_update_tm/GAUGE:gauge_derivative
# : Time for gauge_derivative 2.083125e-02 s level: 2 proc_id: 0 /HMC/ptbc_update_tm/GAUGE:gauge_derivative
# : Time for update_gauge 1.017782e-02 s level: 2 proc_id: 0 /HMC/ptbc_update_tm/update_gauge
# : Time for gauge_derivative 2.079808e-02 s level: 2 proc_id: 0 /HMC/ptbc_update_tm/GAUGE:gauge_derivative
# : Time for update_gauge 1.029588e-02 s level: 2 proc_id: 0 /HMC/ptbc_update_tm/update_gauge
# : Time for gauge_derivative 2.078853e-02 s level: 2 proc_id: 0 /HMC/ptbc_update_tm/GAUGE:gauge_derivative
# : Time for gauge_derivative 2.069616e-02 s level: 2 proc_id: 0 /HMC/ptbc_update_tm/GAUGE:gauge_derivative
# : Time for update_gauge 1.013983e-02 s level: 2 proc_id: 0 /HMC/ptbc_update_tm/update_gauge
# : Time for gauge_derivative 2.074592e-02 s level: 2 proc_id: 0 /HMC/ptbc_update_tm/GAUGE:gauge_derivative
# : Time for update_gauge 1.025446e-02 s level: 2 proc_id: 0 /HMC/ptbc_update_tm/update_gauge
# : Time for gauge_derivative 2.080300e-02 s level: 2 proc_id: 0 /HMC/ptbc_update_tm/GAUGE:gauge_derivative
# : Time for gauge_derivative 2.080815e-02 s level: 2 proc_id: 0 /HMC/ptbc_update_tm/GAUGE:gauge_derivative
# : Time for update_gauge 1.017011e-02 s level: 2 proc_id: 0 /HMC/ptbc_update_tm/update_gauge
# : Time for gauge_derivative 2.065302e-02 s level: 2 proc_id: 0 /HMC/ptbc_update_tm/GAUGE:gauge_derivative
# : Time for update_gauge 1.025352e-02 s level: 2 proc_id: 0 /HMC/ptbc_update_tm/update_gauge
# : Time for gauge_derivative 2.083307e-02 s level: 2 proc_id: 0 /HMC/ptbc_update_tm/GAUGE:gauge_derivative
# : Time for gauge_derivative 2.072187e-02 s level: 2 proc_id: 0 /HMC/ptbc_update_tm/GAUGE:gauge_derivative
# : Time for update_gauge 1.026483e-02 s level: 2 proc_id: 0 /HMC/ptbc_update_tm/update_gauge
# : Time for gauge_derivative 2.076336e-02 s level: 2 proc_id: 0 /HMC/ptbc_update_tm/GAUGE:gauge_derivative
# : Time for update_gauge 1.025651e-02 s level: 2 proc_id: 0 /HMC/ptbc_update_tm/update_gauge
# : Time for gauge_derivative 2.090894e-02 s level: 2 proc_id: 0 /HMC/ptbc_update_tm/GAUGE:gauge_derivative
# : Time for gauge_derivative 2.069931e-02 s level: 2 proc_id: 0 /HMC/ptbc_update_tm/GAUGE:gauge_derivative
# : Time for update_gauge 1.015328e-02 s level: 2 proc_id: 0 /HMC/ptbc_update_tm/update_gauge
# : Time for gauge_derivative 2.081355e-02 s level: 2 proc_id: 0 /HMC/ptbc_update_tm/GAUGE:gauge_derivative
# : Time for update_gauge 1.024474e-02 s level: 2 proc_id: 0 /HMC/ptbc_update_tm/update_gauge
# : Time for gauge_derivative 2.078385e-02 s level: 2 proc_id: 0 /HMC/ptbc_update_tm/GAUGE:gauge_derivative
# : Time for gauge_derivative 2.076618e-02 s level: 2 proc_id: 0 /HMC/ptbc_update_tm/GAUGE:gauge_derivative
# : Time for update_gauge 1.014174e-02 s level: 2 proc_id: 0 /HMC/ptbc_update_tm/update_gauge
# : Time for gauge_derivative 2.068570e-02 s level: 2 proc_id: 0 /HMC/ptbc_update_tm/GAUGE:gauge_derivative
# : Time for update_gauge 1.026315e-02 s level: 2 proc_id: 0 /HMC/ptbc_update_tm/update_gauge
# : Time for gauge_derivative 2.065087e-02 s level: 2 proc_id: 0 /HMC/ptbc_update_tm/GAUGE:gauge_derivative
# : Time for gauge_derivative 2.069981e-02 s level: 2 proc_id: 0 /HMC/ptbc_update_tm/GAUGE:gauge_derivative
# : Time for update_gauge 1.015284e-02 s level: 2 proc_id: 0 /HMC/ptbc_update_tm/update_gauge
# : Time for gauge_derivative 2.092397e-02 s level: 2 proc_id: 0 /HMC/ptbc_update_tm/GAUGE:gauge_derivative
# : Time for update_gauge 1.025855e-02 s level: 2 proc_id: 0 /HMC/ptbc_update_tm/update_gauge
# : Time for gauge_derivative 2.081875e-02 s level: 2 proc_id: 0 /HMC/ptbc_update_tm/GAUGE:gauge_derivative
# : Time for gauge_derivative 2.077551e-02 s level: 2 proc_id: 0 /HMC/ptbc_update_tm/GAUGE:gauge_derivative
# : Time for update_gauge 1.018713e-02 s level: 2 proc_id: 0 /HMC/ptbc_update_tm/update_gauge
# : Time for gauge_derivative 2.064752e-02 s level: 2 proc_id: 0 /HMC/ptbc_update_tm/GAUGE:gauge_derivative
# : Time for update_gauge 1.022912e-02 s level: 2 proc_id: 0 /HMC/ptbc_update_tm/update_gauge
# : Time for gauge_derivative 2.089634e-02 s level: 2 proc_id: 0 /HMC/ptbc_update_tm/GAUGE:gauge_derivative
# : Time for gauge_derivative 2.079853e-02 s level: 2 proc_id: 0 /HMC/ptbc_update_tm/GAUGE:gauge_derivative
# : Time for update_gauge 1.012832e-02 s level: 2 proc_id: 0 /HMC/ptbc_update_tm/update_gauge
# : Time for gauge_derivative 2.073844e-02 s level: 2 proc_id: 0 /HMC/ptbc_update_tm/GAUGE:gauge_derivative
# : Time for update_gauge 1.023148e-02 s level: 2 proc_id: 0 /HMC/ptbc_update_tm/update_gauge
# : Time for gauge_derivative 2.069042e-02 s level: 2 proc_id: 0 /HMC/ptbc_update_tm/GAUGE:gauge_derivative
# : Time for gauge_derivative 2.074442e-02 s level: 2 proc_id: 0 /HMC/ptbc_update_tm/GAUGE:gauge_derivative
# : Time for update_gauge 1.009977e-02 s level: 2 proc_id: 0 /HMC/ptbc_update_tm/update_gauge
# : Time for gauge_derivative 2.094397e-02 s level: 2 proc_id: 0 /HMC/ptbc_update_tm/GAUGE:gauge_derivative
# : Time for update_gauge 1.032382e-02 s level: 2 proc_id: 0 /HMC/ptbc_update_tm/update_gauge
# : Time for gauge_derivative 2.088223e-02 s level: 2 proc_id: 0 /HMC/ptbc_update_tm/GAUGE:gauge_derivative
# : Time for gauge_derivative 2.081457e-02 s level: 2 proc_id: 0 /HMC/ptbc_update_tm/GAUGE:gauge_derivative
# : Time for update_gauge 1.007779e-02 s level: 2 proc_id: 0 /HMC/ptbc_update_tm/update_gauge
# : Time for gauge_derivative 2.077744e-02 s level: 2 proc_id: 0 /HMC/ptbc_update_tm/GAUGE:gauge_derivative
# : Time for update_gauge 1.023094e-02 s level: 2 proc_id: 0 /HMC/ptbc_update_tm/update_gauge
# : Time for gauge_derivative 2.083851e-02 s level: 2 proc_id: 0 /HMC/ptbc_update_tm/GAUGE:gauge_derivative
# : Time for gauge_derivative 2.080097e-02 s level: 2 proc_id: 0 /HMC/ptbc_update_tm/GAUGE:gauge_derivative
# : Time for update_gauge 1.026962e-02 s level: 2 proc_id: 0 /HMC/ptbc_update_tm/update_gauge
# : Time for gauge_derivative 2.073668e-02 s level: 2 proc_id: 0 /HMC/ptbc_update_tm/GAUGE:gauge_derivative
# : Time for update_gauge 1.026718e-02 s level: 2 proc_id: 0 /HMC/ptbc_update_tm/update_gauge
# : Time for gauge_derivative 2.093050e-02 s level: 2 proc_id: 0 /HMC/ptbc_update_tm/GAUGE:gauge_derivative
# : Time for gauge_derivative 2.074895e-02 s level: 2 proc_id: 0 /HMC/ptbc_update_tm/GAUGE:gauge_derivative
# : Time for update_gauge 1.015426e-02 s level: 2 proc_id: 0 /HMC/ptbc_update_tm/update_gauge
# : Time for gauge_derivative 2.067557e-02 s level: 2 proc_id: 0 /HMC/ptbc_update_tm/GAUGE:gauge_derivative
# : Time for update_gauge 1.024631e-02 s level: 2 proc_id: 0 /HMC/ptbc_update_tm/update_gauge
# : Time for gauge_derivative 2.070424e-02 s level: 2 proc_id: 0 /HMC/ptbc_update_tm/GAUGE:gauge_derivative
# : Time for gauge_derivative 2.077422e-02 s level: 2 proc_id: 0 /HMC/ptbc_update_tm/GAUGE:gauge_derivative
# : Time for update_gauge 1.014169e-02 s level: 2 proc_id: 0 /HMC/ptbc_update_tm/update_gauge
# : Time for gauge_derivative 2.080651e-02 s level: 2 proc_id: 0 /HMC/ptbc_update_tm/GAUGE:gauge_derivative
# : Time for update_gauge 1.034213e-02 s level: 2 proc_id: 0 /HMC/ptbc_update_tm/update_gauge
# : Time for gauge_derivative 2.081066e-02 s level: 2 proc_id: 0 /HMC/ptbc_update_tm/GAUGE:gauge_derivative
# : Time for gauge_derivative 2.084743e-02 s level: 2 proc_id: 0 /HMC/ptbc_update_tm/GAUGE:gauge_derivative
# : Time for update_gauge 1.013804e-02 s level: 2 proc_id: 0 /HMC/ptbc_update_tm/update_gauge
# : Time for gauge_derivative 2.072360e-02 s level: 2 proc_id: 0 /HMC/ptbc_update_tm/GAUGE:gauge_derivative
# : Time for gauge_acc 5.166140e-03 s level: 2 proc_id: 0 /HMC/ptbc_update_tm/GAUGE:gauge_acc
# Trajectory is accepted.
# inst1: Time for ptbc_update_tm 2.550491e+00 s level: 1 proc_id: 0 /HMC/ptbc_update_tm
# inst1: Time for ptbc_swap_dh 1.023910e-02 s level: 2 proc_id: 0 /HMC/ptbc_swap/ptbc_swap_dh
[swap_link] inst 1 <-> 2: own_diff=1.749282e+01 partner_diff=-1.368758e+01 total_diff=3.805246e+00 expmdh=2.225371e-02 random number=3.063997e-01 accept=0
# inst1: Time for ptbc_swap_dh 1.020566e-02 s level: 2 proc_id: 0 /HMC/ptbc_swap/ptbc_swap_dh
# inst1: Time for ptbc_swap 3.244909e-02 s level: 1 proc_id: 0 /HMC/ptbc_swap

I am step 7 instance 1 rank 1 
# Writing gauge field to .conf.t00007.tmp.
# Constructing LEMON writer for file .conf.t00007.tmp for append = 0
# Time spent writing 2.36 Mb was 75.1 ms.
# Writing speed: 31.4 Mb/s (31.4 Mb/s per MPI process).
# Scidac checksums for gaugefield .conf.t00007.tmp:
#   Calculated            : A = 0xb039daca B = 0x4dbb9384.
# Write completed, verifying write...
# Constructing LEMON reader for file .conf.t00007.tmp ...
# Time spent reading 2.36 Mb was 416 us.
# Reading speed: 5.68 Gb/s (5.68 Gb/s per MPI process).
# Scidac checksums for gaugefield .conf.t00007.tmp:
#   Calculated            : A = 0xb039daca B = 0x4dbb9384.
#   Read from LIME headers: A = 0xb039daca B = 0x4dbb9384.
# Reading ildg-format record:
#   Precision = 64 bits (double).
#   Lattice size: LX = 8, LY = 8, LZ = 8, LT = 8.
# Input parameters:
#   Precision = 64 bits (double).
#   Lattice size: LX = 8, LY = 8, LZ = 8, LT = 8.
# Write successfully verified.
# Renaming .conf.t00007.tmp to conf.save.
#
# Starting trajectory no 8
# : Time for gauge_heatbath 5.192960e-03 s level: 2 proc_id: 0 /HMC/ptbc_update_tm/GAUGE:gauge_heatbath
# : Time for gauge_derivative 2.071719e-02 s level: 2 proc_id: 0 /HMC/ptbc_update_tm/GAUGE:gauge_derivative
# : Time for update_gauge 1.050934e-02 s level: 2 proc_id: 0 /HMC/ptbc_update_tm/update_gauge
# : Time for gauge_derivative 2.079027e-02 s level: 2 proc_id: 0 /HMC/ptbc_update_tm/GAUGE:gauge_derivative
# : Time for gauge_derivative 2.079432e-02 s level: 2 proc_id: 0 /HMC/ptbc_update_tm/GAUGE:gauge_derivative
# : Time for update_gauge 1.009197e-02 s level: 2 proc_id: 0 /HMC/ptbc_update_tm/update_gauge
# : Time for gauge_derivative 2.078739e-02 s level: 2 proc_id: 0 /HMC/ptbc_update_tm/GAUGE:gauge_derivative
# : Time for update_gauge 1.040970e-02 s level: 2 proc_id: 0 /HMC/ptbc_update_tm/update_gauge
# : Time for gauge_derivative 2.072742e-02 s level: 2 proc_id: 0 /HMC/ptbc_update_tm/GAUGE:gauge_derivative
# : Time for gauge_derivative 2.072626e-02 s level: 2 proc_id: 0 /HMC/ptbc_update_tm/GAUGE:gauge_derivative
# : Time for update_gauge 1.017477e-02 s level: 2 proc_id: 0 /HMC/ptbc_update_tm/update_gauge
# : Time for gauge_derivative 2.066251e-02 s level: 2 proc_id: 0 /HMC/ptbc_update_tm/GAUGE:gauge_derivative
# : Time for update_gauge 1.026910e-02 s level: 2 proc_id: 0 /HMC/ptbc_update_tm/update_gauge
# : Time for gauge_derivative 2.065360e-02 s level: 2 proc_id: 0 /HMC/ptbc_update_tm/GAUGE:gauge_derivative
# : Time for gauge_derivative 2.069875e-02 s level: 2 proc_id: 0 /HMC/ptbc_update_tm/GAUGE:gauge_derivative
# : Time for update_gauge 1.009029e-02 s level: 2 proc_id: 0 /HMC/ptbc_update_tm/update_gauge
# : Time for gauge_derivative 2.419428e-02 s level: 2 proc_id: 0 /HMC/ptbc_update_tm/GAUGE:gauge_derivative
# : Time for update_gauge 1.088754e-02 s level: 2 proc_id: 0 /HMC/ptbc_update_tm/update_gauge
# : Time for gauge_derivative 2.078167e-02 s level: 2 proc_id: 0 /HMC/ptbc_update_tm/GAUGE:gauge_derivative
# : Time for gauge_derivative 2.084380e-02 s level: 2 proc_id: 0 /HMC/ptbc_update_tm/GAUGE:gauge_derivative
# : Time for update_gauge 1.017278e-02 s level: 2 proc_id: 0 /HMC/ptbc_update_tm/update_gauge
# : Time for gauge_derivative 2.084731e-02 s level: 2 proc_id: 0 /HMC/ptbc_update_tm/GAUGE:gauge_derivative
# : Time for update_gauge 1.026532e-02 s level: 2 proc_id: 0 /HMC/ptbc_update_tm/update_gauge
# : Time for gauge_derivative 2.086232e-02 s level: 2 proc_id: 0 /HMC/ptbc_update_tm/GAUGE:gauge_derivative
# : Time for gauge_derivative 2.081484e-02 s level: 2 proc_id: 0 /HMC/ptbc_update_tm/GAUGE:gauge_derivative
# : Time for update_gauge 1.015125e-02 s level: 2 proc_id: 0 /HMC/ptbc_update_tm/update_gauge
# : Time for gauge_derivative 2.074320e-02 s level: 2 proc_id: 0 /HMC/ptbc_update_tm/GAUGE:gauge_derivative
# : Time for update_gauge 1.024153e-02 s level: 2 proc_id: 0 /HMC/ptbc_update_tm/update_gauge
# : Time for gauge_derivative 2.077554e-02 s level: 2 proc_id: 0 /HMC/ptbc_update_tm/GAUGE:gauge_derivative
# : Time for gauge_derivative 2.077960e-02 s level: 2 proc_id: 0 /HMC/ptbc_update_tm/GAUGE:gauge_derivative
# : Time for update_gauge 1.011910e-02 s level: 2 proc_id: 0 /HMC/ptbc_update_tm/update_gauge
# : Time for gauge_derivative 2.072522e-02 s level: 2 proc_id: 0 /HMC/ptbc_update_tm/GAUGE:gauge_derivative
# : Time for update_gauge 1.028370e-02 s level: 2 proc_id: 0 /HMC/ptbc_update_tm/update_gauge
# : Time for gauge_derivative 2.087435e-02 s level: 2 proc_id: 0 /HMC/ptbc_update_tm/GAUGE:gauge_derivative
# : Time for gauge_derivative 2.069501e-02 s level: 2 proc_id: 0 /HMC/ptbc_update_tm/GAUGE:gauge_derivative
# : Time for update_gauge 1.016253e-02 s level: 2 proc_id: 0 /HMC/ptbc_update_tm/update_gauge
# : Time for gauge_derivative 2.072661e-02 s level: 2 proc_id: 0 /HMC/ptbc_update_tm/GAUGE:gauge_derivative
# : Time for update_gauge 1.029555e-02 s level: 2 proc_id: 0 /HMC/ptbc_update_tm/update_gauge
# : Time for gauge_derivative 2.076669e-02 s level: 2 proc_id: 0 /HMC/ptbc_update_tm/GAUGE:gauge_derivative
# : Time for gauge_derivative 2.070730e-02 s level: 2 proc_id: 0 /HMC/ptbc_update_tm/GAUGE:gauge_derivative
# : Time for update_gauge 1.006880e-02 s level: 2 proc_id: 0 /HMC/ptbc_update_tm/update_gauge
# : Time for gauge_derivative 2.079092e-02 s level: 2 proc_id: 0 /HMC/ptbc_update_tm/GAUGE:gauge_derivative
# : Time for update_gauge 1.032353e-02 s level: 2 proc_id: 0 /HMC/ptbc_update_tm/update_gauge
# : Time for gauge_derivative 2.077242e-02 s level: 2 proc_id: 0 /HMC/ptbc_update_tm/GAUGE:gauge_derivative
# : Time for gauge_derivative 2.079531e-02 s level: 2 proc_id: 0 /HMC/ptbc_update_tm/GAUGE:gauge_derivative
# : Time for update_gauge 1.006290e-02 s level: 2 proc_id: 0 /HMC/ptbc_update_tm/update_gauge
# : Time for gauge_derivative 2.078543e-02 s level: 2 proc_id: 0 /HMC/ptbc_update_tm/GAUGE:gauge_derivative
# : Time for update_gauge 1.022979e-02 s level: 2 proc_id: 0 /HMC/ptbc_update_tm/update_gauge
# : Time for gauge_derivative 2.067228e-02 s level: 2 proc_id: 0 /HMC/ptbc_update_tm/GAUGE:gauge_derivative
# : Time for gauge_derivative 2.076911e-02 s level: 2 proc_id: 0 /HMC/ptbc_update_tm/GAUGE:gauge_derivative
# : Time for update_gauge 1.015951e-02 s level: 2 proc_id: 0 /HMC/ptbc_update_tm/update_gauge
# : Time for gauge_derivative 2.075518e-02 s level: 2 proc_id: 0 /HMC/ptbc_update_tm/GAUGE:gauge_derivative
# : Time for update_gauge 1.037762e-02 s level: 2 proc_id: 0 /HMC/ptbc_update_tm/update_gauge
# : Time for gauge_derivative 2.065132e-02 s level: 2 proc_id: 0 /HMC/ptbc_update_tm/GAUGE:gauge_derivative
# : Time for gauge_derivative 2.069026e-02 s level: 2 proc_id: 0 /HMC/ptbc_update_tm/GAUGE:gauge_derivative
# : Time for update_gauge 1.010597e-02 s level: 2 proc_id: 0 /HMC/ptbc_update_tm/update_gauge
# : Time for gauge_derivative 2.064581e-02 s level: 2 proc_id: 0 /HMC/ptbc_update_tm/GAUGE:gauge_derivative
# : Time for update_gauge 1.024384e-02 s level: 2 proc_id: 0 /HMC/ptbc_update_tm/update_gauge
# : Time for gauge_derivative 2.079153e-02 s level: 2 proc_id: 0 /HMC/ptbc_update_tm/GAUGE:gauge_derivative
# : Time for gauge_derivative 2.073737e-02 s level: 2 proc_id: 0 /HMC/ptbc_update_tm/GAUGE:gauge_derivative
# : Time for update_gauge 1.010497e-02 s level: 2 proc_id: 0 /HMC/ptbc_update_tm/update_gauge
# : Time for gauge_derivative 2.081171e-02 s level: 2 proc_id: 0 /HMC/ptbc_update_tm/GAUGE:gauge_derivative
# : Time for update_gauge 1.024787e-02 s level: 2 proc_id: 0 /HMC/ptbc_update_tm/update_gauge
# : Time for gauge_derivative 2.075360e-02 s level: 2 proc_id: 0 /HMC/ptbc_update_tm/GAUGE:gauge_derivative
# : Time for gauge_derivative 2.075797e-02 s level: 2 proc_id: 0 /HMC/ptbc_update_tm/GAUGE:gauge_derivative
# : Time for update_gauge 1.005565e-02 s level: 2 proc_id: 0 /HMC/ptbc_update_tm/update_gauge
# : Time for gauge_derivative 2.070350e-02 s level: 2 proc_id: 0 /HMC/ptbc_update_tm/GAUGE:gauge_derivative
# : Time for update_gauge 1.025961e-02 s level: 2 proc_id: 0 /HMC/ptbc_update_tm/update_gauge
# : Time for gauge_derivative 2.069353e-02 s level: 2 proc_id: 0 /HMC/ptbc_update_tm/GAUGE:gauge_derivative
# : Time for gauge_derivative 2.078772e-02 s level: 2 proc_id: 0 /HMC/ptbc_update_tm/GAUGE:gauge_derivative
# : Time for update_gauge 1.007095e-02 s level: 2 proc_id: 0 /HMC/ptbc_update_tm/update_gauge
# : Time for gauge_derivative 2.071209e-02 s level: 2 proc_id: 0 /HMC/ptbc_update_tm/GAUGE:gauge_derivative
# : Time for update_gauge 1.022858e-02 s level: 2 proc_id: 0 /HMC/ptbc_update_tm/update_gauge
# : Time for gauge_derivative 2.069707e-02 s level: 2 proc_id: 0 /HMC/ptbc_update_tm/GAUGE:gauge_derivative
# : Time for gauge_derivative 2.069234e-02 s level: 2 proc_id: 0 /HMC/ptbc_update_tm/GAUGE:gauge_derivative
# : Time for update_gauge 1.020153e-02 s level: 2 proc_id: 0 /HMC/ptbc_update_tm/update_gauge
# : Time for gauge_derivative 2.067326e-02 s level: 2 proc_id: 0 /HMC/ptbc_update_tm/GAUGE:gauge_derivative
# : Time for update_gauge 1.023102e-02 s level: 2 proc_id: 0 /HMC/ptbc_update_tm/update_gauge
# : Time for gauge_derivative 2.076579e-02 s level: 2 proc_id: 0 /HMC/ptbc_update_tm/GAUGE:gauge_derivative
# : Time for gauge_derivative 2.066788e-02 s level: 2 proc_id: 0 /HMC/ptbc_update_tm/GAUGE:gauge_derivative
# : Time for update_gauge 1.013761e-02 s level: 2 proc_id: 0 /HMC/ptbc_update_tm/update_gauge
# : Time for gauge_derivative 2.071936e-02 s level: 2 proc_id: 0 /HMC/ptbc_update_tm/GAUGE:gauge_derivative
# : Time for update_gauge 1.028022e-02 s level: 2 proc_id: 0 /HMC/ptbc_update_tm/update_gauge
# : Time for gauge_derivative 2.071609e-02 s level: 2 proc_id: 0 /HMC/ptbc_update_tm/GAUGE:gauge_derivative
# : Time for gauge_derivative 2.081253e-02 s level: 2 proc_id: 0 /HMC/ptbc_update_tm/GAUGE:gauge_derivative
# : Time for update_gauge 1.007694e-02 s level: 2 proc_id: 0 /HMC/ptbc_update_tm/update_gauge
# : Time for gauge_derivative 2.066264e-02 s level: 2 proc_id: 0 /HMC/ptbc_update_tm/GAUGE:gauge_derivative
# : Time for update_gauge 1.022796e-02 s level: 2 proc_id: 0 /HMC/ptbc_update_tm/update_gauge
# : Time for gauge_derivative 2.070179e-02 s level: 2 proc_id: 0 /HMC/ptbc_update_tm/GAUGE:gauge_derivative
# : Time for gauge_derivative 2.081186e-02 s level: 2 proc_id: 0 /HMC/ptbc_update_tm/GAUGE:gauge_derivative
# : Time for update_gauge 1.022731e-02 s level: 2 proc_id: 0 /HMC/ptbc_update_tm/update_gauge
# : Time for gauge_derivative 2.074796e-02 s level: 2 proc_id: 0 /HMC/ptbc_update_tm/GAUGE:gauge_derivative
# : Time for update_gauge 1.023654e-02 s level: 2 proc_id: 0 /HMC/ptbc_update_tm/update_gauge
# : Time for gauge_derivative 2.066397e-02 s level: 2 proc_id: 0 /HMC/ptbc_update_tm/GAUGE:gauge_derivative
# : Time for gauge_derivative 2.081092e-02 s level: 2 proc_id: 0 /HMC/ptbc_update_tm/GAUGE:gauge_derivative
# : Time for update_gauge 1.010645e-02 s level: 2 proc_id: 0 /HMC/ptbc_update_tm/update_gauge
# : Time for gauge_derivative 2.066969e-02 s level: 2 proc_id: 0 /HMC/ptbc_update_tm/GAUGE:gauge_derivative
# : Time for update_gauge 1.028657e-02 s level: 2 proc_id: 0 /HMC/ptbc_update_tm/update_gauge
# : Time for gauge_derivative 2.070283e-02 s level: 2 proc_id: 0 /HMC/ptbc_update_tm/GAUGE:gauge_derivative
# : Time for gauge_derivative 2.077138e-02 s level: 2 proc_id: 0 /HMC/ptbc_update_tm/GAUGE:gauge_derivative
# : Time for update_gauge 1.016086e-02 s level: 2 proc_id: 0 /HMC/ptbc_update_tm/update_gauge
# : Time for gauge_derivative 2.077829e-02 s level: 2 proc_id: 0 /HMC/ptbc_update_tm/GAUGE:gauge_derivative
# : Time for update_gauge 1.022263e-02 s level: 2 proc_id: 0 /HMC/ptbc_update_tm/update_gauge
# : Time for gauge_derivative 2.068274e-02 s level: 2 proc_id: 0 /HMC/ptbc_update_tm/GAUGE:gauge_derivative
# : Time for gauge_derivative 2.076517e-02 s level: 2 proc_id: 0 /HMC/ptbc_update_tm/GAUGE:gauge_derivative
# : Time for update_gauge 1.008519e-02 s level: 2 proc_id: 0 /HMC/ptbc_update_tm/update_gauge
# : Time for gauge_derivative 2.078317e-02 s level: 2 proc_id: 0 /HMC/ptbc_update_tm/GAUGE:gauge_derivative
# : Time for update_gauge 1.027784e-02 s level: 2 proc_id: 0 /HMC/ptbc_update_tm/update_gauge
# : Time for gauge_derivative 2.077681e-02 s level: 2 proc_id: 0 /HMC/ptbc_update_tm/GAUGE:gauge_derivative
# : Time for gauge_derivative 2.065231e-02 s level: 2 proc_id: 0 /HMC/ptbc_update_tm/GAUGE:gauge_derivative
# : Time for update_gauge 1.004229e-02 s level: 2 proc_id: 0 /HMC/ptbc_update_tm/update_gauge
# : Time for gauge_derivative 2.086544e-02 s level: 2 proc_id: 0 /HMC/ptbc_update_tm/GAUGE:gauge_derivative
# : Time for update_gauge 1.028459e-02 s level: 2 proc_id: 0 /HMC/ptbc_update_tm/update_gauge
# : Time for gauge_derivative 2.075364e-02 s level: 2 proc_id: 0 /HMC/ptbc_update_tm/GAUGE:gauge_derivative
# : Time for gauge_derivative 2.075958e-02 s level: 2 proc_id: 0 /HMC/ptbc_update_tm/GAUGE:gauge_derivative
# : Time for update_gauge 1.011026e-02 s level: 2 proc_id: 0 /HMC/ptbc_update_tm/update_gauge
# : Time for gauge_derivative 2.070517e-02 s level: 2 proc_id: 0 /HMC/ptbc_update_tm/GAUGE:gauge_derivative
# : Time for update_gauge 1.031523e-02 s level: 2 proc_id: 0 /HMC/ptbc_update_tm/update_gauge
# : Time for gauge_derivative 2.066380e-02 s level: 2 proc_id: 0 /HMC/ptbc_update_tm/GAUGE:gauge_derivative
# : Time for gauge_derivative 2.070376e-02 s level: 2 proc_id: 0 /HMC/ptbc_update_tm/GAUGE:gauge_derivative
# : Time for update_gauge 1.017520e-02 s level: 2 proc_id: 0 /HMC/ptbc_update_tm/update_gauge
# : Time for gauge_derivative 2.065914e-02 s level: 2 proc_id: 0 /HMC/ptbc_update_tm/GAUGE:gauge_derivative
# : Time for gauge_acc 5.200360e-03 s level: 2 proc_id: 0 /HMC/ptbc_update_tm/GAUGE:gauge_acc
# Trajectory is accepted.
# inst1: Time for ptbc_update_tm 2.559267e+00 s level: 1 proc_id: 0 /HMC/ptbc_update_tm
# inst1: Time for ptbc_swap_dh 1.027451e-02 s level: 2 proc_id: 0 /HMC/ptbc_swap/ptbc_swap_dh
# inst1: Time for ptbc_swap_dh 1.011518e-02 s level: 2 proc_id: 0 /HMC/ptbc_swap/ptbc_swap_dh
[swap_link] inst 1 <-> 2: own_diff=2.464982e+01 partner_diff=-5.811557e+00 total_diff=1.883826e+01 expmdh=6.586399e-09 random number=7.898868e-01 accept=0
# inst1: Time for ptbc_swap 3.347866e-02 s level: 1 proc_id: 0 /HMC/ptbc_swap

I am step 8 instance 1 rank 1 
# Writing gauge field to .conf.t00008.tmp.
# Constructing LEMON writer for file .conf.t00008.tmp for append = 0
# Time spent writing 2.36 Mb was 63.7 ms.
# Writing speed: 37.0 Mb/s (37.0 Mb/s per MPI process).
# Scidac checksums for gaugefield .conf.t00008.tmp:
#   Calculated            : A = 0x1f35fcd0 B = 0x13888c8d.
# Write completed, verifying write...
# Constructing LEMON reader for file .conf.t00008.tmp ...
# Time spent reading 2.36 Mb was 434 us.
# Reading speed: 5.43 Gb/s (5.43 Gb/s per MPI process).
# Scidac checksums for gaugefield .conf.t00008.tmp:
#   Calculated            : A = 0x1f35fcd0 B = 0x13888c8d.
#   Read from LIME headers: A = 0x1f35fcd0 B = 0x13888c8d.
# Reading ildg-format record:
#   Precision = 64 bits (double).
#   Lattice size: LX = 8, LY = 8, LZ = 8, LT = 8.
# Input parameters:
#   Precision = 64 bits (double).
#   Lattice size: LX = 8, LY = 8, LZ = 8, LT = 8.
# Write successfully verified.
# Renaming .conf.t00008.tmp to conf.save.
#
# Starting trajectory no 9
# : Time for gauge_heatbath 5.483253e-03 s level: 2 proc_id: 0 /HMC/ptbc_update_tm/GAUGE:gauge_heatbath
# : Time for gauge_derivative 2.072381e-02 s level: 2 proc_id: 0 /HMC/ptbc_update_tm/GAUGE:gauge_derivative
# : Time for update_gauge 1.053346e-02 s level: 2 proc_id: 0 /HMC/ptbc_update_tm/update_gauge
# : Time for gauge_derivative 2.071002e-02 s level: 2 proc_id: 0 /HMC/ptbc_update_tm/GAUGE:gauge_derivative
# : Time for gauge_derivative 2.070797e-02 s level: 2 proc_id: 0 /HMC/ptbc_update_tm/GAUGE:gauge_derivative
# : Time for update_gauge 1.024609e-02 s level: 2 proc_id: 0 /HMC/ptbc_update_tm/update_gauge
# : Time for gauge_derivative 2.067460e-02 s level: 2 proc_id: 0 /HMC/ptbc_update_tm/GAUGE:gauge_derivative
# : Time for update_gauge 1.024023e-02 s level: 2 proc_id: 0 /HMC/ptbc_update_tm/update_gauge
# : Time for gauge_derivative 2.065863e-02 s level: 2 proc_id: 0 /HMC/ptbc_update_tm/GAUGE:gauge_derivative
# : Time for gauge_derivative 2.070090e-02 s level: 2 proc_id: 0 /HMC/ptbc_update_tm/GAUGE:gauge_derivative
# : Time for update_gauge 1.010260e-02 s level: 2 proc_id: 0 /HMC/ptbc_update_tm/update_gauge
# : Time for gauge_derivative 2.071367e-02 s level: 2 proc_id: 0 /HMC/ptbc_update_tm/GAUGE:gauge_derivative
# : Time for update_gauge 1.024963e-02 s level: 2 proc_id: 0 /HMC/ptbc_update_tm/update_gauge
# : Time for gauge_derivative 2.076656e-02 s level: 2 proc_id: 0 /HMC/ptbc_update_tm/GAUGE:gauge_derivative
# : Time for gauge_derivative 2.060466e-02 s level: 2 proc_id: 0 /HMC/ptbc_update_tm/GAUGE:gauge_derivative
# : Time for update_gauge 1.019395e-02 s level: 2 proc_id: 0 /HMC/ptbc_update_tm/update_gauge
# : Time for gauge_derivative 2.067589e-02 s level: 2 proc_id: 0 /HMC/ptbc_update_tm/GAUGE:gauge_derivative
# : Time for update_gauge 1.026457e-02 s level: 2 proc_id: 0 /HMC/ptbc_update_tm/update_gauge
# : Time for gauge_derivative 2.074123e-02 s level: 2 proc_id: 0 /HMC/ptbc_update_tm/GAUGE:gauge_derivative
# : Time for gauge_derivative 2.078944e-02 s level: 2 proc_id: 0 /HMC/ptbc_update_tm/GAUGE:gauge_derivative
# : Time for update_gauge 1.016323e-02 s level: 2 proc_id: 0 /HMC/ptbc_update_tm/update_gauge
# : Time for gauge_derivative 2.067312e-02 s level: 2 proc_id: 0 /HMC/ptbc_update_tm/GAUGE:gauge_derivative
# : Time for update_gauge 1.024786e-02 s level: 2 proc_id: 0 /HMC/ptbc_update_tm/update_gauge
# : Time for gauge_derivative 2.072194e-02 s level: 2 proc_id: 0 /HMC/ptbc_update_tm/GAUGE:gauge_derivative
# : Time for gauge_derivative 2.079767e-02 s level: 2 proc_id: 0 /HMC/ptbc_update_tm/GAUGE:gauge_derivative
# : Time for update_gauge 1.012548e-02 s level: 2 proc_id: 0 /HMC/ptbc_update_tm/update_gauge
# : Time for gauge_derivative 2.061823e-02 s level: 2 proc_id: 0 /HMC/ptbc_update_tm/GAUGE:gauge_derivative
# : Time for update_gauge 1.024864e-02 s level: 2 proc_id: 0 /HMC/ptbc_update_tm/update_gauge
# : Time for gauge_derivative 2.078871e-02 s level: 2 proc_id: 0 /HMC/ptbc_update_tm/GAUGE:gauge_derivative
# : Time for gauge_derivative 2.070210e-02 s level: 2 proc_id: 0 /HMC/ptbc_update_tm/GAUGE:gauge_derivative
# : Time for update_gauge 1.005408e-02 s level: 2 proc_id: 0 /HMC/ptbc_update_tm/update_gauge
# : Time for gauge_derivative 2.081747e-02 s level: 2 proc_id: 0 /HMC/ptbc_update_tm/GAUGE:gauge_derivative
# : Time for update_gauge 1.024669e-02 s level: 2 proc_id: 0 /HMC/ptbc_update_tm/update_gauge
# : Time for gauge_derivative 2.072211e-02 s level: 2 proc_id: 0 /HMC/ptbc_update_tm/GAUGE:gauge_derivative
# : Time for gauge_derivative 2.075908e-02 s level: 2 proc_id: 0 /HMC/ptbc_update_tm/GAUGE:gauge_derivative
# : Time for update_gauge 1.012183e-02 s level: 2 proc_id: 0 /HMC/ptbc_update_tm/update_gauge
# : Time for gauge_derivative 2.062757e-02 s level: 2 proc_id: 0 /HMC/ptbc_update_tm/GAUGE:gauge_derivative
# : Time for update_gauge 1.024656e-02 s level: 2 proc_id: 0 /HMC/ptbc_update_tm/update_gauge
# : Time for gauge_derivative 2.075175e-02 s level: 2 proc_id: 0 /HMC/ptbc_update_tm/GAUGE:gauge_derivative
# : Time for gauge_derivative 2.069480e-02 s level: 2 proc_id: 0 /HMC/ptbc_update_tm/GAUGE:gauge_derivative
# : Time for update_gauge 1.008231e-02 s level: 2 proc_id: 0 /HMC/ptbc_update_tm/update_gauge
# : Time for gauge_derivative 2.063552e-02 s level: 2 proc_id: 0 /HMC/ptbc_update_tm/GAUGE:gauge_derivative
# : Time for update_gauge 1.031465e-02 s level: 2 proc_id: 0 /HMC/ptbc_update_tm/update_gauge
# : Time for gauge_derivative 2.078291e-02 s level: 2 proc_id: 0 /HMC/ptbc_update_tm/GAUGE:gauge_derivative
# : Time for gauge_derivative 2.066138e-02 s level: 2 proc_id: 0 /HMC/ptbc_update_tm/GAUGE:gauge_derivative
# : Time for update_gauge 1.012922e-02 s level: 2 proc_id: 0 /HMC/ptbc_update_tm/update_gauge
# : Time for gauge_derivative 2.067350e-02 s level: 2 proc_id: 0 /HMC/ptbc_update_tm/GAUGE:gauge_derivative
# : Time for update_gauge 1.025692e-02 s level: 2 proc_id: 0 /HMC/ptbc_update_tm/update_gauge
# : Time for gauge_derivative 2.070454e-02 s level: 2 proc_id: 0 /HMC/ptbc_update_tm/GAUGE:gauge_derivative
# : Time for gauge_derivative 2.066555e-02 s level: 2 proc_id: 0 /HMC/ptbc_update_tm/GAUGE:gauge_derivative
# : Time for update_gauge 1.006853e-02 s level: 2 proc_id: 0 /HMC/ptbc_update_tm/update_gauge
# : Time for gauge_derivative 2.064637e-02 s level: 2 proc_id: 0 /HMC/ptbc_update_tm/GAUGE:gauge_derivative
# : Time for update_gauge 1.032123e-02 s level: 2 proc_id: 0 /HMC/ptbc_update_tm/update_gauge
# : Time for gauge_derivative 2.064037e-02 s level: 2 proc_id: 0 /HMC/ptbc_update_tm/GAUGE:gauge_derivative
# : Time for gauge_derivative 2.074015e-02 s level: 2 proc_id: 0 /HMC/ptbc_update_tm/GAUGE:gauge_derivative
# : Time for update_gauge 1.020384e-02 s level: 2 proc_id: 0 /HMC/ptbc_update_tm/update_gauge
# : Time for gauge_derivative 2.066601e-02 s level: 2 proc_id: 0 /HMC/ptbc_update_tm/GAUGE:gauge_derivative
# : Time for update_gauge 1.020738e-02 s level: 2 proc_id: 0 /HMC/ptbc_update_tm/update_gauge
# : Time for gauge_derivative 2.066412e-02 s level: 2 proc_id: 0 /HMC/ptbc_update_tm/GAUGE:gauge_derivative
# : Time for gauge_derivative 2.068683e-02 s level: 2 proc_id: 0 /HMC/ptbc_update_tm/GAUGE:gauge_derivative
# : Time for update_gauge 1.003190e-02 s level: 2 proc_id: 0 /HMC/ptbc_update_tm/update_gauge
# : Time for gauge_derivative 2.071502e-02 s level: 2 proc_id: 0 /HMC/ptbc_update_tm/GAUGE:gauge_derivative
# : Time for update_gauge 1.022814e-02 s level: 2 proc_id: 0 /HMC/ptbc_update_tm/update_gauge
# : Time for gauge_derivative 2.073960e-02 s level: 2 proc_id: 0 /HMC/ptbc_update_tm/GAUGE:gauge_derivative
# : Time for gauge_derivative 2.073991e-02 s level: 2 proc_id: 0 /HMC/ptbc_update_tm/GAUGE:gauge_derivative
# : Time for update_gauge 1.015975e-02 s level: 2 proc_id: 0 /HMC/ptbc_update_tm/update_gauge
# : Time for gauge_derivative 2.070632e-02 s level: 2 proc_id: 0 /HMC/ptbc_update_tm/GAUGE:gauge_derivative
# : Time for update_gauge 1.024915e-02 s level: 2 proc_id: 0 /HMC/ptbc_update_tm/update_gauge
# : Time for gauge_derivative 2.062042e-02 s level: 2 proc_id: 0 /HMC/ptbc_update_tm/GAUGE:gauge_derivative
# : Time for gauge_derivative 2.069193e-02 s level: 2 proc_id: 0 /HMC/ptbc_update_tm/GAUGE:gauge_derivative
# : Time for update_gauge 1.010501e-02 s level: 2 proc_id: 0 /HMC/ptbc_update_tm/update_gauge
# : Time for gauge_derivative 2.071305e-02 s level: 2 proc_id: 0 /HMC/ptbc_update_tm/GAUGE:gauge_derivative
# : Time for update_gauge 1.025817e-02 s level: 2 proc_id: 0 /HMC/ptbc_update_tm/update_gauge
# : Time for gauge_derivative 2.071561e-02 s level: 2 proc_id: 0 /HMC/ptbc_update_tm/GAUGE:gauge_derivative
# : Time for gauge_derivative 2.074045e-02 s level: 2 proc_id: 0 /HMC/ptbc_update_tm/GAUGE:gauge_derivative
# : Time for update_gauge 1.002546e-02 s level: 2 proc_id: 0 /HMC/ptbc_update_tm/update_gauge
# : Time for gauge_derivative 2.077966e-02 s level: 2 proc_id: 0 /HMC/ptbc_update_tm/GAUGE:gauge_derivative
# : Time for update_gauge 1.022371e-02 s level: 2 proc_id: 0 /HMC/ptbc_update_tm/update_gauge
# : Time for gauge_derivative 2.068809e-02 s level: 2 proc_id: 0 /HMC/ptbc_update_tm/GAUGE:gauge_derivative
# : Time for gauge_derivative 2.069203e-02 s level: 2 proc_id: 0 /HMC/ptbc_update_tm/GAUGE:gauge_derivative
# : Time for update_gauge 1.015315e-02 s level: 2 proc_id: 0 /HMC/ptbc_update_tm/update_gauge
# : Time for gauge_derivative 2.062885e-02 s level: 2 proc_id: 0 /HMC/ptbc_update_tm/GAUGE:gauge_derivative
# : Time for update_gauge 1.020812e-02 s level: 2 proc_id: 0 /HMC/ptbc_update_tm/update_gauge
# : Time for gauge_derivative 2.068320e-02 s level: 2 proc_id: 0 /HMC/ptbc_update_tm/GAUGE:gauge_derivative
# : Time for gauge_derivative 2.068432e-02 s level: 2 proc_id: 0 /HMC/ptbc_update_tm/GAUGE:gauge_derivative
# : Time for update_gauge 1.007490e-02 s level: 2 proc_id: 0 /HMC/ptbc_update_tm/update_gauge
# : Time for gauge_derivative 2.065070e-02 s level: 2 proc_id: 0 /HMC/ptbc_update_tm/GAUGE:gauge_derivative
# : Time for update_gauge 1.022098e-02 s level: 2 proc_id: 0 /HMC/ptbc_update_tm/update_gauge
# : Time for gauge_derivative 2.070026e-02 s level: 2 proc_id: 0 /HMC/ptbc_update_tm/GAUGE:gauge_derivative
# : Time for gauge_derivative 2.075328e-02 s level: 2 proc_id: 0 /HMC/ptbc_update_tm/GAUGE:gauge_derivative
# : Time for update_gauge 1.013949e-02 s level: 2 proc_id: 0 /HMC/ptbc_update_tm/update_gauge
# : Time for gauge_derivative 2.069140e-02 s level: 2 proc_id: 0 /HMC/ptbc_update_tm/GAUGE:gauge_derivative
# : Time for update_gauge 1.022585e-02 s level: 2 proc_id: 0 /HMC/ptbc_update_tm/update_gauge
# : Time for gauge_derivative 2.075581e-02 s level: 2 proc_id: 0 /HMC/ptbc_update_tm/GAUGE:gauge_derivative
# : Time for gauge_derivative 2.071262e-02 s level: 2 proc_id: 0 /HMC/ptbc_update_tm/GAUGE:gauge_derivative
# : Time for update_gauge 1.016100e-02 s level: 2 proc_id: 0 /HMC/ptbc_update_tm/update_gauge
# : Time for gauge_derivative 2.065513e-02 s level: 2 proc_id: 0 /HMC/ptbc_update_tm/GAUGE:gauge_derivative
# : Time for update_gauge 1.023503e-02 s level: 2 proc_id: 0 /HMC/ptbc_update_tm/update_gauge
# : Time for gauge_derivative 2.070231e-02 s level: 2 proc_id: 0 /HMC/ptbc_update_tm/GAUGE:gauge_derivative
# : Time for gauge_derivative 2.072138e-02 s level: 2 proc_id: 0 /HMC/ptbc_update_tm/GAUGE:gauge_derivative
# : Time for update_gauge 1.004599e-02 s level: 2 proc_id: 0 /HMC/ptbc_update_tm/update_gauge
# : Time for gauge_derivative 2.080427e-02 s level: 2 proc_id: 0 /HMC/ptbc_update_tm/GAUGE:gauge_derivative
# : Time for update_gauge 1.021481e-02 s level: 2 proc_id: 0 /HMC/ptbc_update_tm/update_gauge
# : Time for gauge_derivative 2.068357e-02 s level: 2 proc_id: 0 /HMC/ptbc_update_tm/GAUGE:gauge_derivative
# : Time for gauge_derivative 2.067931e-02 s level: 2 proc_id: 0 /HMC/ptbc_update_tm/GAUGE:gauge_derivative
# : Time for update_gauge 1.021779e-02 s level: 2 proc_id: 0 /HMC/ptbc_update_tm/update_gauge
# : Time for gauge_derivative 2.072908e-02 s level: 2 proc_id: 0 /HMC/ptbc_update_tm/GAUGE:gauge_derivative
# : Time for update_gauge 1.026635e-02 s level: 2 proc_id: 0 /HMC/ptbc_update_tm/update_gauge
# : Time for gauge_derivative 2.066258e-02 s level: 2 proc_id: 0 /HMC/ptbc_update_tm/GAUGE:gauge_derivative
# : Time for gauge_derivative 2.071597e-02 s level: 2 proc_id: 0 /HMC/ptbc_update_tm/GAUGE:gauge_derivative
# : Time for update_gauge 1.011894e-02 s level: 2 proc_id: 0 /HMC/ptbc_update_tm/update_gauge
# : Time for gauge_derivative 2.068850e-02 s level: 2 proc_id: 0 /HMC/ptbc_update_tm/GAUGE:gauge_derivative
# : Time for update_gauge 1.021728e-02 s level: 2 proc_id: 0 /HMC/ptbc_update_tm/update_gauge
# : Time for gauge_derivative 2.080539e-02 s level: 2 proc_id: 0 /HMC/ptbc_update_tm/GAUGE:gauge_derivative
# : Time for gauge_derivative 2.069178e-02 s level: 2 proc_id: 0 /HMC/ptbc_update_tm/GAUGE:gauge_derivative
# : Time for update_gauge 1.007308e-02 s level: 2 proc_id: 0 /HMC/ptbc_update_tm/update_gauge
# : Time for gauge_derivative 2.085739e-02 s level: 2 proc_id: 0 /HMC/ptbc_update_tm/GAUGE:gauge_derivative
# : Time for update_gauge 1.021618e-02 s level: 2 proc_id: 0 /HMC/ptbc_update_tm/update_gauge
# : Time for gauge_derivative 2.076065e-02 s level: 2 proc_id: 0 /HMC/ptbc_update_tm/GAUGE:gauge_derivative
# : Time for gauge_derivative 2.076066e-02 s level: 2 proc_id: 0 /HMC/ptbc_update_tm/GAUGE:gauge_derivative
# : Time for update_gauge 1.016814e-02 s level: 2 proc_id: 0 /HMC/ptbc_update_tm/update_gauge
# : Time for gauge_derivative 2.066835e-02 s level: 2 proc_id: 0 /HMC/ptbc_update_tm/GAUGE:gauge_derivative
# : Time for gauge_acc 5.185690e-03 s level: 2 proc_id: 0 /HMC/ptbc_update_tm/GAUGE:gauge_acc
# Trajectory is accepted.
# inst1: Time for ptbc_update_tm 2.522333e+00 s level: 1 proc_id: 0 /HMC/ptbc_update_tm
# inst1: Time for ptbc_swap_dh 1.035900e-02 s level: 2 proc_id: 0 /HMC/ptbc_swap/ptbc_swap_dh
# inst1: Time for ptbc_swap_dh 1.012526e-02 s level: 2 proc_id: 0 /HMC/ptbc_swap/ptbc_swap_dh
[swap_link] inst 1 <-> 2: own_diff=2.119139e+01 partner_diff=-3.584491e+00 total_diff=1.760690e+01 expmdh=2.256420e-08 random number=4.635846e-01 accept=0
# inst1: Time for ptbc_swap 3.181547e-02 s level: 1 proc_id: 0 /HMC/ptbc_swap

I am step 9 instance 1 rank 1 
# Writing gauge field to .conf.t00009.tmp.
# Constructing LEMON writer for file .conf.t00009.tmp for append = 0
# Time spent writing 2.36 Mb was 78.6 ms.
# Writing speed: 30.0 Mb/s (30.0 Mb/s per MPI process).
# Scidac checksums for gaugefield .conf.t00009.tmp:
#   Calculated            : A = 0xcf956802 B = 0x346c6e0c.
# Write completed, verifying write...
# Constructing LEMON reader for file .conf.t00009.tmp ...
# Time spent reading 2.36 Mb was 458 us.
# Reading speed: 5.15 Gb/s (5.15 Gb/s per MPI process).
# Scidac checksums for gaugefield .conf.t00009.tmp:
#   Calculated            : A = 0xcf956802 B = 0x346c6e0c.
#   Read from LIME headers: A = 0xcf956802 B = 0x346c6e0c.
# Reading ildg-format record:
#   Precision = 64 bits (double).
#   Lattice size: LX = 8, LY = 8, LZ = 8, LT = 8.
# Input parameters:
#   Precision = 64 bits (double).
#   Lattice size: LX = 8, LY = 8, LZ = 8, LT = 8.
# Write successfully verified.
# Renaming .conf.t00009.tmp to conf.save.
# Acceptance rate was 100.00 percent, 10 out of 10 trajectories accepted.
# : Time for HMC 2.972025e+01 s level: 0 proc_id: 0 /HMC
