# Instructing OpenMP to use 2 threads.
# Creating the following cartesian grid for a 4 dimensional parallelisation:
# 1 x 1 x 1 x 1
PTBC graph initialised: 1 periodic instance(s), 1 tentacle(s). 
Instance ID: 0	Type: periodic	Upstream ID: 	Downstream ID: 1, 

Instance ID: 1	Type: intermediate	Upstream ID: 0	Downstream ID: 2, 

Instance ID: 2	Type: intermediate	Upstream ID: 1	Downstream ID: 3, 

Instance ID: 3	Type: open	Upstream ID: 2	Downstream ID: 


This is the hmc code for twisted mass Wilson QCD

Version tmLQCD 6.1.0, commit a2090c82d5449866fda02ec86273c9760a93b54c
# The code is compiled with -DTM_USE_GAUGE_COPY
# The code is compiled with -DTM_USE_HALFSPINOR
# the code is compiled for non-blocking MPI calls (spinor and gauge)
# the code is compiled with MPI IO / Lemon
# the code is compiled with openMP support
# Non-Schroedinger (anti-periodic, periodic or twisted) boundary conditions are used
# The lattice size is 8 x 8 x 8 x 8
# The local lattice size is 8 x 8 x 8 x 8
# Even/odd preconditioning is used
# beta = 5.600000000000 , kappa= 0.125000000000
# boundary conditions for fermion fields (t,x,y,z) * pi: 0.000000 0.000000 0.000000 0.000000 
# mu = 0.000000000000
# g_rgi_C0 = 1.000000, g_rgi_C1 = 0.000000
# Using absolute precision for the inversions!
# Initialising rectangular gauge action stuff
# The lattice is correctly mapped by the index arrays

# monomial id 0 type = 2 timescale 0
# Computed plaquette value: 0.124325612190.
#
# Starting trajectory no 0
# : Time for gauge_heatbath 5.189910e-03 s level: 2 proc_id: 0 /HMC/ptbc_update_tm/GAUGE:gauge_heatbath
# : Time for gauge_derivative 2.064855e-02 s level: 2 proc_id: 0 /HMC/ptbc_update_tm/GAUGE:gauge_derivative
# : Time for update_gauge 1.041134e-02 s level: 2 proc_id: 0 /HMC/ptbc_update_tm/update_gauge
# : Time for gauge_derivative 2.068195e-02 s level: 2 proc_id: 0 /HMC/ptbc_update_tm/GAUGE:gauge_derivative
# : Time for gauge_derivative 2.078303e-02 s level: 2 proc_id: 0 /HMC/ptbc_update_tm/GAUGE:gauge_derivative
# : Time for update_gauge 1.023324e-02 s level: 2 proc_id: 0 /HMC/ptbc_update_tm/update_gauge
# : Time for gauge_derivative 2.065287e-02 s level: 2 proc_id: 0 /HMC/ptbc_update_tm/GAUGE:gauge_derivative
# : Time for update_gauge 1.023027e-02 s level: 2 proc_id: 0 /HMC/ptbc_update_tm/update_gauge
# : Time for gauge_derivative 2.070368e-02 s level: 2 proc_id: 0 /HMC/ptbc_update_tm/GAUGE:gauge_derivative
# : Time for gauge_derivative 2.079295e-02 s level: 2 proc_id: 0 /HMC/ptbc_update_tm/GAUGE:gauge_derivative
# : Time for update_gauge 1.009509e-02 s level: 2 proc_id: 0 /HMC/ptbc_update_tm/update_gauge
# : Time for gauge_derivative 2.076311e-02 s level: 2 proc_id: 0 /HMC/ptbc_update_tm/GAUGE:gauge_derivative
# : Time for update_gauge 1.020045e-02 s level: 2 proc_id: 0 /HMC/ptbc_update_tm/update_gauge
# : Time for gauge_derivative 2.080579e-02 s level: 2 proc_id: 0 /HMC/ptbc_update_tm/GAUGE:gauge_derivative
# : Time for gauge_derivative 2.063155e-02 s level: 2 proc_id: 0 /HMC/ptbc_update_tm/GAUGE:gauge_derivative
# : Time for update_gauge 1.029448e-02 s level: 2 proc_id: 0 /HMC/ptbc_update_tm/update_gauge
# : Time for gauge_derivative 2.066046e-02 s level: 2 proc_id: 0 /HMC/ptbc_update_tm/GAUGE:gauge_derivative
# : Time for update_gauge 1.019253e-02 s level: 2 proc_id: 0 /HMC/ptbc_update_tm/update_gauge
# : Time for gauge_derivative 2.070577e-02 s level: 2 proc_id: 0 /HMC/ptbc_update_tm/GAUGE:gauge_derivative
# : Time for gauge_derivative 2.068038e-02 s level: 2 proc_id: 0 /HMC/ptbc_update_tm/GAUGE:gauge_derivative
# : Time for update_gauge 1.016367e-02 s level: 2 proc_id: 0 /HMC/ptbc_update_tm/update_gauge
# : Time for gauge_derivative 2.065364e-02 s level: 2 proc_id: 0 /HMC/ptbc_update_tm/GAUGE:gauge_derivative
# : Time for update_gauge 1.033086e-02 s level: 2 proc_id: 0 /HMC/ptbc_update_tm/update_gauge
# : Time for gauge_derivative 2.070778e-02 s level: 2 proc_id: 0 /HMC/ptbc_update_tm/GAUGE:gauge_derivative
# : Time for gauge_derivative 2.067713e-02 s level: 2 proc_id: 0 /HMC/ptbc_update_tm/GAUGE:gauge_derivative
# : Time for update_gauge 1.015993e-02 s level: 2 proc_id: 0 /HMC/ptbc_update_tm/update_gauge
# : Time for gauge_derivative 2.087837e-02 s level: 2 proc_id: 0 /HMC/ptbc_update_tm/GAUGE:gauge_derivative
# : Time for update_gauge 1.025006e-02 s level: 2 proc_id: 0 /HMC/ptbc_update_tm/update_gauge
# : Time for gauge_derivative 2.069457e-02 s level: 2 proc_id: 0 /HMC/ptbc_update_tm/GAUGE:gauge_derivative
# : Time for gauge_derivative 2.069003e-02 s level: 2 proc_id: 0 /HMC/ptbc_update_tm/GAUGE:gauge_derivative
# : Time for update_gauge 1.019639e-02 s level: 2 proc_id: 0 /HMC/ptbc_update_tm/update_gauge
# : Time for gauge_derivative 2.063196e-02 s level: 2 proc_id: 0 /HMC/ptbc_update_tm/GAUGE:gauge_derivative
# : Time for update_gauge 1.029605e-02 s level: 2 proc_id: 0 /HMC/ptbc_update_tm/update_gauge
# : Time for gauge_derivative 2.086932e-02 s level: 2 proc_id: 0 /HMC/ptbc_update_tm/GAUGE:gauge_derivative
# : Time for gauge_derivative 2.084362e-02 s level: 2 proc_id: 0 /HMC/ptbc_update_tm/GAUGE:gauge_derivative
# : Time for update_gauge 1.011351e-02 s level: 2 proc_id: 0 /HMC/ptbc_update_tm/update_gauge
# : Time for gauge_derivative 2.075748e-02 s level: 2 proc_id: 0 /HMC/ptbc_update_tm/GAUGE:gauge_derivative
# : Time for update_gauge 1.021411e-02 s level: 2 proc_id: 0 /HMC/ptbc_update_tm/update_gauge
# : Time for gauge_derivative 2.090028e-02 s level: 2 proc_id: 0 /HMC/ptbc_update_tm/GAUGE:gauge_derivative
# : Time for gauge_derivative 2.064952e-02 s level: 2 proc_id: 0 /HMC/ptbc_update_tm/GAUGE:gauge_derivative
# : Time for update_gauge 1.013960e-02 s level: 2 proc_id: 0 /HMC/ptbc_update_tm/update_gauge
# : Time for gauge_derivative 2.061671e-02 s level: 2 proc_id: 0 /HMC/ptbc_update_tm/GAUGE:gauge_derivative
# : Time for update_gauge 1.017497e-02 s level: 2 proc_id: 0 /HMC/ptbc_update_tm/update_gauge
# : Time for gauge_derivative 2.063812e-02 s level: 2 proc_id: 0 /HMC/ptbc_update_tm/GAUGE:gauge_derivative
# : Time for gauge_derivative 2.063923e-02 s level: 2 proc_id: 0 /HMC/ptbc_update_tm/GAUGE:gauge_derivative
# : Time for update_gauge 1.009464e-02 s level: 2 proc_id: 0 /HMC/ptbc_update_tm/update_gauge
# : Time for gauge_derivative 2.069801e-02 s level: 2 proc_id: 0 /HMC/ptbc_update_tm/GAUGE:gauge_derivative
# : Time for update_gauge 1.021823e-02 s level: 2 proc_id: 0 /HMC/ptbc_update_tm/update_gauge
# : Time for gauge_derivative 2.070005e-02 s level: 2 proc_id: 0 /HMC/ptbc_update_tm/GAUGE:gauge_derivative
# : Time for gauge_derivative 2.072056e-02 s level: 2 proc_id: 0 /HMC/ptbc_update_tm/GAUGE:gauge_derivative
# : Time for update_gauge 1.021235e-02 s level: 2 proc_id: 0 /HMC/ptbc_update_tm/update_gauge
# : Time for gauge_derivative 2.072943e-02 s level: 2 proc_id: 0 /HMC/ptbc_update_tm/GAUGE:gauge_derivative
# : Time for update_gauge 1.022457e-02 s level: 2 proc_id: 0 /HMC/ptbc_update_tm/update_gauge
# : Time for gauge_derivative 2.075872e-02 s level: 2 proc_id: 0 /HMC/ptbc_update_tm/GAUGE:gauge_derivative
# : Time for gauge_derivative 2.076930e-02 s level: 2 proc_id: 0 /HMC/ptbc_update_tm/GAUGE:gauge_derivative
# : Time for update_gauge 1.020361e-02 s level: 2 proc_id: 0 /HMC/ptbc_update_tm/update_gauge
# : Time for gauge_derivative 2.064898e-02 s level: 2 proc_id: 0 /HMC/ptbc_update_tm/GAUGE:gauge_derivative
# : Time for update_gauge 1.024759e-02 s level: 2 proc_id: 0 /HMC/ptbc_update_tm/update_gauge
# : Time for gauge_derivative 2.068105e-02 s level: 2 proc_id: 0 /HMC/ptbc_update_tm/GAUGE:gauge_derivative
# : Time for gauge_derivative 2.076073e-02 s level: 2 proc_id: 0 /HMC/ptbc_update_tm/GAUGE:gauge_derivative
# : Time for update_gauge 1.014434e-02 s level: 2 proc_id: 0 /HMC/ptbc_update_tm/update_gauge
# : Time for gauge_derivative 2.074974e-02 s level: 2 proc_id: 0 /HMC/ptbc_update_tm/GAUGE:gauge_derivative
# : Time for update_gauge 1.023148e-02 s level: 2 proc_id: 0 /HMC/ptbc_update_tm/update_gauge
# : Time for gauge_derivative 2.079215e-02 s level: 2 proc_id: 0 /HMC/ptbc_update_tm/GAUGE:gauge_derivative
# : Time for gauge_derivative 2.079021e-02 s level: 2 proc_id: 0 /HMC/ptbc_update_tm/GAUGE:gauge_derivative
# : Time for update_gauge 1.012796e-02 s level: 2 proc_id: 0 /HMC/ptbc_update_tm/update_gauge
# : Time for gauge_derivative 2.074420e-02 s level: 2 proc_id: 0 /HMC/ptbc_update_tm/GAUGE:gauge_derivative
# : Time for update_gauge 1.027983e-02 s level: 2 proc_id: 0 /HMC/ptbc_update_tm/update_gauge
# : Time for gauge_derivative 2.070454e-02 s level: 2 proc_id: 0 /HMC/ptbc_update_tm/GAUGE:gauge_derivative
# : Time for gauge_derivative 2.060853e-02 s level: 2 proc_id: 0 /HMC/ptbc_update_tm/GAUGE:gauge_derivative
# : Time for update_gauge 1.009920e-02 s level: 2 proc_id: 0 /HMC/ptbc_update_tm/update_gauge
# : Time for gauge_derivative 2.071240e-02 s level: 2 proc_id: 0 /HMC/ptbc_update_tm/GAUGE:gauge_derivative
# : Time for update_gauge 1.021051e-02 s level: 2 proc_id: 0 /HMC/ptbc_update_tm/update_gauge
# : Time for gauge_derivative 2.079688e-02 s level: 2 proc_id: 0 /HMC/ptbc_update_tm/GAUGE:gauge_derivative
# : Time for gauge_derivative 2.080481e-02 s level: 2 proc_id: 0 /HMC/ptbc_update_tm/GAUGE:gauge_derivative
# : Time for update_gauge 1.009787e-02 s level: 2 proc_id: 0 /HMC/ptbc_update_tm/update_gauge
# : Time for gauge_derivative 2.058835e-02 s level: 2 proc_id: 0 /HMC/ptbc_update_tm/GAUGE:gauge_derivative
# : Time for update_gauge 1.022033e-02 s level: 2 proc_id: 0 /HMC/ptbc_update_tm/update_gauge
# : Time for gauge_derivative 2.068923e-02 s level: 2 proc_id: 0 /HMC/ptbc_update_tm/GAUGE:gauge_derivative
# : Time for gauge_derivative 2.066159e-02 s level: 2 proc_id: 0 /HMC/ptbc_update_tm/GAUGE:gauge_derivative
# : Time for update_gauge 1.017149e-02 s level: 2 proc_id: 0 /HMC/ptbc_update_tm/update_gauge
# : Time for gauge_derivative 2.064686e-02 s level: 2 proc_id: 0 /HMC/ptbc_update_tm/GAUGE:gauge_derivative
# : Time for update_gauge 1.029287e-02 s level: 2 proc_id: 0 /HMC/ptbc_update_tm/update_gauge
# : Time for gauge_derivative 2.062158e-02 s level: 2 proc_id: 0 /HMC/ptbc_update_tm/GAUGE:gauge_derivative
# : Time for gauge_derivative 2.065905e-02 s level: 2 proc_id: 0 /HMC/ptbc_update_tm/GAUGE:gauge_derivative
# : Time for update_gauge 1.013998e-02 s level: 2 proc_id: 0 /HMC/ptbc_update_tm/update_gauge
# : Time for gauge_derivative 2.069743e-02 s level: 2 proc_id: 0 /HMC/ptbc_update_tm/GAUGE:gauge_derivative
# : Time for update_gauge 1.027908e-02 s level: 2 proc_id: 0 /HMC/ptbc_update_tm/update_gauge
# : Time for gauge_derivative 2.064295e-02 s level: 2 proc_id: 0 /HMC/ptbc_update_tm/GAUGE:gauge_derivative
# : Time for gauge_derivative 2.065354e-02 s level: 2 proc_id: 0 /HMC/ptbc_update_tm/GAUGE:gauge_derivative
# : Time for update_gauge 1.007317e-02 s level: 2 proc_id: 0 /HMC/ptbc_update_tm/update_gauge
# : Time for gauge_derivative 2.068325e-02 s level: 2 proc_id: 0 /HMC/ptbc_update_tm/GAUGE:gauge_derivative
# : Time for update_gauge 1.025125e-02 s level: 2 proc_id: 0 /HMC/ptbc_update_tm/update_gauge
# : Time for gauge_derivative 2.069824e-02 s level: 2 proc_id: 0 /HMC/ptbc_update_tm/GAUGE:gauge_derivative
# : Time for gauge_derivative 2.074319e-02 s level: 2 proc_id: 0 /HMC/ptbc_update_tm/GAUGE:gauge_derivative
# : Time for update_gauge 1.008949e-02 s level: 2 proc_id: 0 /HMC/ptbc_update_tm/update_gauge
# : Time for gauge_derivative 2.061389e-02 s level: 2 proc_id: 0 /HMC/ptbc_update_tm/GAUGE:gauge_derivative
# : Time for update_gauge 1.019709e-02 s level: 2 proc_id: 0 /HMC/ptbc_update_tm/update_gauge
# : Time for gauge_derivative 2.085741e-02 s level: 2 proc_id: 0 /HMC/ptbc_update_tm/GAUGE:gauge_derivative
# : Time for gauge_derivative 2.070076e-02 s level: 2 proc_id: 0 /HMC/ptbc_update_tm/GAUGE:gauge_derivative
# : Time for update_gauge 1.005820e-02 s level: 2 proc_id: 0 /HMC/ptbc_update_tm/update_gauge
# : Time for gauge_derivative 2.066457e-02 s level: 2 proc_id: 0 /HMC/ptbc_update_tm/GAUGE:gauge_derivative
# : Time for update_gauge 1.032808e-02 s level: 2 proc_id: 0 /HMC/ptbc_update_tm/update_gauge
# : Time for gauge_derivative 2.074353e-02 s level: 2 proc_id: 0 /HMC/ptbc_update_tm/GAUGE:gauge_derivative
# : Time for gauge_derivative 2.081174e-02 s level: 2 proc_id: 0 /HMC/ptbc_update_tm/GAUGE:gauge_derivative
# : Time for update_gauge 1.016943e-02 s level: 2 proc_id: 0 /HMC/ptbc_update_tm/update_gauge
# : Time for gauge_derivative 2.078323e-02 s level: 2 proc_id: 0 /HMC/ptbc_update_tm/GAUGE:gauge_derivative
# : Time for update_gauge 1.029963e-02 s level: 2 proc_id: 0 /HMC/ptbc_update_tm/update_gauge
# : Time for gauge_derivative 2.069465e-02 s level: 2 proc_id: 0 /HMC/ptbc_update_tm/GAUGE:gauge_derivative
# : Time for gauge_derivative 2.085941e-02 s level: 2 proc_id: 0 /HMC/ptbc_update_tm/GAUGE:gauge_derivative
# : Time for update_gauge 1.005677e-02 s level: 2 proc_id: 0 /HMC/ptbc_update_tm/update_gauge
# : Time for gauge_derivative 2.075430e-02 s level: 2 proc_id: 0 /HMC/ptbc_update_tm/GAUGE:gauge_derivative
# : Time for update_gauge 1.030717e-02 s level: 2 proc_id: 0 /HMC/ptbc_update_tm/update_gauge
# : Time for gauge_derivative 2.075124e-02 s level: 2 proc_id: 0 /HMC/ptbc_update_tm/GAUGE:gauge_derivative
# : Time for gauge_derivative 2.071392e-02 s level: 2 proc_id: 0 /HMC/ptbc_update_tm/GAUGE:gauge_derivative
# : Time for update_gauge 1.023282e-02 s level: 2 proc_id: 0 /HMC/ptbc_update_tm/update_gauge
# : Time for gauge_derivative 2.071008e-02 s level: 2 proc_id: 0 /HMC/ptbc_update_tm/GAUGE:gauge_derivative
# : Time for update_gauge 1.028097e-02 s level: 2 proc_id: 0 /HMC/ptbc_update_tm/update_gauge
# : Time for gauge_derivative 2.063147e-02 s level: 2 proc_id: 0 /HMC/ptbc_update_tm/GAUGE:gauge_derivative
# : Time for gauge_derivative 2.079910e-02 s level: 2 proc_id: 0 /HMC/ptbc_update_tm/GAUGE:gauge_derivative
# : Time for update_gauge 1.018824e-02 s level: 2 proc_id: 0 /HMC/ptbc_update_tm/update_gauge
# : Time for gauge_derivative 2.065932e-02 s level: 2 proc_id: 0 /HMC/ptbc_update_tm/GAUGE:gauge_derivative
# : Time for gauge_acc 5.094139e-03 s level: 2 proc_id: 0 /HMC/ptbc_update_tm/GAUGE:gauge_acc
# Trajectory is accepted.
# inst0: Time for ptbc_update_tm 2.480500e+00 s level: 1 proc_id: 0 /HMC/ptbc_update_tm
# inst0: Time for ptbc_swap_dh 1.031110e-02 s level: 2 proc_id: 0 /HMC/ptbc_swap/ptbc_swap_dh
[swap_link] inst 0 <-> 1: own_diff=2.731331e+01 partner_diff=-1.572408e+01 total_diff=1.158922e+01 expmdh=9.265387e-06 random number=8.758643e-01 accept=0
# inst0: Time for ptbc_swap 3.206604e-02 s level: 1 proc_id: 0 /HMC/ptbc_swap

I am step 0 instance 0 rank 0 
# Writing gauge field to .conf.t00000.tmp.
# Constructing LEMON writer for file .conf.t00000.tmp for append = 0
# Time spent writing 2.36 Mb was 105 ms.
# Writing speed: 22.4 Mb/s (22.4 Mb/s per MPI process).
# Scidac checksums for gaugefield .conf.t00000.tmp:
#   Calculated            : A = 0x4478bd28 B = 0xb3fa9601.
# Write completed, verifying write...
# Constructing LEMON reader for file .conf.t00000.tmp ...
# Time spent reading 2.36 Mb was 1.05 ms.
# Reading speed: 2.25 Gb/s (2.25 Gb/s per MPI process).
# Scidac checksums for gaugefield .conf.t00000.tmp:
#   Calculated            : A = 0x4478bd28 B = 0xb3fa9601.
#   Read from LIME headers: A = 0x4478bd28 B = 0xb3fa9601.
# Reading ildg-format record:
#   Precision = 64 bits (double).
#   Lattice size: LX = 8, LY = 8, LZ = 8, LT = 8.
# Input parameters:
#   Precision = 64 bits (double).
#   Lattice size: LX = 8, LY = 8, LZ = 8, LT = 8.
# Write successfully verified.
# Renaming .conf.t00000.tmp to conf.save.
#
# Starting trajectory no 1
# : Time for gauge_heatbath 5.204871e-03 s level: 2 proc_id: 0 /HMC/ptbc_update_tm/GAUGE:gauge_heatbath
# : Time for gauge_derivative 2.077700e-02 s level: 2 proc_id: 0 /HMC/ptbc_update_tm/GAUGE:gauge_derivative
# : Time for update_gauge 1.062783e-02 s level: 2 proc_id: 0 /HMC/ptbc_update_tm/update_gauge
# : Time for gauge_derivative 2.077274e-02 s level: 2 proc_id: 0 /HMC/ptbc_update_tm/GAUGE:gauge_derivative
# : Time for gauge_derivative 2.070234e-02 s level: 2 proc_id: 0 /HMC/ptbc_update_tm/GAUGE:gauge_derivative
# : Time for update_gauge 1.013647e-02 s level: 2 proc_id: 0 /HMC/ptbc_update_tm/update_gauge
# : Time for gauge_derivative 2.068843e-02 s level: 2 proc_id: 0 /HMC/ptbc_update_tm/GAUGE:gauge_derivative
# : Time for update_gauge 1.022388e-02 s level: 2 proc_id: 0 /HMC/ptbc_update_tm/update_gauge
# : Time for gauge_derivative 2.078395e-02 s level: 2 proc_id: 0 /HMC/ptbc_update_tm/GAUGE:gauge_derivative
# : Time for gauge_derivative 2.073312e-02 s level: 2 proc_id: 0 /HMC/ptbc_update_tm/GAUGE:gauge_derivative
# : Time for update_gauge 1.015500e-02 s level: 2 proc_id: 0 /HMC/ptbc_update_tm/update_gauge
# : Time for gauge_derivative 2.069317e-02 s level: 2 proc_id: 0 /HMC/ptbc_update_tm/GAUGE:gauge_derivative
# : Time for update_gauge 1.024952e-02 s level: 2 proc_id: 0 /HMC/ptbc_update_tm/update_gauge
# : Time for gauge_derivative 2.070987e-02 s level: 2 proc_id: 0 /HMC/ptbc_update_tm/GAUGE:gauge_derivative
# : Time for gauge_derivative 2.064656e-02 s level: 2 proc_id: 0 /HMC/ptbc_update_tm/GAUGE:gauge_derivative
# : Time for update_gauge 1.012986e-02 s level: 2 proc_id: 0 /HMC/ptbc_update_tm/update_gauge
# : Time for gauge_derivative 2.082257e-02 s level: 2 proc_id: 0 /HMC/ptbc_update_tm/GAUGE:gauge_derivative
# : Time for update_gauge 1.021992e-02 s level: 2 proc_id: 0 /HMC/ptbc_update_tm/update_gauge
# : Time for gauge_derivative 2.067829e-02 s level: 2 proc_id: 0 /HMC/ptbc_update_tm/GAUGE:gauge_derivative
# : Time for gauge_derivative 2.078370e-02 s level: 2 proc_id: 0 /HMC/ptbc_update_tm/GAUGE:gauge_derivative
# : Time for update_gauge 1.016382e-02 s level: 2 proc_id: 0 /HMC/ptbc_update_tm/update_gauge
# : Time for gauge_derivative 2.079332e-02 s level: 2 proc_id: 0 /HMC/ptbc_update_tm/GAUGE:gauge_derivative
# : Time for update_gauge 1.039146e-02 s level: 2 proc_id: 0 /HMC/ptbc_update_tm/update_gauge
# : Time for gauge_derivative 2.070720e-02 s level: 2 proc_id: 0 /HMC/ptbc_update_tm/GAUGE:gauge_derivative
# : Time for gauge_derivative 2.066127e-02 s level: 2 proc_id: 0 /HMC/ptbc_update_tm/GAUGE:gauge_derivative
# : Time for update_gauge 1.016904e-02 s level: 2 proc_id: 0 /HMC/ptbc_update_tm/update_gauge
# : Time for gauge_derivative 2.077980e-02 s level: 2 proc_id: 0 /HMC/ptbc_update_tm/GAUGE:gauge_derivative
# : Time for update_gauge 1.022827e-02 s level: 2 proc_id: 0 /HMC/ptbc_update_tm/update_gauge
# : Time for gauge_derivative 2.070794e-02 s level: 2 proc_id: 0 /HMC/ptbc_update_tm/GAUGE:gauge_derivative
# : Time for gauge_derivative 2.069036e-02 s level: 2 proc_id: 0 /HMC/ptbc_update_tm/GAUGE:gauge_derivative
# : Time for update_gauge 1.014710e-02 s level: 2 proc_id: 0 /HMC/ptbc_update_tm/update_gauge
# : Time for gauge_derivative 2.069296e-02 s level: 2 proc_id: 0 /HMC/ptbc_update_tm/GAUGE:gauge_derivative
# : Time for update_gauge 1.022104e-02 s level: 2 proc_id: 0 /HMC/ptbc_update_tm/update_gauge
# : Time for gauge_derivative 2.081971e-02 s level: 2 proc_id: 0 /HMC/ptbc_update_tm/GAUGE:gauge_derivative
# : Time for gauge_derivative 2.083305e-02 s level: 2 proc_id: 0 /HMC/ptbc_update_tm/GAUGE:gauge_derivative
# : Time for update_gauge 1.023905e-02 s level: 2 proc_id: 0 /HMC/ptbc_update_tm/update_gauge
# : Time for gauge_derivative 2.067588e-02 s level: 2 proc_id: 0 /HMC/ptbc_update_tm/GAUGE:gauge_derivative
# : Time for update_gauge 1.026788e-02 s level: 2 proc_id: 0 /HMC/ptbc_update_tm/update_gauge
# : Time for gauge_derivative 2.066932e-02 s level: 2 proc_id: 0 /HMC/ptbc_update_tm/GAUGE:gauge_derivative
# : Time for gauge_derivative 2.081593e-02 s level: 2 proc_id: 0 /HMC/ptbc_update_tm/GAUGE:gauge_derivative
# : Time for update_gauge 1.024871e-02 s level: 2 proc_id: 0 /HMC/ptbc_update_tm/update_gauge
# : Time for gauge_derivative 2.074458e-02 s level: 2 proc_id: 0 /HMC/ptbc_update_tm/GAUGE:gauge_derivative
# : Time for update_gauge 1.024490e-02 s level: 2 proc_id: 0 /HMC/ptbc_update_tm/update_gauge
# : Time for gauge_derivative 2.077348e-02 s level: 2 proc_id: 0 /HMC/ptbc_update_tm/GAUGE:gauge_derivative
# : Time for gauge_derivative 2.099671e-02 s level: 2 proc_id: 0 /HMC/ptbc_update_tm/GAUGE:gauge_derivative
# : Time for update_gauge 1.013541e-02 s level: 2 proc_id: 0 /HMC/ptbc_update_tm/update_gauge
# : Time for gauge_derivative 2.074382e-02 s level: 2 proc_id: 0 /HMC/ptbc_update_tm/GAUGE:gauge_derivative
# : Time for update_gauge 1.022428e-02 s level: 2 proc_id: 0 /HMC/ptbc_update_tm/update_gauge
# : Time for gauge_derivative 2.076296e-02 s level: 2 proc_id: 0 /HMC/ptbc_update_tm/GAUGE:gauge_derivative
# : Time for gauge_derivative 2.077981e-02 s level: 2 proc_id: 0 /HMC/ptbc_update_tm/GAUGE:gauge_derivative
# : Time for update_gauge 1.009050e-02 s level: 2 proc_id: 0 /HMC/ptbc_update_tm/update_gauge
# : Time for gauge_derivative 2.081813e-02 s level: 2 proc_id: 0 /HMC/ptbc_update_tm/GAUGE:gauge_derivative
# : Time for update_gauge 1.027066e-02 s level: 2 proc_id: 0 /HMC/ptbc_update_tm/update_gauge
# : Time for gauge_derivative 2.083269e-02 s level: 2 proc_id: 0 /HMC/ptbc_update_tm/GAUGE:gauge_derivative
# : Time for gauge_derivative 2.073914e-02 s level: 2 proc_id: 0 /HMC/ptbc_update_tm/GAUGE:gauge_derivative
# : Time for update_gauge 1.014426e-02 s level: 2 proc_id: 0 /HMC/ptbc_update_tm/update_gauge
# : Time for gauge_derivative 2.082324e-02 s level: 2 proc_id: 0 /HMC/ptbc_update_tm/GAUGE:gauge_derivative
# : Time for update_gauge 1.028725e-02 s level: 2 proc_id: 0 /HMC/ptbc_update_tm/update_gauge
# : Time for gauge_derivative 2.075998e-02 s level: 2 proc_id: 0 /HMC/ptbc_update_tm/GAUGE:gauge_derivative
# : Time for gauge_derivative 2.072383e-02 s level: 2 proc_id: 0 /HMC/ptbc_update_tm/GAUGE:gauge_derivative
# : Time for update_gauge 1.023643e-02 s level: 2 proc_id: 0 /HMC/ptbc_update_tm/update_gauge
# : Time for gauge_derivative 2.067157e-02 s level: 2 proc_id: 0 /HMC/ptbc_update_tm/GAUGE:gauge_derivative
# : Time for update_gauge 1.024886e-02 s level: 2 proc_id: 0 /HMC/ptbc_update_tm/update_gauge
# : Time for gauge_derivative 2.082433e-02 s level: 2 proc_id: 0 /HMC/ptbc_update_tm/GAUGE:gauge_derivative
# : Time for gauge_derivative 2.074291e-02 s level: 2 proc_id: 0 /HMC/ptbc_update_tm/GAUGE:gauge_derivative
# : Time for update_gauge 1.023642e-02 s level: 2 proc_id: 0 /HMC/ptbc_update_tm/update_gauge
# : Time for gauge_derivative 2.079619e-02 s level: 2 proc_id: 0 /HMC/ptbc_update_tm/GAUGE:gauge_derivative
# : Time for update_gauge 1.026210e-02 s level: 2 proc_id: 0 /HMC/ptbc_update_tm/update_gauge
# : Time for gauge_derivative 2.071302e-02 s level: 2 proc_id: 0 /HMC/ptbc_update_tm/GAUGE:gauge_derivative
# : Time for gauge_derivative 2.073247e-02 s level: 2 proc_id: 0 /HMC/ptbc_update_tm/GAUGE:gauge_derivative
# : Time for update_gauge 1.013287e-02 s level: 2 proc_id: 0 /HMC/ptbc_update_tm/update_gauge
# : Time for gauge_derivative 2.082290e-02 s level: 2 proc_id: 0 /HMC/ptbc_update_tm/GAUGE:gauge_derivative
# : Time for update_gauge 1.026972e-02 s level: 2 proc_id: 0 /HMC/ptbc_update_tm/update_gauge
# : Time for gauge_derivative 2.079740e-02 s level: 2 proc_id: 0 /HMC/ptbc_update_tm/GAUGE:gauge_derivative
# : Time for gauge_derivative 2.078200e-02 s level: 2 proc_id: 0 /HMC/ptbc_update_tm/GAUGE:gauge_derivative
# : Time for update_gauge 1.014163e-02 s level: 2 proc_id: 0 /HMC/ptbc_update_tm/update_gauge
# : Time for gauge_derivative 2.069426e-02 s level: 2 proc_id: 0 /HMC/ptbc_update_tm/GAUGE:gauge_derivative
# : Time for update_gauge 1.027371e-02 s level: 2 proc_id: 0 /HMC/ptbc_update_tm/update_gauge
# : Time for gauge_derivative 2.073802e-02 s level: 2 proc_id: 0 /HMC/ptbc_update_tm/GAUGE:gauge_derivative
# : Time for gauge_derivative 2.078539e-02 s level: 2 proc_id: 0 /HMC/ptbc_update_tm/GAUGE:gauge_derivative
# : Time for update_gauge 1.020057e-02 s level: 2 proc_id: 0 /HMC/ptbc_update_tm/update_gauge
# : Time for gauge_derivative 2.068913e-02 s level: 2 proc_id: 0 /HMC/ptbc_update_tm/GAUGE:gauge_derivative
# : Time for update_gauge 1.028448e-02 s level: 2 proc_id: 0 /HMC/ptbc_update_tm/update_gauge
# : Time for gauge_derivative 2.082028e-02 s level: 2 proc_id: 0 /HMC/ptbc_update_tm/GAUGE:gauge_derivative
# : Time for gauge_derivative 2.070482e-02 s level: 2 proc_id: 0 /HMC/ptbc_update_tm/GAUGE:gauge_derivative
# : Time for update_gauge 1.011207e-02 s level: 2 proc_id: 0 /HMC/ptbc_update_tm/update_gauge
# : Time for gauge_derivative 2.074417e-02 s level: 2 proc_id: 0 /HMC/ptbc_update_tm/GAUGE:gauge_derivative
# : Time for update_gauge 1.023063e-02 s level: 2 proc_id: 0 /HMC/ptbc_update_tm/update_gauge
# : Time for gauge_derivative 2.080704e-02 s level: 2 proc_id: 0 /HMC/ptbc_update_tm/GAUGE:gauge_derivative
# : Time for gauge_derivative 2.080412e-02 s level: 2 proc_id: 0 /HMC/ptbc_update_tm/GAUGE:gauge_derivative
# : Time for update_gauge 1.014474e-02 s level: 2 proc_id: 0 /HMC/ptbc_update_tm/update_gauge
# : Time for gauge_derivative 2.075570e-02 s level: 2 proc_id: 0 /HMC/ptbc_update_tm/GAUGE:gauge_derivative
# : Time for update_gauge 1.021709e-02 s level: 2 proc_id: 0 /HMC/ptbc_update_tm/update_gauge
# : Time for gauge_derivative 2.072504e-02 s level: 2 proc_id: 0 /HMC/ptbc_update_tm/GAUGE:gauge_derivative
# : Time for gauge_derivative 2.075031e-02 s level: 2 proc_id: 0 /HMC/ptbc_update_tm/GAUGE:gauge_derivative
# : Time for update_gauge 1.022182e-02 s level: 2 proc_id: 0 /HMC/ptbc_update_tm/update_gauge
# : Time for gauge_derivative 2.071394e-02 s level: 2 proc_id: 0 /HMC/ptbc_update_tm/GAUGE:gauge_derivative
# : Time for update_gauge 1.027298e-02 s level: 2 proc_id: 0 /HMC/ptbc_update_tm/update_gauge
# : Time for gauge_derivative 2.079893e-02 s level: 2 proc_id: 0 /HMC/ptbc_update_tm/GAUGE:gauge_derivative
# : Time for gauge_derivative 2.087094e-02 s level: 2 proc_id: 0 /HMC/ptbc_update_tm/GAUGE:gauge_derivative
# : Time for update_gauge 1.022187e-02 s level: 2 proc_id: 0 /HMC/ptbc_update_tm/update_gauge
# : Time for gauge_derivative 2.075559e-02 s level: 2 proc_id: 0 /HMC/ptbc_update_tm/GAUGE:gauge_derivative
# : Time for update_gauge 1.027852e-02 s level: 2 proc_id: 0 /HMC/ptbc_update_tm/update_gauge
# : Time for gauge_derivative 2.068133e-02 s level: 2 proc_id: 0 /HMC/ptbc_update_tm/GAUGE:gauge_derivative
# : Time for gauge_derivative 2.085958e-02 s level: 2 proc_id: 0 /HMC/ptbc_update_tm/GAUGE:gauge_derivative
# : Time for update_gauge 1.011325e-02 s level: 2 proc_id: 0 /HMC/ptbc_update_tm/update_gauge
# : Time for gauge_derivative 2.079798e-02 s level: 2 proc_id: 0 /HMC/ptbc_update_tm/GAUGE:gauge_derivative
# : Time for update_gauge 1.029821e-02 s level: 2 proc_id: 0 /HMC/ptbc_update_tm/update_gauge
# : Time for gauge_derivative 2.094378e-02 s level: 2 proc_id: 0 /HMC/ptbc_update_tm/GAUGE:gauge_derivative
# : Time for gauge_derivative 2.090814e-02 s level: 2 proc_id: 0 /HMC/ptbc_update_tm/GAUGE:gauge_derivative
# : Time for update_gauge 1.022644e-02 s level: 2 proc_id: 0 /HMC/ptbc_update_tm/update_gauge
# : Time for gauge_derivative 2.097459e-02 s level: 2 proc_id: 0 /HMC/ptbc_update_tm/GAUGE:gauge_derivative
# : Time for update_gauge 1.110398e-02 s level: 2 proc_id: 0 /HMC/ptbc_update_tm/update_gauge
# : Time for gauge_derivative 2.084376e-02 s level: 2 proc_id: 0 /HMC/ptbc_update_tm/GAUGE:gauge_derivative
# : Time for gauge_derivative 2.079998e-02 s level: 2 proc_id: 0 /HMC/ptbc_update_tm/GAUGE:gauge_derivative
# : Time for update_gauge 1.019889e-02 s level: 2 proc_id: 0 /HMC/ptbc_update_tm/update_gauge
# : Time for gauge_derivative 2.066867e-02 s level: 2 proc_id: 0 /HMC/ptbc_update_tm/GAUGE:gauge_derivative
# : Time for update_gauge 1.026421e-02 s level: 2 proc_id: 0 /HMC/ptbc_update_tm/update_gauge
# : Time for gauge_derivative 2.079056e-02 s level: 2 proc_id: 0 /HMC/ptbc_update_tm/GAUGE:gauge_derivative
# : Time for gauge_derivative 2.074503e-02 s level: 2 proc_id: 0 /HMC/ptbc_update_tm/GAUGE:gauge_derivative
# : Time for update_gauge 1.020834e-02 s level: 2 proc_id: 0 /HMC/ptbc_update_tm/update_gauge
# : Time for gauge_derivative 2.075701e-02 s level: 2 proc_id: 0 /HMC/ptbc_update_tm/GAUGE:gauge_derivative
# : Time for gauge_acc 5.101079e-03 s level: 2 proc_id: 0 /HMC/ptbc_update_tm/GAUGE:gauge_acc
# Trajectory is accepted.
# inst0: Time for ptbc_update_tm 2.486563e+00 s level: 1 proc_id: 0 /HMC/ptbc_update_tm
# inst0: Time for ptbc_swap_dh 1.035435e-02 s level: 2 proc_id: 0 /HMC/ptbc_swap/ptbc_swap_dh
[swap_link] inst 0 <-> 1: own_diff=2.644335e+01 partner_diff=-1.551915e+01 total_diff=1.092420e+01 expmdh=1.801688e-05 random number=3.823492e-01 accept=0
# inst0: Time for ptbc_swap 3.777231e-02 s level: 1 proc_id: 0 /HMC/ptbc_swap

I am step 1 instance 0 rank 0 
# Writing gauge field to .conf.t00001.tmp.
# Constructing LEMON writer for file .conf.t00001.tmp for append = 0
# Time spent writing 2.36 Mb was 134 ms.
# Writing speed: 17.6 Mb/s (17.6 Mb/s per MPI process).
# Scidac checksums for gaugefield .conf.t00001.tmp:
#   Calculated            : A = 0x1d94ca93 B = 0x8fe60b96.
# Write completed, verifying write...
# Constructing LEMON reader for file .conf.t00001.tmp ...
# Time spent reading 2.36 Mb was 516 us.
# Reading speed: 4.57 Gb/s (4.57 Gb/s per MPI process).
# Scidac checksums for gaugefield .conf.t00001.tmp:
#   Calculated            : A = 0x1d94ca93 B = 0x8fe60b96.
#   Read from LIME headers: A = 0x1d94ca93 B = 0x8fe60b96.
# Reading ildg-format record:
#   Precision = 64 bits (double).
#   Lattice size: LX = 8, LY = 8, LZ = 8, LT = 8.
# Input parameters:
#   Precision = 64 bits (double).
#   Lattice size: LX = 8, LY = 8, LZ = 8, LT = 8.
# Write successfully verified.
# Renaming .conf.t00001.tmp to conf.save.
#
# Starting trajectory no 2
# : Time for gauge_heatbath 5.144040e-03 s level: 2 proc_id: 0 /HMC/ptbc_update_tm/GAUGE:gauge_heatbath
# : Time for gauge_derivative 2.069183e-02 s level: 2 proc_id: 0 /HMC/ptbc_update_tm/GAUGE:gauge_derivative
# : Time for update_gauge 1.061747e-02 s level: 2 proc_id: 0 /HMC/ptbc_update_tm/update_gauge
# : Time for gauge_derivative 2.073700e-02 s level: 2 proc_id: 0 /HMC/ptbc_update_tm/GAUGE:gauge_derivative
# : Time for gauge_derivative 2.076861e-02 s level: 2 proc_id: 0 /HMC/ptbc_update_tm/GAUGE:gauge_derivative
# : Time for update_gauge 1.026042e-02 s level: 2 proc_id: 0 /HMC/ptbc_update_tm/update_gauge
# : Time for gauge_derivative 2.066065e-02 s level: 2 proc_id: 0 /HMC/ptbc_update_tm/GAUGE:gauge_derivative
# : Time for update_gauge 1.026955e-02 s level: 2 proc_id: 0 /HMC/ptbc_update_tm/update_gauge
# : Time for gauge_derivative 2.075091e-02 s level: 2 proc_id: 0 /HMC/ptbc_update_tm/GAUGE:gauge_derivative
# : Time for gauge_derivative 2.078120e-02 s level: 2 proc_id: 0 /HMC/ptbc_update_tm/GAUGE:gauge_derivative
# : Time for update_gauge 1.008665e-02 s level: 2 proc_id: 0 /HMC/ptbc_update_tm/update_gauge
# : Time for gauge_derivative 2.070708e-02 s level: 2 proc_id: 0 /HMC/ptbc_update_tm/GAUGE:gauge_derivative
# : Time for update_gauge 1.022351e-02 s level: 2 proc_id: 0 /HMC/ptbc_update_tm/update_gauge
# : Time for gauge_derivative 2.071924e-02 s level: 2 proc_id: 0 /HMC/ptbc_update_tm/GAUGE:gauge_derivative
# : Time for gauge_derivative 2.079816e-02 s level: 2 proc_id: 0 /HMC/ptbc_update_tm/GAUGE:gauge_derivative
# : Time for update_gauge 1.015046e-02 s level: 2 proc_id: 0 /HMC/ptbc_update_tm/update_gauge
# : Time for gauge_derivative 2.070302e-02 s level: 2 proc_id: 0 /HMC/ptbc_update_tm/GAUGE:gauge_derivative
# : Time for update_gauge 1.022950e-02 s level: 2 proc_id: 0 /HMC/ptbc_update_tm/update_gauge
# : Time for gauge_derivative 2.070952e-02 s level: 2 proc_id: 0 /HMC/ptbc_update_tm/GAUGE:gauge_derivative
# : Time for gauge_derivative 2.071130e-02 s level: 2 proc_id: 0 /HMC/ptbc_update_tm/GAUGE:gauge_derivative
# : Time for update_gauge 1.009292e-02 s level: 2 proc_id: 0 /HMC/ptbc_update_tm/update_gauge
# : Time for gauge_derivative 2.097351e-02 s level: 2 proc_id: 0 /HMC/ptbc_update_tm/GAUGE:gauge_derivative
# : Time for update_gauge 1.025382e-02 s level: 2 proc_id: 0 /HMC/ptbc_update_tm/update_gauge
# : Time for gauge_derivative 2.073659e-02 s level: 2 proc_id: 0 /HMC/ptbc_update_tm/GAUGE:gauge_derivative
# : Time for gauge_derivative 2.068052e-02 s level: 2 proc_id: 0 /HMC/ptbc_update_tm/GAUGE:gauge_derivative
# : Time for update_gauge 1.024093e-02 s level: 2 proc_id: 0 /HMC/ptbc_update_tm/update_gauge
# : Time for gauge_derivative 2.079804e-02 s level: 2 proc_id: 0 /HMC/ptbc_update_tm/GAUGE:gauge_derivative
# : Time for update_gauge 1.021499e-02 s level: 2 proc_id: 0 /HMC/ptbc_update_tm/update_gauge
# : Time for gauge_derivative 2.083579e-02 s level: 2 proc_id: 0 /HMC/ptbc_update_tm/GAUGE:gauge_derivative
# : Time for gauge_derivative 2.079464e-02 s level: 2 proc_id: 0 /HMC/ptbc_update_tm/GAUGE:gauge_derivative
# : Time for update_gauge 1.008512e-02 s level: 2 proc_id: 0 /HMC/ptbc_update_tm/update_gauge
# : Time for gauge_derivative 2.070103e-02 s level: 2 proc_id: 0 /HMC/ptbc_update_tm/GAUGE:gauge_derivative
# : Time for update_gauge 1.023666e-02 s level: 2 proc_id: 0 /HMC/ptbc_update_tm/update_gauge
# : Time for gauge_derivative 2.070481e-02 s level: 2 proc_id: 0 /HMC/ptbc_update_tm/GAUGE:gauge_derivative
# : Time for gauge_derivative 2.106351e-02 s level: 2 proc_id: 0 /HMC/ptbc_update_tm/GAUGE:gauge_derivative
# : Time for update_gauge 1.014609e-02 s level: 2 proc_id: 0 /HMC/ptbc_update_tm/update_gauge
# : Time for gauge_derivative 2.091574e-02 s level: 2 proc_id: 0 /HMC/ptbc_update_tm/GAUGE:gauge_derivative
# : Time for update_gauge 1.026584e-02 s level: 2 proc_id: 0 /HMC/ptbc_update_tm/update_gauge
# : Time for gauge_derivative 2.081369e-02 s level: 2 proc_id: 0 /HMC/ptbc_update_tm/GAUGE:gauge_derivative
# : Time for gauge_derivative 2.086043e-02 s level: 2 proc_id: 0 /HMC/ptbc_update_tm/GAUGE:gauge_derivative
# : Time for update_gauge 1.010674e-02 s level: 2 proc_id: 0 /HMC/ptbc_update_tm/update_gauge
# : Time for gauge_derivative 2.068038e-02 s level: 2 proc_id: 0 /HMC/ptbc_update_tm/GAUGE:gauge_derivative
# : Time for update_gauge 1.027840e-02 s level: 2 proc_id: 0 /HMC/ptbc_update_tm/update_gauge
# : Time for gauge_derivative 2.088954e-02 s level: 2 proc_id: 0 /HMC/ptbc_update_tm/GAUGE:gauge_derivative
# : Time for gauge_derivative 2.089187e-02 s level: 2 proc_id: 0 /HMC/ptbc_update_tm/GAUGE:gauge_derivative
# : Time for update_gauge 1.018411e-02 s level: 2 proc_id: 0 /HMC/ptbc_update_tm/update_gauge
# : Time for gauge_derivative 2.072907e-02 s level: 2 proc_id: 0 /HMC/ptbc_update_tm/GAUGE:gauge_derivative
# : Time for update_gauge 1.031669e-02 s level: 2 proc_id: 0 /HMC/ptbc_update_tm/update_gauge
# : Time for gauge_derivative 2.077009e-02 s level: 2 proc_id: 0 /HMC/ptbc_update_tm/GAUGE:gauge_derivative
# : Time for gauge_derivative 2.069743e-02 s level: 2 proc_id: 0 /HMC/ptbc_update_tm/GAUGE:gauge_derivative
# : Time for update_gauge 1.017559e-02 s level: 2 proc_id: 0 /HMC/ptbc_update_tm/update_gauge
# : Time for gauge_derivative 2.086603e-02 s level: 2 proc_id: 0 /HMC/ptbc_update_tm/GAUGE:gauge_derivative
# : Time for update_gauge 1.031304e-02 s level: 2 proc_id: 0 /HMC/ptbc_update_tm/update_gauge
# : Time for gauge_derivative 2.080421e-02 s level: 2 proc_id: 0 /HMC/ptbc_update_tm/GAUGE:gauge_derivative
# : Time for gauge_derivative 2.071017e-02 s level: 2 proc_id: 0 /HMC/ptbc_update_tm/GAUGE:gauge_derivative
# : Time for update_gauge 1.025177e-02 s level: 2 proc_id: 0 /HMC/ptbc_update_tm/update_gauge
# : Time for gauge_derivative 2.080871e-02 s level: 2 proc_id: 0 /HMC/ptbc_update_tm/GAUGE:gauge_derivative
# : Time for update_gauge 1.028422e-02 s level: 2 proc_id: 0 /HMC/ptbc_update_tm/update_gauge
# : Time for gauge_derivative 2.072674e-02 s level: 2 proc_id: 0 /HMC/ptbc_update_tm/GAUGE:gauge_derivative
# : Time for gauge_derivative 2.063212e-02 s level: 2 proc_id: 0 /HMC/ptbc_update_tm/GAUGE:gauge_derivative
# : Time for update_gauge 1.007975e-02 s level: 2 proc_id: 0 /HMC/ptbc_update_tm/update_gauge
# : Time for gauge_derivative 2.074423e-02 s level: 2 proc_id: 0 /HMC/ptbc_update_tm/GAUGE:gauge_derivative
# : Time for update_gauge 1.032074e-02 s level: 2 proc_id: 0 /HMC/ptbc_update_tm/update_gauge
# : Time for gauge_derivative 2.067122e-02 s level: 2 proc_id: 0 /HMC/ptbc_update_tm/GAUGE:gauge_derivative
# : Time for gauge_derivative 2.076220e-02 s level: 2 proc_id: 0 /HMC/ptbc_update_tm/GAUGE:gauge_derivative
# : Time for update_gauge 1.016615e-02 s level: 2 proc_id: 0 /HMC/ptbc_update_tm/update_gauge
# : Time for gauge_derivative 2.064170e-02 s level: 2 proc_id: 0 /HMC/ptbc_update_tm/GAUGE:gauge_derivative
# : Time for update_gauge 1.035714e-02 s level: 2 proc_id: 0 /HMC/ptbc_update_tm/update_gauge
# : Time for gauge_derivative 2.067811e-02 s level: 2 proc_id: 0 /HMC/ptbc_update_tm/GAUGE:gauge_derivative
# : Time for gauge_derivative 2.070331e-02 s level: 2 proc_id: 0 /HMC/ptbc_update_tm/GAUGE:gauge_derivative
# : Time for update_gauge 1.021113e-02 s level: 2 proc_id: 0 /HMC/ptbc_update_tm/update_gauge
# : Time for gauge_derivative 2.077933e-02 s level: 2 proc_id: 0 /HMC/ptbc_update_tm/GAUGE:gauge_derivative
# : Time for update_gauge 1.036116e-02 s level: 2 proc_id: 0 /HMC/ptbc_update_tm/update_gauge
# : Time for gauge_derivative 2.070923e-02 s level: 2 proc_id: 0 /HMC/ptbc_update_tm/GAUGE:gauge_derivative
# : Time for gauge_derivative 2.069549e-02 s level: 2 proc_id: 0 /HMC/ptbc_update_tm/GAUGE:gauge_derivative
# : Time for update_gauge 1.022243e-02 s level: 2 proc_id: 0 /HMC/ptbc_update_tm/update_gauge
# : Time for gauge_derivative 2.084473e-02 s level: 2 proc_id: 0 /HMC/ptbc_update_tm/GAUGE:gauge_derivative
# : Time for update_gauge 1.023800e-02 s level: 2 proc_id: 0 /HMC/ptbc_update_tm/update_gauge
# : Time for gauge_derivative 2.067626e-02 s level: 2 proc_id: 0 /HMC/ptbc_update_tm/GAUGE:gauge_derivative
# : Time for gauge_derivative 2.089127e-02 s level: 2 proc_id: 0 /HMC/ptbc_update_tm/GAUGE:gauge_derivative
# : Time for update_gauge 1.013447e-02 s level: 2 proc_id: 0 /HMC/ptbc_update_tm/update_gauge
# : Time for gauge_derivative 2.080224e-02 s level: 2 proc_id: 0 /HMC/ptbc_update_tm/GAUGE:gauge_derivative
# : Time for update_gauge 1.026110e-02 s level: 2 proc_id: 0 /HMC/ptbc_update_tm/update_gauge
# : Time for gauge_derivative 2.069657e-02 s level: 2 proc_id: 0 /HMC/ptbc_update_tm/GAUGE:gauge_derivative
# : Time for gauge_derivative 2.077711e-02 s level: 2 proc_id: 0 /HMC/ptbc_update_tm/GAUGE:gauge_derivative
# : Time for update_gauge 1.014016e-02 s level: 2 proc_id: 0 /HMC/ptbc_update_tm/update_gauge
# : Time for gauge_derivative 2.073330e-02 s level: 2 proc_id: 0 /HMC/ptbc_update_tm/GAUGE:gauge_derivative
# : Time for update_gauge 1.025754e-02 s level: 2 proc_id: 0 /HMC/ptbc_update_tm/update_gauge
# : Time for gauge_derivative 2.074225e-02 s level: 2 proc_id: 0 /HMC/ptbc_update_tm/GAUGE:gauge_derivative
# : Time for gauge_derivative 2.084048e-02 s level: 2 proc_id: 0 /HMC/ptbc_update_tm/GAUGE:gauge_derivative
# : Time for update_gauge 1.019400e-02 s level: 2 proc_id: 0 /HMC/ptbc_update_tm/update_gauge
# : Time for gauge_derivative 2.070902e-02 s level: 2 proc_id: 0 /HMC/ptbc_update_tm/GAUGE:gauge_derivative
# : Time for update_gauge 1.024730e-02 s level: 2 proc_id: 0 /HMC/ptbc_update_tm/update_gauge
# : Time for gauge_derivative 2.081815e-02 s level: 2 proc_id: 0 /HMC/ptbc_update_tm/GAUGE:gauge_derivative
# : Time for gauge_derivative 2.071993e-02 s level: 2 proc_id: 0 /HMC/ptbc_update_tm/GAUGE:gauge_derivative
# : Time for update_gauge 1.019112e-02 s level: 2 proc_id: 0 /HMC/ptbc_update_tm/update_gauge
# : Time for gauge_derivative 2.073442e-02 s level: 2 proc_id: 0 /HMC/ptbc_update_tm/GAUGE:gauge_derivative
# : Time for update_gauge 1.026888e-02 s level: 2 proc_id: 0 /HMC/ptbc_update_tm/update_gauge
# : Time for gauge_derivative 2.077535e-02 s level: 2 proc_id: 0 /HMC/ptbc_update_tm/GAUGE:gauge_derivative
# : Time for gauge_derivative 2.084396e-02 s level: 2 proc_id: 0 /HMC/ptbc_update_tm/GAUGE:gauge_derivative
# : Time for update_gauge 1.008995e-02 s level: 2 proc_id: 0 /HMC/ptbc_update_tm/update_gauge
# : Time for gauge_derivative 2.073997e-02 s level: 2 proc_id: 0 /HMC/ptbc_update_tm/GAUGE:gauge_derivative
# : Time for update_gauge 1.025381e-02 s level: 2 proc_id: 0 /HMC/ptbc_update_tm/update_gauge
# : Time for gauge_derivative 2.069100e-02 s level: 2 proc_id: 0 /HMC/ptbc_update_tm/GAUGE:gauge_derivative
# : Time for gauge_derivative 2.082534e-02 s level: 2 proc_id: 0 /HMC/ptbc_update_tm/GAUGE:gauge_derivative
# : Time for update_gauge 1.009560e-02 s level: 2 proc_id: 0 /HMC/ptbc_update_tm/update_gauge
# : Time for gauge_derivative 2.065415e-02 s level: 2 proc_id: 0 /HMC/ptbc_update_tm/GAUGE:gauge_derivative
# : Time for update_gauge 1.028067e-02 s level: 2 proc_id: 0 /HMC/ptbc_update_tm/update_gauge
# : Time for gauge_derivative 2.077904e-02 s level: 2 proc_id: 0 /HMC/ptbc_update_tm/GAUGE:gauge_derivative
# : Time for gauge_derivative 2.075292e-02 s level: 2 proc_id: 0 /HMC/ptbc_update_tm/GAUGE:gauge_derivative
# : Time for update_gauge 1.008459e-02 s level: 2 proc_id: 0 /HMC/ptbc_update_tm/update_gauge
# : Time for gauge_derivative 2.075578e-02 s level: 2 proc_id: 0 /HMC/ptbc_update_tm/GAUGE:gauge_derivative
# : Time for update_gauge 1.030937e-02 s level: 2 proc_id: 0 /HMC/ptbc_update_tm/update_gauge
# : Time for gauge_derivative 2.068968e-02 s level: 2 proc_id: 0 /HMC/ptbc_update_tm/GAUGE:gauge_derivative
# : Time for gauge_derivative 2.066627e-02 s level: 2 proc_id: 0 /HMC/ptbc_update_tm/GAUGE:gauge_derivative
# : Time for update_gauge 1.006758e-02 s level: 2 proc_id: 0 /HMC/ptbc_update_tm/update_gauge
# : Time for gauge_derivative 2.070988e-02 s level: 2 proc_id: 0 /HMC/ptbc_update_tm/GAUGE:gauge_derivative
# : Time for update_gauge 1.028777e-02 s level: 2 proc_id: 0 /HMC/ptbc_update_tm/update_gauge
# : Time for gauge_derivative 2.073499e-02 s level: 2 proc_id: 0 /HMC/ptbc_update_tm/GAUGE:gauge_derivative
# : Time for gauge_derivative 2.066253e-02 s level: 2 proc_id: 0 /HMC/ptbc_update_tm/GAUGE:gauge_derivative
# : Time for update_gauge 1.018284e-02 s level: 2 proc_id: 0 /HMC/ptbc_update_tm/update_gauge
# : Time for gauge_derivative 2.073799e-02 s level: 2 proc_id: 0 /HMC/ptbc_update_tm/GAUGE:gauge_derivative
# : Time for gauge_acc 5.146210e-03 s level: 2 proc_id: 0 /HMC/ptbc_update_tm/GAUGE:gauge_acc
# Trajectory is accepted.
# inst0: Time for ptbc_update_tm 2.648027e+00 s level: 1 proc_id: 0 /HMC/ptbc_update_tm
# inst0: Time for ptbc_swap_dh 1.021266e-02 s level: 2 proc_id: 0 /HMC/ptbc_swap/ptbc_swap_dh
[swap_link] inst 0 <-> 1: own_diff=3.142641e+01 partner_diff=-1.922090e+01 total_diff=1.220551e+01 expmdh=5.002831e-06 random number=8.101459e-01 accept=0
# inst0: Time for ptbc_swap 3.121978e-02 s level: 1 proc_id: 0 /HMC/ptbc_swap

I am step 2 instance 0 rank 0 
# Writing gauge field to .conf.t00002.tmp.
# Constructing LEMON writer for file .conf.t00002.tmp for append = 0
# Time spent writing 2.36 Mb was 89.3 ms.
# Writing speed: 26.4 Mb/s (26.4 Mb/s per MPI process).
# Scidac checksums for gaugefield .conf.t00002.tmp:
#   Calculated            : A = 0xa55e4e56 B = 0x9bdb266b.
# Write completed, verifying write...
# Constructing LEMON reader for file .conf.t00002.tmp ...
# Time spent reading 2.36 Mb was 577 us.
# Reading speed: 4.09 Gb/s (4.09 Gb/s per MPI process).
# Scidac checksums for gaugefield .conf.t00002.tmp:
#   Calculated            : A = 0xa55e4e56 B = 0x9bdb266b.
#   Read from LIME headers: A = 0xa55e4e56 B = 0x9bdb266b.
# Reading ildg-format record:
#   Precision = 64 bits (double).
#   Lattice size: LX = 8, LY = 8, LZ = 8, LT = 8.
# Input parameters:
#   Precision = 64 bits (double).
#   Lattice size: LX = 8, LY = 8, LZ = 8, LT = 8.
# Write successfully verified.
# Renaming .conf.t00002.tmp to conf.save.
#
# Starting trajectory no 3
# : Time for gauge_heatbath 5.161890e-03 s level: 2 proc_id: 0 /HMC/ptbc_update_tm/GAUGE:gauge_heatbath
# : Time for gauge_derivative 2.076867e-02 s level: 2 proc_id: 0 /HMC/ptbc_update_tm/GAUGE:gauge_derivative
# : Time for update_gauge 1.052899e-02 s level: 2 proc_id: 0 /HMC/ptbc_update_tm/update_gauge
# : Time for gauge_derivative 2.075463e-02 s level: 2 proc_id: 0 /HMC/ptbc_update_tm/GAUGE:gauge_derivative
# : Time for gauge_derivative 2.067765e-02 s level: 2 proc_id: 0 /HMC/ptbc_update_tm/GAUGE:gauge_derivative
# : Time for update_gauge 1.012162e-02 s level: 2 proc_id: 0 /HMC/ptbc_update_tm/update_gauge
# : Time for gauge_derivative 2.064220e-02 s level: 2 proc_id: 0 /HMC/ptbc_update_tm/GAUGE:gauge_derivative
# : Time for update_gauge 1.023806e-02 s level: 2 proc_id: 0 /HMC/ptbc_update_tm/update_gauge
# : Time for gauge_derivative 2.069280e-02 s level: 2 proc_id: 0 /HMC/ptbc_update_tm/GAUGE:gauge_derivative
# : Time for gauge_derivative 2.072160e-02 s level: 2 proc_id: 0 /HMC/ptbc_update_tm/GAUGE:gauge_derivative
# : Time for update_gauge 1.007219e-02 s level: 2 proc_id: 0 /HMC/ptbc_update_tm/update_gauge
# : Time for gauge_derivative 2.067154e-02 s level: 2 proc_id: 0 /HMC/ptbc_update_tm/GAUGE:gauge_derivative
# : Time for update_gauge 1.022332e-02 s level: 2 proc_id: 0 /HMC/ptbc_update_tm/update_gauge
# : Time for gauge_derivative 2.076318e-02 s level: 2 proc_id: 0 /HMC/ptbc_update_tm/GAUGE:gauge_derivative
# : Time for gauge_derivative 2.062249e-02 s level: 2 proc_id: 0 /HMC/ptbc_update_tm/GAUGE:gauge_derivative
# : Time for update_gauge 1.016728e-02 s level: 2 proc_id: 0 /HMC/ptbc_update_tm/update_gauge
# : Time for gauge_derivative 2.066660e-02 s level: 2 proc_id: 0 /HMC/ptbc_update_tm/GAUGE:gauge_derivative
# : Time for update_gauge 1.028469e-02 s level: 2 proc_id: 0 /HMC/ptbc_update_tm/update_gauge
# : Time for gauge_derivative 2.065352e-02 s level: 2 proc_id: 0 /HMC/ptbc_update_tm/GAUGE:gauge_derivative
# : Time for gauge_derivative 2.070187e-02 s level: 2 proc_id: 0 /HMC/ptbc_update_tm/GAUGE:gauge_derivative
# : Time for update_gauge 1.005288e-02 s level: 2 proc_id: 0 /HMC/ptbc_update_tm/update_gauge
# : Time for gauge_derivative 2.070156e-02 s level: 2 proc_id: 0 /HMC/ptbc_update_tm/GAUGE:gauge_derivative
# : Time for update_gauge 1.024746e-02 s level: 2 proc_id: 0 /HMC/ptbc_update_tm/update_gauge
# : Time for gauge_derivative 2.078412e-02 s level: 2 proc_id: 0 /HMC/ptbc_update_tm/GAUGE:gauge_derivative
# : Time for gauge_derivative 2.075649e-02 s level: 2 proc_id: 0 /HMC/ptbc_update_tm/GAUGE:gauge_derivative
# : Time for update_gauge 1.008753e-02 s level: 2 proc_id: 0 /HMC/ptbc_update_tm/update_gauge
# : Time for gauge_derivative 2.065497e-02 s level: 2 proc_id: 0 /HMC/ptbc_update_tm/GAUGE:gauge_derivative
# : Time for update_gauge 1.025066e-02 s level: 2 proc_id: 0 /HMC/ptbc_update_tm/update_gauge
# : Time for gauge_derivative 2.067291e-02 s level: 2 proc_id: 0 /HMC/ptbc_update_tm/GAUGE:gauge_derivative
# : Time for gauge_derivative 2.069233e-02 s level: 2 proc_id: 0 /HMC/ptbc_update_tm/GAUGE:gauge_derivative
# : Time for update_gauge 1.015901e-02 s level: 2 proc_id: 0 /HMC/ptbc_update_tm/update_gauge
# : Time for gauge_derivative 2.066816e-02 s level: 2 proc_id: 0 /HMC/ptbc_update_tm/GAUGE:gauge_derivative
# : Time for update_gauge 1.024619e-02 s level: 2 proc_id: 0 /HMC/ptbc_update_tm/update_gauge
# : Time for gauge_derivative 2.072159e-02 s level: 2 proc_id: 0 /HMC/ptbc_update_tm/GAUGE:gauge_derivative
# : Time for gauge_derivative 2.067711e-02 s level: 2 proc_id: 0 /HMC/ptbc_update_tm/GAUGE:gauge_derivative
# : Time for update_gauge 1.014573e-02 s level: 2 proc_id: 0 /HMC/ptbc_update_tm/update_gauge
# : Time for gauge_derivative 2.077680e-02 s level: 2 proc_id: 0 /HMC/ptbc_update_tm/GAUGE:gauge_derivative
# : Time for update_gauge 1.023911e-02 s level: 2 proc_id: 0 /HMC/ptbc_update_tm/update_gauge
# : Time for gauge_derivative 2.082534e-02 s level: 2 proc_id: 0 /HMC/ptbc_update_tm/GAUGE:gauge_derivative
# : Time for gauge_derivative 2.067994e-02 s level: 2 proc_id: 0 /HMC/ptbc_update_tm/GAUGE:gauge_derivative
# : Time for update_gauge 1.003364e-02 s level: 2 proc_id: 0 /HMC/ptbc_update_tm/update_gauge
# : Time for gauge_derivative 2.068877e-02 s level: 2 proc_id: 0 /HMC/ptbc_update_tm/GAUGE:gauge_derivative
# : Time for update_gauge 1.022978e-02 s level: 2 proc_id: 0 /HMC/ptbc_update_tm/update_gauge
# : Time for gauge_derivative 2.065682e-02 s level: 2 proc_id: 0 /HMC/ptbc_update_tm/GAUGE:gauge_derivative
# : Time for gauge_derivative 2.067119e-02 s level: 2 proc_id: 0 /HMC/ptbc_update_tm/GAUGE:gauge_derivative
# : Time for update_gauge 1.006469e-02 s level: 2 proc_id: 0 /HMC/ptbc_update_tm/update_gauge
# : Time for gauge_derivative 2.063949e-02 s level: 2 proc_id: 0 /HMC/ptbc_update_tm/GAUGE:gauge_derivative
# : Time for update_gauge 1.023182e-02 s level: 2 proc_id: 0 /HMC/ptbc_update_tm/update_gauge
# : Time for gauge_derivative 2.065014e-02 s level: 2 proc_id: 0 /HMC/ptbc_update_tm/GAUGE:gauge_derivative
# : Time for gauge_derivative 2.074429e-02 s level: 2 proc_id: 0 /HMC/ptbc_update_tm/GAUGE:gauge_derivative
# : Time for update_gauge 1.011901e-02 s level: 2 proc_id: 0 /HMC/ptbc_update_tm/update_gauge
# : Time for gauge_derivative 2.080848e-02 s level: 2 proc_id: 0 /HMC/ptbc_update_tm/GAUGE:gauge_derivative
# : Time for update_gauge 1.021021e-02 s level: 2 proc_id: 0 /HMC/ptbc_update_tm/update_gauge
# : Time for gauge_derivative 2.066611e-02 s level: 2 proc_id: 0 /HMC/ptbc_update_tm/GAUGE:gauge_derivative
# : Time for gauge_derivative 2.071182e-02 s level: 2 proc_id: 0 /HMC/ptbc_update_tm/GAUGE:gauge_derivative
# : Time for update_gauge 1.014500e-02 s level: 2 proc_id: 0 /HMC/ptbc_update_tm/update_gauge
# : Time for gauge_derivative 2.064510e-02 s level: 2 proc_id: 0 /HMC/ptbc_update_tm/GAUGE:gauge_derivative
# : Time for update_gauge 1.023518e-02 s level: 2 proc_id: 0 /HMC/ptbc_update_tm/update_gauge
# : Time for gauge_derivative 2.061755e-02 s level: 2 proc_id: 0 /HMC/ptbc_update_tm/GAUGE:gauge_derivative
# : Time for gauge_derivative 2.078276e-02 s level: 2 proc_id: 0 /HMC/ptbc_update_tm/GAUGE:gauge_derivative
# : Time for update_gauge 1.005097e-02 s level: 2 proc_id: 0 /HMC/ptbc_update_tm/update_gauge
# : Time for gauge_derivative 2.070460e-02 s level: 2 proc_id: 0 /HMC/ptbc_update_tm/GAUGE:gauge_derivative
# : Time for update_gauge 1.022534e-02 s level: 2 proc_id: 0 /HMC/ptbc_update_tm/update_gauge
# : Time for gauge_derivative 2.074392e-02 s level: 2 proc_id: 0 /HMC/ptbc_update_tm/GAUGE:gauge_derivative
# : Time for gauge_derivative 2.077527e-02 s level: 2 proc_id: 0 /HMC/ptbc_update_tm/GAUGE:gauge_derivative
# : Time for update_gauge 1.016602e-02 s level: 2 proc_id: 0 /HMC/ptbc_update_tm/update_gauge
# : Time for gauge_derivative 2.067443e-02 s level: 2 proc_id: 0 /HMC/ptbc_update_tm/GAUGE:gauge_derivative
# : Time for update_gauge 1.025598e-02 s level: 2 proc_id: 0 /HMC/ptbc_update_tm/update_gauge
# : Time for gauge_derivative 2.077826e-02 s level: 2 proc_id: 0 /HMC/ptbc_update_tm/GAUGE:gauge_derivative
# : Time for gauge_derivative 2.080649e-02 s level: 2 proc_id: 0 /HMC/ptbc_update_tm/GAUGE:gauge_derivative
# : Time for update_gauge 1.014736e-02 s level: 2 proc_id: 0 /HMC/ptbc_update_tm/update_gauge
# : Time for gauge_derivative 2.070481e-02 s level: 2 proc_id: 0 /HMC/ptbc_update_tm/GAUGE:gauge_derivative
# : Time for update_gauge 1.027722e-02 s level: 2 proc_id: 0 /HMC/ptbc_update_tm/update_gauge
# : Time for gauge_derivative 2.065980e-02 s level: 2 proc_id: 0 /HMC/ptbc_update_tm/GAUGE:gauge_derivative
# : Time for gauge_derivative 2.070430e-02 s level: 2 proc_id: 0 /HMC/ptbc_update_tm/GAUGE:gauge_derivative
# : Time for update_gauge 1.008540e-02 s level: 2 proc_id: 0 /HMC/ptbc_update_tm/update_gauge
# : Time for gauge_derivative 2.086616e-02 s level: 2 proc_id: 0 /HMC/ptbc_update_tm/GAUGE:gauge_derivative
# : Time for update_gauge 1.037818e-02 s level: 2 proc_id: 0 /HMC/ptbc_update_tm/update_gauge
# : Time for gauge_derivative 2.078359e-02 s level: 2 proc_id: 0 /HMC/ptbc_update_tm/GAUGE:gauge_derivative
# : Time for gauge_derivative 2.080927e-02 s level: 2 proc_id: 0 /HMC/ptbc_update_tm/GAUGE:gauge_derivative
# : Time for update_gauge 1.009153e-02 s level: 2 proc_id: 0 /HMC/ptbc_update_tm/update_gauge
# : Time for gauge_derivative 2.072153e-02 s level: 2 proc_id: 0 /HMC/ptbc_update_tm/GAUGE:gauge_derivative
# : Time for update_gauge 1.025826e-02 s level: 2 proc_id: 0 /HMC/ptbc_update_tm/update_gauge
# : Time for gauge_derivative 2.082028e-02 s level: 2 proc_id: 0 /HMC/ptbc_update_tm/GAUGE:gauge_derivative
# : Time for gauge_derivative 2.082264e-02 s level: 2 proc_id: 0 /HMC/ptbc_update_tm/GAUGE:gauge_derivative
# : Time for update_gauge 1.018852e-02 s level: 2 proc_id: 0 /HMC/ptbc_update_tm/update_gauge
# : Time for gauge_derivative 2.068350e-02 s level: 2 proc_id: 0 /HMC/ptbc_update_tm/GAUGE:gauge_derivative
# : Time for update_gauge 1.027902e-02 s level: 2 proc_id: 0 /HMC/ptbc_update_tm/update_gauge
# : Time for gauge_derivative 2.062686e-02 s level: 2 proc_id: 0 /HMC/ptbc_update_tm/GAUGE:gauge_derivative
# : Time for gauge_derivative 2.067020e-02 s level: 2 proc_id: 0 /HMC/ptbc_update_tm/GAUGE:gauge_derivative
# : Time for update_gauge 1.016590e-02 s level: 2 proc_id: 0 /HMC/ptbc_update_tm/update_gauge
# : Time for gauge_derivative 2.078004e-02 s level: 2 proc_id: 0 /HMC/ptbc_update_tm/GAUGE:gauge_derivative
# : Time for update_gauge 1.021744e-02 s level: 2 proc_id: 0 /HMC/ptbc_update_tm/update_gauge
# : Time for gauge_derivative 2.079423e-02 s level: 2 proc_id: 0 /HMC/ptbc_update_tm/GAUGE:gauge_derivative
# : Time for gauge_derivative 2.077770e-02 s level: 2 proc_id: 0 /HMC/ptbc_update_tm/GAUGE:gauge_derivative
# : Time for update_gauge 1.013551e-02 s level: 2 proc_id: 0 /HMC/ptbc_update_tm/update_gauge
# : Time for gauge_derivative 2.071500e-02 s level: 2 proc_id: 0 /HMC/ptbc_update_tm/GAUGE:gauge_derivative
# : Time for update_gauge 1.026293e-02 s level: 2 proc_id: 0 /HMC/ptbc_update_tm/update_gauge
# : Time for gauge_derivative 2.073722e-02 s level: 2 proc_id: 0 /HMC/ptbc_update_tm/GAUGE:gauge_derivative
# : Time for gauge_derivative 2.082407e-02 s level: 2 proc_id: 0 /HMC/ptbc_update_tm/GAUGE:gauge_derivative
# : Time for update_gauge 1.021446e-02 s level: 2 proc_id: 0 /HMC/ptbc_update_tm/update_gauge
# : Time for gauge_derivative 2.061291e-02 s level: 2 proc_id: 0 /HMC/ptbc_update_tm/GAUGE:gauge_derivative
# : Time for update_gauge 1.026330e-02 s level: 2 proc_id: 0 /HMC/ptbc_update_tm/update_gauge
# : Time for gauge_derivative 2.065964e-02 s level: 2 proc_id: 0 /HMC/ptbc_update_tm/GAUGE:gauge_derivative
# : Time for gauge_derivative 2.081073e-02 s level: 2 proc_id: 0 /HMC/ptbc_update_tm/GAUGE:gauge_derivative
# : Time for update_gauge 1.014290e-02 s level: 2 proc_id: 0 /HMC/ptbc_update_tm/update_gauge
# : Time for gauge_derivative 2.080089e-02 s level: 2 proc_id: 0 /HMC/ptbc_update_tm/GAUGE:gauge_derivative
# : Time for update_gauge 1.027172e-02 s level: 2 proc_id: 0 /HMC/ptbc_update_tm/update_gauge
# : Time for gauge_derivative 2.078295e-02 s level: 2 proc_id: 0 /HMC/ptbc_update_tm/GAUGE:gauge_derivative
# : Time for gauge_derivative 2.077654e-02 s level: 2 proc_id: 0 /HMC/ptbc_update_tm/GAUGE:gauge_derivative
# : Time for update_gauge 1.010195e-02 s level: 2 proc_id: 0 /HMC/ptbc_update_tm/update_gauge
# : Time for gauge_derivative 2.067241e-02 s level: 2 proc_id: 0 /HMC/ptbc_update_tm/GAUGE:gauge_derivative
# : Time for update_gauge 1.033191e-02 s level: 2 proc_id: 0 /HMC/ptbc_update_tm/update_gauge
# : Time for gauge_derivative 2.077919e-02 s level: 2 proc_id: 0 /HMC/ptbc_update_tm/GAUGE:gauge_derivative
# : Time for gauge_derivative 2.075504e-02 s level: 2 proc_id: 0 /HMC/ptbc_update_tm/GAUGE:gauge_derivative
# : Time for update_gauge 1.014391e-02 s level: 2 proc_id: 0 /HMC/ptbc_update_tm/update_gauge
# : Time for gauge_derivative 2.076292e-02 s level: 2 proc_id: 0 /HMC/ptbc_update_tm/GAUGE:gauge_derivative
# : Time for update_gauge 1.027930e-02 s level: 2 proc_id: 0 /HMC/ptbc_update_tm/update_gauge
# : Time for gauge_derivative 2.083868e-02 s level: 2 proc_id: 0 /HMC/ptbc_update_tm/GAUGE:gauge_derivative
# : Time for gauge_derivative 2.073423e-02 s level: 2 proc_id: 0 /HMC/ptbc_update_tm/GAUGE:gauge_derivative
# : Time for update_gauge 1.011366e-02 s level: 2 proc_id: 0 /HMC/ptbc_update_tm/update_gauge
# : Time for gauge_derivative 2.079712e-02 s level: 2 proc_id: 0 /HMC/ptbc_update_tm/GAUGE:gauge_derivative
# : Time for gauge_acc 5.100410e-03 s level: 2 proc_id: 0 /HMC/ptbc_update_tm/GAUGE:gauge_acc
# Trajectory is accepted.
# inst0: Time for ptbc_update_tm 2.575461e+00 s level: 1 proc_id: 0 /HMC/ptbc_update_tm
# inst0: Time for ptbc_swap_dh 1.030546e-02 s level: 2 proc_id: 0 /HMC/ptbc_swap/ptbc_swap_dh
[swap_link] inst 0 <-> 1: own_diff=3.623155e+01 partner_diff=-1.224359e+01 total_diff=2.398796e+01 expmdh=3.820846e-11 random number=5.077694e-01 accept=0
# inst0: Time for ptbc_swap 3.134003e-02 s level: 1 proc_id: 0 /HMC/ptbc_swap

I am step 3 instance 0 rank 0 
# Writing gauge field to .conf.t00003.tmp.
# Constructing LEMON writer for file .conf.t00003.tmp for append = 0
# Time spent writing 2.36 Mb was 92.4 ms.
# Writing speed: 25.5 Mb/s (25.5 Mb/s per MPI process).
# Scidac checksums for gaugefield .conf.t00003.tmp:
#   Calculated            : A = 0x845d06d9 B = 0x233e5999.
# Write completed, verifying write...
# Constructing LEMON reader for file .conf.t00003.tmp ...
# Time spent reading 2.36 Mb was 531 us.
# Reading speed: 4.44 Gb/s (4.44 Gb/s per MPI process).
# Scidac checksums for gaugefield .conf.t00003.tmp:
#   Calculated            : A = 0x845d06d9 B = 0x233e5999.
#   Read from LIME headers: A = 0x845d06d9 B = 0x233e5999.
# Reading ildg-format record:
#   Precision = 64 bits (double).
#   Lattice size: LX = 8, LY = 8, LZ = 8, LT = 8.
# Input parameters:
#   Precision = 64 bits (double).
#   Lattice size: LX = 8, LY = 8, LZ = 8, LT = 8.
# Write successfully verified.
# Renaming .conf.t00003.tmp to conf.save.
#
# Starting trajectory no 4
# : Time for gauge_heatbath 5.248771e-03 s level: 2 proc_id: 0 /HMC/ptbc_update_tm/GAUGE:gauge_heatbath
# : Time for gauge_derivative 2.071784e-02 s level: 2 proc_id: 0 /HMC/ptbc_update_tm/GAUGE:gauge_derivative
# : Time for update_gauge 1.085180e-02 s level: 2 proc_id: 0 /HMC/ptbc_update_tm/update_gauge
# : Time for gauge_derivative 2.076100e-02 s level: 2 proc_id: 0 /HMC/ptbc_update_tm/GAUGE:gauge_derivative
# : Time for gauge_derivative 2.082699e-02 s level: 2 proc_id: 0 /HMC/ptbc_update_tm/GAUGE:gauge_derivative
# : Time for update_gauge 1.011227e-02 s level: 2 proc_id: 0 /HMC/ptbc_update_tm/update_gauge
# : Time for gauge_derivative 2.064650e-02 s level: 2 proc_id: 0 /HMC/ptbc_update_tm/GAUGE:gauge_derivative
# : Time for update_gauge 1.024466e-02 s level: 2 proc_id: 0 /HMC/ptbc_update_tm/update_gauge
# : Time for gauge_derivative 2.064638e-02 s level: 2 proc_id: 0 /HMC/ptbc_update_tm/GAUGE:gauge_derivative
# : Time for gauge_derivative 2.066504e-02 s level: 2 proc_id: 0 /HMC/ptbc_update_tm/GAUGE:gauge_derivative
# : Time for update_gauge 1.007591e-02 s level: 2 proc_id: 0 /HMC/ptbc_update_tm/update_gauge
# : Time for gauge_derivative 2.075152e-02 s level: 2 proc_id: 0 /HMC/ptbc_update_tm/GAUGE:gauge_derivative
# : Time for update_gauge 1.025360e-02 s level: 2 proc_id: 0 /HMC/ptbc_update_tm/update_gauge
# : Time for gauge_derivative 2.068001e-02 s level: 2 proc_id: 0 /HMC/ptbc_update_tm/GAUGE:gauge_derivative
# : Time for gauge_derivative 2.803264e-02 s level: 2 proc_id: 0 /HMC/ptbc_update_tm/GAUGE:gauge_derivative
# : Time for update_gauge 1.019651e-02 s level: 2 proc_id: 0 /HMC/ptbc_update_tm/update_gauge
# : Time for gauge_derivative 2.069059e-02 s level: 2 proc_id: 0 /HMC/ptbc_update_tm/GAUGE:gauge_derivative
# : Time for update_gauge 1.038557e-02 s level: 2 proc_id: 0 /HMC/ptbc_update_tm/update_gauge
# : Time for gauge_derivative 2.063289e-02 s level: 2 proc_id: 0 /HMC/ptbc_update_tm/GAUGE:gauge_derivative
# : Time for gauge_derivative 2.060153e-02 s level: 2 proc_id: 0 /HMC/ptbc_update_tm/GAUGE:gauge_derivative
# : Time for update_gauge 1.008324e-02 s level: 2 proc_id: 0 /HMC/ptbc_update_tm/update_gauge
# : Time for gauge_derivative 2.068352e-02 s level: 2 proc_id: 0 /HMC/ptbc_update_tm/GAUGE:gauge_derivative
# : Time for update_gauge 1.025810e-02 s level: 2 proc_id: 0 /HMC/ptbc_update_tm/update_gauge
# : Time for gauge_derivative 2.076919e-02 s level: 2 proc_id: 0 /HMC/ptbc_update_tm/GAUGE:gauge_derivative
# : Time for gauge_derivative 2.076487e-02 s level: 2 proc_id: 0 /HMC/ptbc_update_tm/GAUGE:gauge_derivative
# : Time for update_gauge 1.006690e-02 s level: 2 proc_id: 0 /HMC/ptbc_update_tm/update_gauge
# : Time for gauge_derivative 2.068740e-02 s level: 2 proc_id: 0 /HMC/ptbc_update_tm/GAUGE:gauge_derivative
# : Time for update_gauge 1.026869e-02 s level: 2 proc_id: 0 /HMC/ptbc_update_tm/update_gauge
# : Time for gauge_derivative 2.082287e-02 s level: 2 proc_id: 0 /HMC/ptbc_update_tm/GAUGE:gauge_derivative
# : Time for gauge_derivative 2.067321e-02 s level: 2 proc_id: 0 /HMC/ptbc_update_tm/GAUGE:gauge_derivative
# : Time for update_gauge 1.017823e-02 s level: 2 proc_id: 0 /HMC/ptbc_update_tm/update_gauge
# : Time for gauge_derivative 2.058386e-02 s level: 2 proc_id: 0 /HMC/ptbc_update_tm/GAUGE:gauge_derivative
# : Time for update_gauge 1.023451e-02 s level: 2 proc_id: 0 /HMC/ptbc_update_tm/update_gauge
# : Time for gauge_derivative 2.061416e-02 s level: 2 proc_id: 0 /HMC/ptbc_update_tm/GAUGE:gauge_derivative
# : Time for gauge_derivative 2.071730e-02 s level: 2 proc_id: 0 /HMC/ptbc_update_tm/GAUGE:gauge_derivative
# : Time for update_gauge 1.005145e-02 s level: 2 proc_id: 0 /HMC/ptbc_update_tm/update_gauge
# : Time for gauge_derivative 2.074859e-02 s level: 2 proc_id: 0 /HMC/ptbc_update_tm/GAUGE:gauge_derivative
# : Time for update_gauge 1.024064e-02 s level: 2 proc_id: 0 /HMC/ptbc_update_tm/update_gauge
# : Time for gauge_derivative 2.078083e-02 s level: 2 proc_id: 0 /HMC/ptbc_update_tm/GAUGE:gauge_derivative
# : Time for gauge_derivative 2.064493e-02 s level: 2 proc_id: 0 /HMC/ptbc_update_tm/GAUGE:gauge_derivative
# : Time for update_gauge 1.014171e-02 s level: 2 proc_id: 0 /HMC/ptbc_update_tm/update_gauge
# : Time for gauge_derivative 2.062557e-02 s level: 2 proc_id: 0 /HMC/ptbc_update_tm/GAUGE:gauge_derivative
# : Time for update_gauge 1.028252e-02 s level: 2 proc_id: 0 /HMC/ptbc_update_tm/update_gauge
# : Time for gauge_derivative 2.061133e-02 s level: 2 proc_id: 0 /HMC/ptbc_update_tm/GAUGE:gauge_derivative
# : Time for gauge_derivative 2.076223e-02 s level: 2 proc_id: 0 /HMC/ptbc_update_tm/GAUGE:gauge_derivative
# : Time for update_gauge 1.008278e-02 s level: 2 proc_id: 0 /HMC/ptbc_update_tm/update_gauge
# : Time for gauge_derivative 2.062948e-02 s level: 2 proc_id: 0 /HMC/ptbc_update_tm/GAUGE:gauge_derivative
# : Time for update_gauge 1.026274e-02 s level: 2 proc_id: 0 /HMC/ptbc_update_tm/update_gauge
# : Time for gauge_derivative 2.076383e-02 s level: 2 proc_id: 0 /HMC/ptbc_update_tm/GAUGE:gauge_derivative
# : Time for gauge_derivative 2.080528e-02 s level: 2 proc_id: 0 /HMC/ptbc_update_tm/GAUGE:gauge_derivative
# : Time for update_gauge 1.011320e-02 s level: 2 proc_id: 0 /HMC/ptbc_update_tm/update_gauge
# : Time for gauge_derivative 2.074998e-02 s level: 2 proc_id: 0 /HMC/ptbc_update_tm/GAUGE:gauge_derivative
# : Time for update_gauge 1.027192e-02 s level: 2 proc_id: 0 /HMC/ptbc_update_tm/update_gauge
# : Time for gauge_derivative 2.071296e-02 s level: 2 proc_id: 0 /HMC/ptbc_update_tm/GAUGE:gauge_derivative
# : Time for gauge_derivative 2.076622e-02 s level: 2 proc_id: 0 /HMC/ptbc_update_tm/GAUGE:gauge_derivative
# : Time for update_gauge 1.007575e-02 s level: 2 proc_id: 0 /HMC/ptbc_update_tm/update_gauge
# : Time for gauge_derivative 2.072373e-02 s level: 2 proc_id: 0 /HMC/ptbc_update_tm/GAUGE:gauge_derivative
# : Time for update_gauge 1.021500e-02 s level: 2 proc_id: 0 /HMC/ptbc_update_tm/update_gauge
# : Time for gauge_derivative 2.071136e-02 s level: 2 proc_id: 0 /HMC/ptbc_update_tm/GAUGE:gauge_derivative
# : Time for gauge_derivative 2.078238e-02 s level: 2 proc_id: 0 /HMC/ptbc_update_tm/GAUGE:gauge_derivative
# : Time for update_gauge 1.016695e-02 s level: 2 proc_id: 0 /HMC/ptbc_update_tm/update_gauge
# : Time for gauge_derivative 2.064151e-02 s level: 2 proc_id: 0 /HMC/ptbc_update_tm/GAUGE:gauge_derivative
# : Time for update_gauge 1.024314e-02 s level: 2 proc_id: 0 /HMC/ptbc_update_tm/update_gauge
# : Time for gauge_derivative 2.083320e-02 s level: 2 proc_id: 0 /HMC/ptbc_update_tm/GAUGE:gauge_derivative
# : Time for gauge_derivative 2.066550e-02 s level: 2 proc_id: 0 /HMC/ptbc_update_tm/GAUGE:gauge_derivative
# : Time for update_gauge 1.000925e-02 s level: 2 proc_id: 0 /HMC/ptbc_update_tm/update_gauge
# : Time for gauge_derivative 2.071865e-02 s level: 2 proc_id: 0 /HMC/ptbc_update_tm/GAUGE:gauge_derivative
# : Time for update_gauge 1.032015e-02 s level: 2 proc_id: 0 /HMC/ptbc_update_tm/update_gauge
# : Time for gauge_derivative 2.062595e-02 s level: 2 proc_id: 0 /HMC/ptbc_update_tm/GAUGE:gauge_derivative
# : Time for gauge_derivative 2.072075e-02 s level: 2 proc_id: 0 /HMC/ptbc_update_tm/GAUGE:gauge_derivative
# : Time for update_gauge 1.012213e-02 s level: 2 proc_id: 0 /HMC/ptbc_update_tm/update_gauge
# : Time for gauge_derivative 2.065980e-02 s level: 2 proc_id: 0 /HMC/ptbc_update_tm/GAUGE:gauge_derivative
# : Time for update_gauge 1.022102e-02 s level: 2 proc_id: 0 /HMC/ptbc_update_tm/update_gauge
# : Time for gauge_derivative 2.068035e-02 s level: 2 proc_id: 0 /HMC/ptbc_update_tm/GAUGE:gauge_derivative
# : Time for gauge_derivative 2.071906e-02 s level: 2 proc_id: 0 /HMC/ptbc_update_tm/GAUGE:gauge_derivative
# : Time for update_gauge 1.023841e-02 s level: 2 proc_id: 0 /HMC/ptbc_update_tm/update_gauge
# : Time for gauge_derivative 2.063532e-02 s level: 2 proc_id: 0 /HMC/ptbc_update_tm/GAUGE:gauge_derivative
# : Time for update_gauge 1.024301e-02 s level: 2 proc_id: 0 /HMC/ptbc_update_tm/update_gauge
# : Time for gauge_derivative 2.082426e-02 s level: 2 proc_id: 0 /HMC/ptbc_update_tm/GAUGE:gauge_derivative
# : Time for gauge_derivative 2.067895e-02 s level: 2 proc_id: 0 /HMC/ptbc_update_tm/GAUGE:gauge_derivative
# : Time for update_gauge 1.007848e-02 s level: 2 proc_id: 0 /HMC/ptbc_update_tm/update_gauge
# : Time for gauge_derivative 2.064325e-02 s level: 2 proc_id: 0 /HMC/ptbc_update_tm/GAUGE:gauge_derivative
# : Time for update_gauge 1.025865e-02 s level: 2 proc_id: 0 /HMC/ptbc_update_tm/update_gauge
# : Time for gauge_derivative 2.075233e-02 s level: 2 proc_id: 0 /HMC/ptbc_update_tm/GAUGE:gauge_derivative
# : Time for gauge_derivative 2.070079e-02 s level: 2 proc_id: 0 /HMC/ptbc_update_tm/GAUGE:gauge_derivative
# : Time for update_gauge 1.015293e-02 s level: 2 proc_id: 0 /HMC/ptbc_update_tm/update_gauge
# : Time for gauge_derivative 2.065135e-02 s level: 2 proc_id: 0 /HMC/ptbc_update_tm/GAUGE:gauge_derivative
# : Time for update_gauge 1.030676e-02 s level: 2 proc_id: 0 /HMC/ptbc_update_tm/update_gauge
# : Time for gauge_derivative 2.063526e-02 s level: 2 proc_id: 0 /HMC/ptbc_update_tm/GAUGE:gauge_derivative
# : Time for gauge_derivative 2.080168e-02 s level: 2 proc_id: 0 /HMC/ptbc_update_tm/GAUGE:gauge_derivative
# : Time for update_gauge 1.009200e-02 s level: 2 proc_id: 0 /HMC/ptbc_update_tm/update_gauge
# : Time for gauge_derivative 2.071776e-02 s level: 2 proc_id: 0 /HMC/ptbc_update_tm/GAUGE:gauge_derivative
# : Time for update_gauge 1.032553e-02 s level: 2 proc_id: 0 /HMC/ptbc_update_tm/update_gauge
# : Time for gauge_derivative 2.070927e-02 s level: 2 proc_id: 0 /HMC/ptbc_update_tm/GAUGE:gauge_derivative
# : Time for gauge_derivative 2.077292e-02 s level: 2 proc_id: 0 /HMC/ptbc_update_tm/GAUGE:gauge_derivative
# : Time for update_gauge 1.006611e-02 s level: 2 proc_id: 0 /HMC/ptbc_update_tm/update_gauge
# : Time for gauge_derivative 2.064639e-02 s level: 2 proc_id: 0 /HMC/ptbc_update_tm/GAUGE:gauge_derivative
# : Time for update_gauge 1.254355e-02 s level: 2 proc_id: 0 /HMC/ptbc_update_tm/update_gauge
# : Time for gauge_derivative 2.066227e-02 s level: 2 proc_id: 0 /HMC/ptbc_update_tm/GAUGE:gauge_derivative
# : Time for gauge_derivative 2.075328e-02 s level: 2 proc_id: 0 /HMC/ptbc_update_tm/GAUGE:gauge_derivative
# : Time for update_gauge 1.007689e-02 s level: 2 proc_id: 0 /HMC/ptbc_update_tm/update_gauge
# : Time for gauge_derivative 2.067907e-02 s level: 2 proc_id: 0 /HMC/ptbc_update_tm/GAUGE:gauge_derivative
# : Time for update_gauge 1.027333e-02 s level: 2 proc_id: 0 /HMC/ptbc_update_tm/update_gauge
# : Time for gauge_derivative 2.077277e-02 s level: 2 proc_id: 0 /HMC/ptbc_update_tm/GAUGE:gauge_derivative
# : Time for gauge_derivative 2.086288e-02 s level: 2 proc_id: 0 /HMC/ptbc_update_tm/GAUGE:gauge_derivative
# : Time for update_gauge 1.015353e-02 s level: 2 proc_id: 0 /HMC/ptbc_update_tm/update_gauge
# : Time for gauge_derivative 2.074113e-02 s level: 2 proc_id: 0 /HMC/ptbc_update_tm/GAUGE:gauge_derivative
# : Time for update_gauge 1.032171e-02 s level: 2 proc_id: 0 /HMC/ptbc_update_tm/update_gauge
# : Time for gauge_derivative 2.068608e-02 s level: 2 proc_id: 0 /HMC/ptbc_update_tm/GAUGE:gauge_derivative
# : Time for gauge_derivative 2.082017e-02 s level: 2 proc_id: 0 /HMC/ptbc_update_tm/GAUGE:gauge_derivative
# : Time for update_gauge 1.014211e-02 s level: 2 proc_id: 0 /HMC/ptbc_update_tm/update_gauge
# : Time for gauge_derivative 2.073584e-02 s level: 2 proc_id: 0 /HMC/ptbc_update_tm/GAUGE:gauge_derivative
# : Time for update_gauge 1.026932e-02 s level: 2 proc_id: 0 /HMC/ptbc_update_tm/update_gauge
# : Time for gauge_derivative 2.079824e-02 s level: 2 proc_id: 0 /HMC/ptbc_update_tm/GAUGE:gauge_derivative
# : Time for gauge_derivative 2.070243e-02 s level: 2 proc_id: 0 /HMC/ptbc_update_tm/GAUGE:gauge_derivative
# : Time for update_gauge 1.009383e-02 s level: 2 proc_id: 0 /HMC/ptbc_update_tm/update_gauge
# : Time for gauge_derivative 2.071923e-02 s level: 2 proc_id: 0 /HMC/ptbc_update_tm/GAUGE:gauge_derivative
# : Time for update_gauge 1.026351e-02 s level: 2 proc_id: 0 /HMC/ptbc_update_tm/update_gauge
# : Time for gauge_derivative 2.069009e-02 s level: 2 proc_id: 0 /HMC/ptbc_update_tm/GAUGE:gauge_derivative
# : Time for gauge_derivative 2.074666e-02 s level: 2 proc_id: 0 /HMC/ptbc_update_tm/GAUGE:gauge_derivative
# : Time for update_gauge 1.017364e-02 s level: 2 proc_id: 0 /HMC/ptbc_update_tm/update_gauge
# : Time for gauge_derivative 2.070760e-02 s level: 2 proc_id: 0 /HMC/ptbc_update_tm/GAUGE:gauge_derivative
# : Time for gauge_acc 5.095329e-03 s level: 2 proc_id: 0 /HMC/ptbc_update_tm/GAUGE:gauge_acc
# Trajectory is accepted.
# inst0: Time for ptbc_update_tm 2.526690e+00 s level: 1 proc_id: 0 /HMC/ptbc_update_tm
# inst0: Time for ptbc_swap_dh 1.034252e-02 s level: 2 proc_id: 0 /HMC/ptbc_swap/ptbc_swap_dh
[swap_link] inst 0 <-> 1: own_diff=3.419729e+01 partner_diff=-2.457798e+01 total_diff=9.619312e+00 expmdh=6.643329e-05 random number=8.989482e-01 accept=0
# inst0: Time for ptbc_swap 3.167343e-02 s level: 1 proc_id: 0 /HMC/ptbc_swap

I am step 4 instance 0 rank 0 
# Writing gauge field to .conf.t00004.tmp.
# Constructing LEMON writer for file .conf.t00004.tmp for append = 0
# Time spent writing 2.36 Mb was 75.2 ms.
# Writing speed: 31.4 Mb/s (31.4 Mb/s per MPI process).
# Scidac checksums for gaugefield .conf.t00004.tmp:
#   Calculated            : A = 0xbd9a3bac B = 0x9d2fe846.
# Write completed, verifying write...
# Constructing LEMON reader for file .conf.t00004.tmp ...
# Time spent reading 2.36 Mb was 466 us.
# Reading speed: 5.07 Gb/s (5.07 Gb/s per MPI process).
# Scidac checksums for gaugefield .conf.t00004.tmp:
#   Calculated            : A = 0xbd9a3bac B = 0x9d2fe846.
#   Read from LIME headers: A = 0xbd9a3bac B = 0x9d2fe846.
# Reading ildg-format record:
#   Precision = 64 bits (double).
#   Lattice size: LX = 8, LY = 8, LZ = 8, LT = 8.
# Input parameters:
#   Precision = 64 bits (double).
#   Lattice size: LX = 8, LY = 8, LZ = 8, LT = 8.
# Write successfully verified.
# Renaming .conf.t00004.tmp to conf.save.
#
# Starting trajectory no 5
# : Time for gauge_heatbath 5.120660e-03 s level: 2 proc_id: 0 /HMC/ptbc_update_tm/GAUGE:gauge_heatbath
# : Time for gauge_derivative 2.061724e-02 s level: 2 proc_id: 0 /HMC/ptbc_update_tm/GAUGE:gauge_derivative
# : Time for update_gauge 1.053798e-02 s level: 2 proc_id: 0 /HMC/ptbc_update_tm/update_gauge
# : Time for gauge_derivative 2.075258e-02 s level: 2 proc_id: 0 /HMC/ptbc_update_tm/GAUGE:gauge_derivative
# : Time for gauge_derivative 2.074942e-02 s level: 2 proc_id: 0 /HMC/ptbc_update_tm/GAUGE:gauge_derivative
# : Time for update_gauge 1.014520e-02 s level: 2 proc_id: 0 /HMC/ptbc_update_tm/update_gauge
# : Time for gauge_derivative 2.062338e-02 s level: 2 proc_id: 0 /HMC/ptbc_update_tm/GAUGE:gauge_derivative
# : Time for update_gauge 1.025346e-02 s level: 2 proc_id: 0 /HMC/ptbc_update_tm/update_gauge
# : Time for gauge_derivative 2.065269e-02 s level: 2 proc_id: 0 /HMC/ptbc_update_tm/GAUGE:gauge_derivative
# : Time for gauge_derivative 2.065639e-02 s level: 2 proc_id: 0 /HMC/ptbc_update_tm/GAUGE:gauge_derivative
# : Time for update_gauge 1.017224e-02 s level: 2 proc_id: 0 /HMC/ptbc_update_tm/update_gauge
# : Time for gauge_derivative 2.078868e-02 s level: 2 proc_id: 0 /HMC/ptbc_update_tm/GAUGE:gauge_derivative
# : Time for update_gauge 1.023967e-02 s level: 2 proc_id: 0 /HMC/ptbc_update_tm/update_gauge
# : Time for gauge_derivative 2.066641e-02 s level: 2 proc_id: 0 /HMC/ptbc_update_tm/GAUGE:gauge_derivative
# : Time for gauge_derivative 2.073347e-02 s level: 2 proc_id: 0 /HMC/ptbc_update_tm/GAUGE:gauge_derivative
# : Time for update_gauge 1.012416e-02 s level: 2 proc_id: 0 /HMC/ptbc_update_tm/update_gauge
# : Time for gauge_derivative 2.064350e-02 s level: 2 proc_id: 0 /HMC/ptbc_update_tm/GAUGE:gauge_derivative
# : Time for update_gauge 1.028287e-02 s level: 2 proc_id: 0 /HMC/ptbc_update_tm/update_gauge
# : Time for gauge_derivative 2.063178e-02 s level: 2 proc_id: 0 /HMC/ptbc_update_tm/GAUGE:gauge_derivative
# : Time for gauge_derivative 2.071863e-02 s level: 2 proc_id: 0 /HMC/ptbc_update_tm/GAUGE:gauge_derivative
# : Time for update_gauge 1.012801e-02 s level: 2 proc_id: 0 /HMC/ptbc_update_tm/update_gauge
# : Time for gauge_derivative 2.075389e-02 s level: 2 proc_id: 0 /HMC/ptbc_update_tm/GAUGE:gauge_derivative
# : Time for update_gauge 1.027317e-02 s level: 2 proc_id: 0 /HMC/ptbc_update_tm/update_gauge
# : Time for gauge_derivative 2.071370e-02 s level: 2 proc_id: 0 /HMC/ptbc_update_tm/GAUGE:gauge_derivative
# : Time for gauge_derivative 2.096853e-02 s level: 2 proc_id: 0 /HMC/ptbc_update_tm/GAUGE:gauge_derivative
# : Time for update_gauge 1.021995e-02 s level: 2 proc_id: 0 /HMC/ptbc_update_tm/update_gauge
# : Time for gauge_derivative 2.065735e-02 s level: 2 proc_id: 0 /HMC/ptbc_update_tm/GAUGE:gauge_derivative
# : Time for update_gauge 1.023492e-02 s level: 2 proc_id: 0 /HMC/ptbc_update_tm/update_gauge
# : Time for gauge_derivative 2.076495e-02 s level: 2 proc_id: 0 /HMC/ptbc_update_tm/GAUGE:gauge_derivative
# : Time for gauge_derivative 2.078833e-02 s level: 2 proc_id: 0 /HMC/ptbc_update_tm/GAUGE:gauge_derivative
# : Time for update_gauge 1.006964e-02 s level: 2 proc_id: 0 /HMC/ptbc_update_tm/update_gauge
# : Time for gauge_derivative 2.074017e-02 s level: 2 proc_id: 0 /HMC/ptbc_update_tm/GAUGE:gauge_derivative
# : Time for update_gauge 1.026102e-02 s level: 2 proc_id: 0 /HMC/ptbc_update_tm/update_gauge
# : Time for gauge_derivative 2.073168e-02 s level: 2 proc_id: 0 /HMC/ptbc_update_tm/GAUGE:gauge_derivative
# : Time for gauge_derivative 2.071979e-02 s level: 2 proc_id: 0 /HMC/ptbc_update_tm/GAUGE:gauge_derivative
# : Time for update_gauge 1.014701e-02 s level: 2 proc_id: 0 /HMC/ptbc_update_tm/update_gauge
# : Time for gauge_derivative 2.064916e-02 s level: 2 proc_id: 0 /HMC/ptbc_update_tm/GAUGE:gauge_derivative
# : Time for update_gauge 1.024798e-02 s level: 2 proc_id: 0 /HMC/ptbc_update_tm/update_gauge
# : Time for gauge_derivative 2.071595e-02 s level: 2 proc_id: 0 /HMC/ptbc_update_tm/GAUGE:gauge_derivative
# : Time for gauge_derivative 2.077864e-02 s level: 2 proc_id: 0 /HMC/ptbc_update_tm/GAUGE:gauge_derivative
# : Time for update_gauge 1.027899e-02 s level: 2 proc_id: 0 /HMC/ptbc_update_tm/update_gauge
# : Time for gauge_derivative 2.079989e-02 s level: 2 proc_id: 0 /HMC/ptbc_update_tm/GAUGE:gauge_derivative
# : Time for update_gauge 1.025420e-02 s level: 2 proc_id: 0 /HMC/ptbc_update_tm/update_gauge
# : Time for gauge_derivative 2.082217e-02 s level: 2 proc_id: 0 /HMC/ptbc_update_tm/GAUGE:gauge_derivative
# : Time for gauge_derivative 2.074575e-02 s level: 2 proc_id: 0 /HMC/ptbc_update_tm/GAUGE:gauge_derivative
# : Time for update_gauge 1.013639e-02 s level: 2 proc_id: 0 /HMC/ptbc_update_tm/update_gauge
# : Time for gauge_derivative 2.070717e-02 s level: 2 proc_id: 0 /HMC/ptbc_update_tm/GAUGE:gauge_derivative
# : Time for update_gauge 1.027395e-02 s level: 2 proc_id: 0 /HMC/ptbc_update_tm/update_gauge
# : Time for gauge_derivative 2.078208e-02 s level: 2 proc_id: 0 /HMC/ptbc_update_tm/GAUGE:gauge_derivative
# : Time for gauge_derivative 2.077764e-02 s level: 2 proc_id: 0 /HMC/ptbc_update_tm/GAUGE:gauge_derivative
# : Time for update_gauge 1.009279e-02 s level: 2 proc_id: 0 /HMC/ptbc_update_tm/update_gauge
# : Time for gauge_derivative 2.073187e-02 s level: 2 proc_id: 0 /HMC/ptbc_update_tm/GAUGE:gauge_derivative
# : Time for update_gauge 1.042921e-02 s level: 2 proc_id: 0 /HMC/ptbc_update_tm/update_gauge
# : Time for gauge_derivative 2.067108e-02 s level: 2 proc_id: 0 /HMC/ptbc_update_tm/GAUGE:gauge_derivative
# : Time for gauge_derivative 2.072197e-02 s level: 2 proc_id: 0 /HMC/ptbc_update_tm/GAUGE:gauge_derivative
# : Time for update_gauge 1.008937e-02 s level: 2 proc_id: 0 /HMC/ptbc_update_tm/update_gauge
# : Time for gauge_derivative 2.070578e-02 s level: 2 proc_id: 0 /HMC/ptbc_update_tm/GAUGE:gauge_derivative
# : Time for update_gauge 1.038141e-02 s level: 2 proc_id: 0 /HMC/ptbc_update_tm/update_gauge
# : Time for gauge_derivative 2.067202e-02 s level: 2 proc_id: 0 /HMC/ptbc_update_tm/GAUGE:gauge_derivative
# : Time for gauge_derivative 2.065070e-02 s level: 2 proc_id: 0 /HMC/ptbc_update_tm/GAUGE:gauge_derivative
# : Time for update_gauge 1.014077e-02 s level: 2 proc_id: 0 /HMC/ptbc_update_tm/update_gauge
# : Time for gauge_derivative 2.069905e-02 s level: 2 proc_id: 0 /HMC/ptbc_update_tm/GAUGE:gauge_derivative
# : Time for update_gauge 1.031103e-02 s level: 2 proc_id: 0 /HMC/ptbc_update_tm/update_gauge
# : Time for gauge_derivative 2.076693e-02 s level: 2 proc_id: 0 /HMC/ptbc_update_tm/GAUGE:gauge_derivative
# : Time for gauge_derivative 2.073587e-02 s level: 2 proc_id: 0 /HMC/ptbc_update_tm/GAUGE:gauge_derivative
# : Time for update_gauge 1.010136e-02 s level: 2 proc_id: 0 /HMC/ptbc_update_tm/update_gauge
# : Time for gauge_derivative 2.068249e-02 s level: 2 proc_id: 0 /HMC/ptbc_update_tm/GAUGE:gauge_derivative
# : Time for update_gauge 1.025627e-02 s level: 2 proc_id: 0 /HMC/ptbc_update_tm/update_gauge
# : Time for gauge_derivative 2.069738e-02 s level: 2 proc_id: 0 /HMC/ptbc_update_tm/GAUGE:gauge_derivative
# : Time for gauge_derivative 2.065409e-02 s level: 2 proc_id: 0 /HMC/ptbc_update_tm/GAUGE:gauge_derivative
# : Time for update_gauge 1.011534e-02 s level: 2 proc_id: 0 /HMC/ptbc_update_tm/update_gauge
# : Time for gauge_derivative 2.132665e-02 s level: 2 proc_id: 0 /HMC/ptbc_update_tm/GAUGE:gauge_derivative
# : Time for update_gauge 1.025424e-02 s level: 2 proc_id: 0 /HMC/ptbc_update_tm/update_gauge
# : Time for gauge_derivative 2.074918e-02 s level: 2 proc_id: 0 /HMC/ptbc_update_tm/GAUGE:gauge_derivative
# : Time for gauge_derivative 2.076211e-02 s level: 2 proc_id: 0 /HMC/ptbc_update_tm/GAUGE:gauge_derivative
# : Time for update_gauge 1.008868e-02 s level: 2 proc_id: 0 /HMC/ptbc_update_tm/update_gauge
# : Time for gauge_derivative 2.075637e-02 s level: 2 proc_id: 0 /HMC/ptbc_update_tm/GAUGE:gauge_derivative
# : Time for update_gauge 1.023650e-02 s level: 2 proc_id: 0 /HMC/ptbc_update_tm/update_gauge
# : Time for gauge_derivative 2.075540e-02 s level: 2 proc_id: 0 /HMC/ptbc_update_tm/GAUGE:gauge_derivative
# : Time for gauge_derivative 2.081590e-02 s level: 2 proc_id: 0 /HMC/ptbc_update_tm/GAUGE:gauge_derivative
# : Time for update_gauge 1.008599e-02 s level: 2 proc_id: 0 /HMC/ptbc_update_tm/update_gauge
# : Time for gauge_derivative 2.077354e-02 s level: 2 proc_id: 0 /HMC/ptbc_update_tm/GAUGE:gauge_derivative
# : Time for update_gauge 1.024467e-02 s level: 2 proc_id: 0 /HMC/ptbc_update_tm/update_gauge
# : Time for gauge_derivative 2.082071e-02 s level: 2 proc_id: 0 /HMC/ptbc_update_tm/GAUGE:gauge_derivative
# : Time for gauge_derivative 2.069009e-02 s level: 2 proc_id: 0 /HMC/ptbc_update_tm/GAUGE:gauge_derivative
# : Time for update_gauge 1.028079e-02 s level: 2 proc_id: 0 /HMC/ptbc_update_tm/update_gauge
# : Time for gauge_derivative 2.074449e-02 s level: 2 proc_id: 0 /HMC/ptbc_update_tm/GAUGE:gauge_derivative
# : Time for update_gauge 1.026924e-02 s level: 2 proc_id: 0 /HMC/ptbc_update_tm/update_gauge
# : Time for gauge_derivative 2.080306e-02 s level: 2 proc_id: 0 /HMC/ptbc_update_tm/GAUGE:gauge_derivative
# : Time for gauge_derivative 2.065622e-02 s level: 2 proc_id: 0 /HMC/ptbc_update_tm/GAUGE:gauge_derivative
# : Time for update_gauge 1.003642e-02 s level: 2 proc_id: 0 /HMC/ptbc_update_tm/update_gauge
# : Time for gauge_derivative 2.070372e-02 s level: 2 proc_id: 0 /HMC/ptbc_update_tm/GAUGE:gauge_derivative
# : Time for update_gauge 1.026950e-02 s level: 2 proc_id: 0 /HMC/ptbc_update_tm/update_gauge
# : Time for gauge_derivative 2.077398e-02 s level: 2 proc_id: 0 /HMC/ptbc_update_tm/GAUGE:gauge_derivative
# : Time for gauge_derivative 2.076243e-02 s level: 2 proc_id: 0 /HMC/ptbc_update_tm/GAUGE:gauge_derivative
# : Time for update_gauge 1.015564e-02 s level: 2 proc_id: 0 /HMC/ptbc_update_tm/update_gauge
# : Time for gauge_derivative 2.076252e-02 s level: 2 proc_id: 0 /HMC/ptbc_update_tm/GAUGE:gauge_derivative
# : Time for update_gauge 1.025222e-02 s level: 2 proc_id: 0 /HMC/ptbc_update_tm/update_gauge
# : Time for gauge_derivative 2.073341e-02 s level: 2 proc_id: 0 /HMC/ptbc_update_tm/GAUGE:gauge_derivative
# : Time for gauge_derivative 2.073615e-02 s level: 2 proc_id: 0 /HMC/ptbc_update_tm/GAUGE:gauge_derivative
# : Time for update_gauge 1.013739e-02 s level: 2 proc_id: 0 /HMC/ptbc_update_tm/update_gauge
# : Time for gauge_derivative 2.064393e-02 s level: 2 proc_id: 0 /HMC/ptbc_update_tm/GAUGE:gauge_derivative
# : Time for update_gauge 1.024880e-02 s level: 2 proc_id: 0 /HMC/ptbc_update_tm/update_gauge
# : Time for gauge_derivative 2.076431e-02 s level: 2 proc_id: 0 /HMC/ptbc_update_tm/GAUGE:gauge_derivative
# : Time for gauge_derivative 2.075740e-02 s level: 2 proc_id: 0 /HMC/ptbc_update_tm/GAUGE:gauge_derivative
# : Time for update_gauge 1.020534e-02 s level: 2 proc_id: 0 /HMC/ptbc_update_tm/update_gauge
# : Time for gauge_derivative 2.064460e-02 s level: 2 proc_id: 0 /HMC/ptbc_update_tm/GAUGE:gauge_derivative
# : Time for update_gauge 1.022564e-02 s level: 2 proc_id: 0 /HMC/ptbc_update_tm/update_gauge
# : Time for gauge_derivative 2.066405e-02 s level: 2 proc_id: 0 /HMC/ptbc_update_tm/GAUGE:gauge_derivative
# : Time for gauge_derivative 2.078853e-02 s level: 2 proc_id: 0 /HMC/ptbc_update_tm/GAUGE:gauge_derivative
# : Time for update_gauge 1.028205e-02 s level: 2 proc_id: 0 /HMC/ptbc_update_tm/update_gauge
# : Time for gauge_derivative 2.067938e-02 s level: 2 proc_id: 0 /HMC/ptbc_update_tm/GAUGE:gauge_derivative
# : Time for update_gauge 1.028577e-02 s level: 2 proc_id: 0 /HMC/ptbc_update_tm/update_gauge
# : Time for gauge_derivative 2.072752e-02 s level: 2 proc_id: 0 /HMC/ptbc_update_tm/GAUGE:gauge_derivative
# : Time for gauge_derivative 2.082733e-02 s level: 2 proc_id: 0 /HMC/ptbc_update_tm/GAUGE:gauge_derivative
# : Time for update_gauge 1.024723e-02 s level: 2 proc_id: 0 /HMC/ptbc_update_tm/update_gauge
# : Time for gauge_derivative 2.068802e-02 s level: 2 proc_id: 0 /HMC/ptbc_update_tm/GAUGE:gauge_derivative
# : Time for update_gauge 1.025592e-02 s level: 2 proc_id: 0 /HMC/ptbc_update_tm/update_gauge
# : Time for gauge_derivative 2.071358e-02 s level: 2 proc_id: 0 /HMC/ptbc_update_tm/GAUGE:gauge_derivative
# : Time for gauge_derivative 2.074855e-02 s level: 2 proc_id: 0 /HMC/ptbc_update_tm/GAUGE:gauge_derivative
# : Time for update_gauge 1.021702e-02 s level: 2 proc_id: 0 /HMC/ptbc_update_tm/update_gauge
# : Time for gauge_derivative 2.073342e-02 s level: 2 proc_id: 0 /HMC/ptbc_update_tm/GAUGE:gauge_derivative
# : Time for gauge_acc 5.070700e-03 s level: 2 proc_id: 0 /HMC/ptbc_update_tm/GAUGE:gauge_acc
# Trajectory is accepted.
# inst0: Time for ptbc_update_tm 2.551761e+00 s level: 1 proc_id: 0 /HMC/ptbc_update_tm
# inst0: Time for ptbc_swap_dh 1.036258e-02 s level: 2 proc_id: 0 /HMC/ptbc_swap/ptbc_swap_dh
[swap_link] inst 0 <-> 1: own_diff=3.849153e+01 partner_diff=-1.916233e+01 total_diff=1.932920e+01 expmdh=4.031216e-09 random number=3.595425e-01 accept=0
# inst0: Time for ptbc_swap 3.775741e-02 s level: 1 proc_id: 0 /HMC/ptbc_swap

I am step 5 instance 0 rank 0 
# Writing gauge field to .conf.t00005.tmp.
# Constructing LEMON writer for file .conf.t00005.tmp for append = 0
# Time spent writing 2.36 Mb was 117 ms.
# Writing speed: 20.1 Mb/s (20.1 Mb/s per MPI process).
# Scidac checksums for gaugefield .conf.t00005.tmp:
#   Calculated            : A = 0x1a546726 B = 0xa37b4b3a.
# Write completed, verifying write...
# Constructing LEMON reader for file .conf.t00005.tmp ...
# Time spent reading 2.36 Mb was 506 us.
# Reading speed: 4.66 Gb/s (4.66 Gb/s per MPI process).
# Scidac checksums for gaugefield .conf.t00005.tmp:
#   Calculated            : A = 0x1a546726 B = 0xa37b4b3a.
#   Read from LIME headers: A = 0x1a546726 B = 0xa37b4b3a.
# Reading ildg-format record:
#   Precision = 64 bits (double).
#   Lattice size: LX = 8, LY = 8, LZ = 8, LT = 8.
# Input parameters:
#   Precision = 64 bits (double).
#   Lattice size: LX = 8, LY = 8, LZ = 8, LT = 8.
# Write successfully verified.
# Renaming .conf.t00005.tmp to conf.save.
#
# Starting trajectory no 6
# : Time for gauge_heatbath 5.136100e-03 s level: 2 proc_id: 0 /HMC/ptbc_update_tm/GAUGE:gauge_heatbath
# : Time for gauge_derivative 2.072063e-02 s level: 2 proc_id: 0 /HMC/ptbc_update_tm/GAUGE:gauge_derivative
# : Time for update_gauge 1.059180e-02 s level: 2 proc_id: 0 /HMC/ptbc_update_tm/update_gauge
# : Time for gauge_derivative 2.068131e-02 s level: 2 proc_id: 0 /HMC/ptbc_update_tm/GAUGE:gauge_derivative
# : Time for gauge_derivative 2.064253e-02 s level: 2 proc_id: 0 /HMC/ptbc_update_tm/GAUGE:gauge_derivative
# : Time for update_gauge 1.018465e-02 s level: 2 proc_id: 0 /HMC/ptbc_update_tm/update_gauge
# : Time for gauge_derivative 2.065646e-02 s level: 2 proc_id: 0 /HMC/ptbc_update_tm/GAUGE:gauge_derivative
# : Time for update_gauge 1.031907e-02 s level: 2 proc_id: 0 /HMC/ptbc_update_tm/update_gauge
# : Time for gauge_derivative 2.072291e-02 s level: 2 proc_id: 0 /HMC/ptbc_update_tm/GAUGE:gauge_derivative
# : Time for gauge_derivative 2.068581e-02 s level: 2 proc_id: 0 /HMC/ptbc_update_tm/GAUGE:gauge_derivative
# : Time for update_gauge 1.004770e-02 s level: 2 proc_id: 0 /HMC/ptbc_update_tm/update_gauge
# : Time for gauge_derivative 2.068118e-02 s level: 2 proc_id: 0 /HMC/ptbc_update_tm/GAUGE:gauge_derivative
# : Time for update_gauge 1.019707e-02 s level: 2 proc_id: 0 /HMC/ptbc_update_tm/update_gauge
# : Time for gauge_derivative 2.081821e-02 s level: 2 proc_id: 0 /HMC/ptbc_update_tm/GAUGE:gauge_derivative
# : Time for gauge_derivative 2.065679e-02 s level: 2 proc_id: 0 /HMC/ptbc_update_tm/GAUGE:gauge_derivative
# : Time for update_gauge 1.003462e-02 s level: 2 proc_id: 0 /HMC/ptbc_update_tm/update_gauge
# : Time for gauge_derivative 2.064536e-02 s level: 2 proc_id: 0 /HMC/ptbc_update_tm/GAUGE:gauge_derivative
# : Time for update_gauge 1.020590e-02 s level: 2 proc_id: 0 /HMC/ptbc_update_tm/update_gauge
# : Time for gauge_derivative 2.066992e-02 s level: 2 proc_id: 0 /HMC/ptbc_update_tm/GAUGE:gauge_derivative
# : Time for gauge_derivative 2.067756e-02 s level: 2 proc_id: 0 /HMC/ptbc_update_tm/GAUGE:gauge_derivative
# : Time for update_gauge 1.000713e-02 s level: 2 proc_id: 0 /HMC/ptbc_update_tm/update_gauge
# : Time for gauge_derivative 2.063709e-02 s level: 2 proc_id: 0 /HMC/ptbc_update_tm/GAUGE:gauge_derivative
# : Time for update_gauge 1.024872e-02 s level: 2 proc_id: 0 /HMC/ptbc_update_tm/update_gauge
# : Time for gauge_derivative 2.071047e-02 s level: 2 proc_id: 0 /HMC/ptbc_update_tm/GAUGE:gauge_derivative
# : Time for gauge_derivative 2.075501e-02 s level: 2 proc_id: 0 /HMC/ptbc_update_tm/GAUGE:gauge_derivative
# : Time for update_gauge 1.002442e-02 s level: 2 proc_id: 0 /HMC/ptbc_update_tm/update_gauge
# : Time for gauge_derivative 2.064647e-02 s level: 2 proc_id: 0 /HMC/ptbc_update_tm/GAUGE:gauge_derivative
# : Time for update_gauge 1.022698e-02 s level: 2 proc_id: 0 /HMC/ptbc_update_tm/update_gauge
# : Time for gauge_derivative 2.074545e-02 s level: 2 proc_id: 0 /HMC/ptbc_update_tm/GAUGE:gauge_derivative
# : Time for gauge_derivative 2.074817e-02 s level: 2 proc_id: 0 /HMC/ptbc_update_tm/GAUGE:gauge_derivative
# : Time for update_gauge 1.009814e-02 s level: 2 proc_id: 0 /HMC/ptbc_update_tm/update_gauge
# : Time for gauge_derivative 2.065305e-02 s level: 2 proc_id: 0 /HMC/ptbc_update_tm/GAUGE:gauge_derivative
# : Time for update_gauge 1.021307e-02 s level: 2 proc_id: 0 /HMC/ptbc_update_tm/update_gauge
# : Time for gauge_derivative 2.066200e-02 s level: 2 proc_id: 0 /HMC/ptbc_update_tm/GAUGE:gauge_derivative
# : Time for gauge_derivative 2.074717e-02 s level: 2 proc_id: 0 /HMC/ptbc_update_tm/GAUGE:gauge_derivative
# : Time for update_gauge 1.016624e-02 s level: 2 proc_id: 0 /HMC/ptbc_update_tm/update_gauge
# : Time for gauge_derivative 2.077885e-02 s level: 2 proc_id: 0 /HMC/ptbc_update_tm/GAUGE:gauge_derivative
# : Time for update_gauge 1.024158e-02 s level: 2 proc_id: 0 /HMC/ptbc_update_tm/update_gauge
# : Time for gauge_derivative 2.064621e-02 s level: 2 proc_id: 0 /HMC/ptbc_update_tm/GAUGE:gauge_derivative
# : Time for gauge_derivative 2.066217e-02 s level: 2 proc_id: 0 /HMC/ptbc_update_tm/GAUGE:gauge_derivative
# : Time for update_gauge 1.004343e-02 s level: 2 proc_id: 0 /HMC/ptbc_update_tm/update_gauge
# : Time for gauge_derivative 2.070663e-02 s level: 2 proc_id: 0 /HMC/ptbc_update_tm/GAUGE:gauge_derivative
# : Time for update_gauge 1.017986e-02 s level: 2 proc_id: 0 /HMC/ptbc_update_tm/update_gauge
# : Time for gauge_derivative 2.073045e-02 s level: 2 proc_id: 0 /HMC/ptbc_update_tm/GAUGE:gauge_derivative
# : Time for gauge_derivative 2.073658e-02 s level: 2 proc_id: 0 /HMC/ptbc_update_tm/GAUGE:gauge_derivative
# : Time for update_gauge 1.009490e-02 s level: 2 proc_id: 0 /HMC/ptbc_update_tm/update_gauge
# : Time for gauge_derivative 2.081886e-02 s level: 2 proc_id: 0 /HMC/ptbc_update_tm/GAUGE:gauge_derivative
# : Time for update_gauge 1.021556e-02 s level: 2 proc_id: 0 /HMC/ptbc_update_tm/update_gauge
# : Time for gauge_derivative 2.081400e-02 s level: 2 proc_id: 0 /HMC/ptbc_update_tm/GAUGE:gauge_derivative
# : Time for gauge_derivative 2.069145e-02 s level: 2 proc_id: 0 /HMC/ptbc_update_tm/GAUGE:gauge_derivative
# : Time for update_gauge 1.018122e-02 s level: 2 proc_id: 0 /HMC/ptbc_update_tm/update_gauge
# : Time for gauge_derivative 2.066531e-02 s level: 2 proc_id: 0 /HMC/ptbc_update_tm/GAUGE:gauge_derivative
# : Time for update_gauge 1.030604e-02 s level: 2 proc_id: 0 /HMC/ptbc_update_tm/update_gauge
# : Time for gauge_derivative 2.074739e-02 s level: 2 proc_id: 0 /HMC/ptbc_update_tm/GAUGE:gauge_derivative
# : Time for gauge_derivative 2.065505e-02 s level: 2 proc_id: 0 /HMC/ptbc_update_tm/GAUGE:gauge_derivative
# : Time for update_gauge 1.014992e-02 s level: 2 proc_id: 0 /HMC/ptbc_update_tm/update_gauge
# : Time for gauge_derivative 2.070996e-02 s level: 2 proc_id: 0 /HMC/ptbc_update_tm/GAUGE:gauge_derivative
# : Time for update_gauge 1.019968e-02 s level: 2 proc_id: 0 /HMC/ptbc_update_tm/update_gauge
# : Time for gauge_derivative 2.065350e-02 s level: 2 proc_id: 0 /HMC/ptbc_update_tm/GAUGE:gauge_derivative
# : Time for gauge_derivative 2.067416e-02 s level: 2 proc_id: 0 /HMC/ptbc_update_tm/GAUGE:gauge_derivative
# : Time for update_gauge 1.003415e-02 s level: 2 proc_id: 0 /HMC/ptbc_update_tm/update_gauge
# : Time for gauge_derivative 2.075968e-02 s level: 2 proc_id: 0 /HMC/ptbc_update_tm/GAUGE:gauge_derivative
# : Time for update_gauge 1.020615e-02 s level: 2 proc_id: 0 /HMC/ptbc_update_tm/update_gauge
# : Time for gauge_derivative 2.081343e-02 s level: 2 proc_id: 0 /HMC/ptbc_update_tm/GAUGE:gauge_derivative
# : Time for gauge_derivative 2.078222e-02 s level: 2 proc_id: 0 /HMC/ptbc_update_tm/GAUGE:gauge_derivative
# : Time for update_gauge 1.010844e-02 s level: 2 proc_id: 0 /HMC/ptbc_update_tm/update_gauge
# : Time for gauge_derivative 2.065757e-02 s level: 2 proc_id: 0 /HMC/ptbc_update_tm/GAUGE:gauge_derivative
# : Time for update_gauge 1.027825e-02 s level: 2 proc_id: 0 /HMC/ptbc_update_tm/update_gauge
# : Time for gauge_derivative 2.080197e-02 s level: 2 proc_id: 0 /HMC/ptbc_update_tm/GAUGE:gauge_derivative
# : Time for gauge_derivative 2.085201e-02 s level: 2 proc_id: 0 /HMC/ptbc_update_tm/GAUGE:gauge_derivative
# : Time for update_gauge 1.006484e-02 s level: 2 proc_id: 0 /HMC/ptbc_update_tm/update_gauge
# : Time for gauge_derivative 2.072097e-02 s level: 2 proc_id: 0 /HMC/ptbc_update_tm/GAUGE:gauge_derivative
# : Time for update_gauge 1.027235e-02 s level: 2 proc_id: 0 /HMC/ptbc_update_tm/update_gauge
# : Time for gauge_derivative 2.067522e-02 s level: 2 proc_id: 0 /HMC/ptbc_update_tm/GAUGE:gauge_derivative
# : Time for gauge_derivative 2.079530e-02 s level: 2 proc_id: 0 /HMC/ptbc_update_tm/GAUGE:gauge_derivative
# : Time for update_gauge 1.022643e-02 s level: 2 proc_id: 0 /HMC/ptbc_update_tm/update_gauge
# : Time for gauge_derivative 2.079445e-02 s level: 2 proc_id: 0 /HMC/ptbc_update_tm/GAUGE:gauge_derivative
# : Time for update_gauge 1.024040e-02 s level: 2 proc_id: 0 /HMC/ptbc_update_tm/update_gauge
# : Time for gauge_derivative 2.080875e-02 s level: 2 proc_id: 0 /HMC/ptbc_update_tm/GAUGE:gauge_derivative
# : Time for gauge_derivative 2.071705e-02 s level: 2 proc_id: 0 /HMC/ptbc_update_tm/GAUGE:gauge_derivative
# : Time for update_gauge 1.009339e-02 s level: 2 proc_id: 0 /HMC/ptbc_update_tm/update_gauge
# : Time for gauge_derivative 2.071074e-02 s level: 2 proc_id: 0 /HMC/ptbc_update_tm/GAUGE:gauge_derivative
# : Time for update_gauge 1.022301e-02 s level: 2 proc_id: 0 /HMC/ptbc_update_tm/update_gauge
# : Time for gauge_derivative 2.073158e-02 s level: 2 proc_id: 0 /HMC/ptbc_update_tm/GAUGE:gauge_derivative
# : Time for gauge_derivative 2.077792e-02 s level: 2 proc_id: 0 /HMC/ptbc_update_tm/GAUGE:gauge_derivative
# : Time for update_gauge 1.006671e-02 s level: 2 proc_id: 0 /HMC/ptbc_update_tm/update_gauge
# : Time for gauge_derivative 2.081096e-02 s level: 2 proc_id: 0 /HMC/ptbc_update_tm/GAUGE:gauge_derivative
# : Time for update_gauge 1.025034e-02 s level: 2 proc_id: 0 /HMC/ptbc_update_tm/update_gauge
# : Time for gauge_derivative 2.071763e-02 s level: 2 proc_id: 0 /HMC/ptbc_update_tm/GAUGE:gauge_derivative
# : Time for gauge_derivative 2.075562e-02 s level: 2 proc_id: 0 /HMC/ptbc_update_tm/GAUGE:gauge_derivative
# : Time for update_gauge 1.012255e-02 s level: 2 proc_id: 0 /HMC/ptbc_update_tm/update_gauge
# : Time for gauge_derivative 2.062545e-02 s level: 2 proc_id: 0 /HMC/ptbc_update_tm/GAUGE:gauge_derivative
# : Time for update_gauge 1.028005e-02 s level: 2 proc_id: 0 /HMC/ptbc_update_tm/update_gauge
# : Time for gauge_derivative 2.071086e-02 s level: 2 proc_id: 0 /HMC/ptbc_update_tm/GAUGE:gauge_derivative
# : Time for gauge_derivative 2.066431e-02 s level: 2 proc_id: 0 /HMC/ptbc_update_tm/GAUGE:gauge_derivative
# : Time for update_gauge 1.004433e-02 s level: 2 proc_id: 0 /HMC/ptbc_update_tm/update_gauge
# : Time for gauge_derivative 2.083552e-02 s level: 2 proc_id: 0 /HMC/ptbc_update_tm/GAUGE:gauge_derivative
# : Time for update_gauge 1.032705e-02 s level: 2 proc_id: 0 /HMC/ptbc_update_tm/update_gauge
# : Time for gauge_derivative 2.078673e-02 s level: 2 proc_id: 0 /HMC/ptbc_update_tm/GAUGE:gauge_derivative
# : Time for gauge_derivative 2.070959e-02 s level: 2 proc_id: 0 /HMC/ptbc_update_tm/GAUGE:gauge_derivative
# : Time for update_gauge 1.000145e-02 s level: 2 proc_id: 0 /HMC/ptbc_update_tm/update_gauge
# : Time for gauge_derivative 2.073667e-02 s level: 2 proc_id: 0 /HMC/ptbc_update_tm/GAUGE:gauge_derivative
# : Time for update_gauge 1.127383e-02 s level: 2 proc_id: 0 /HMC/ptbc_update_tm/update_gauge
# : Time for gauge_derivative 2.068679e-02 s level: 2 proc_id: 0 /HMC/ptbc_update_tm/GAUGE:gauge_derivative
# : Time for gauge_derivative 2.072348e-02 s level: 2 proc_id: 0 /HMC/ptbc_update_tm/GAUGE:gauge_derivative
# : Time for update_gauge 1.007532e-02 s level: 2 proc_id: 0 /HMC/ptbc_update_tm/update_gauge
# : Time for gauge_derivative 2.072494e-02 s level: 2 proc_id: 0 /HMC/ptbc_update_tm/GAUGE:gauge_derivative
# : Time for update_gauge 1.025866e-02 s level: 2 proc_id: 0 /HMC/ptbc_update_tm/update_gauge
# : Time for gauge_derivative 2.066411e-02 s level: 2 proc_id: 0 /HMC/ptbc_update_tm/GAUGE:gauge_derivative
# : Time for gauge_derivative 2.072490e-02 s level: 2 proc_id: 0 /HMC/ptbc_update_tm/GAUGE:gauge_derivative
# : Time for update_gauge 1.009451e-02 s level: 2 proc_id: 0 /HMC/ptbc_update_tm/update_gauge
# : Time for gauge_derivative 2.073827e-02 s level: 2 proc_id: 0 /HMC/ptbc_update_tm/GAUGE:gauge_derivative
# : Time for update_gauge 1.021336e-02 s level: 2 proc_id: 0 /HMC/ptbc_update_tm/update_gauge
# : Time for gauge_derivative 2.063721e-02 s level: 2 proc_id: 0 /HMC/ptbc_update_tm/GAUGE:gauge_derivative
# : Time for gauge_derivative 2.065935e-02 s level: 2 proc_id: 0 /HMC/ptbc_update_tm/GAUGE:gauge_derivative
# : Time for update_gauge 1.004722e-02 s level: 2 proc_id: 0 /HMC/ptbc_update_tm/update_gauge
# : Time for gauge_derivative 2.069704e-02 s level: 2 proc_id: 0 /HMC/ptbc_update_tm/GAUGE:gauge_derivative
# : Time for update_gauge 1.028108e-02 s level: 2 proc_id: 0 /HMC/ptbc_update_tm/update_gauge
# : Time for gauge_derivative 2.071818e-02 s level: 2 proc_id: 0 /HMC/ptbc_update_tm/GAUGE:gauge_derivative
# : Time for gauge_derivative 2.071321e-02 s level: 2 proc_id: 0 /HMC/ptbc_update_tm/GAUGE:gauge_derivative
# : Time for update_gauge 1.006594e-02 s level: 2 proc_id: 0 /HMC/ptbc_update_tm/update_gauge
# : Time for gauge_derivative 2.074044e-02 s level: 2 proc_id: 0 /HMC/ptbc_update_tm/GAUGE:gauge_derivative
# : Time for gauge_acc 5.053559e-03 s level: 2 proc_id: 0 /HMC/ptbc_update_tm/GAUGE:gauge_acc
# Trajectory is accepted.
# inst0: Time for ptbc_update_tm 2.478753e+00 s level: 1 proc_id: 0 /HMC/ptbc_update_tm
# inst0: Time for ptbc_swap_dh 1.018731e-02 s level: 2 proc_id: 0 /HMC/ptbc_swap/ptbc_swap_dh
[swap_link] inst 0 <-> 1: own_diff=3.561309e+01 partner_diff=-1.548919e+01 total_diff=2.012390e+01 expmdh=1.820959e-09 random number=3.495059e-02 accept=0
# inst0: Time for ptbc_swap 3.107155e-02 s level: 1 proc_id: 0 /HMC/ptbc_swap

I am step 6 instance 0 rank 0 
# Writing gauge field to .conf.t00006.tmp.
# Constructing LEMON writer for file .conf.t00006.tmp for append = 0
# Time spent writing 2.36 Mb was 64.4 ms.
# Writing speed: 36.6 Mb/s (36.6 Mb/s per MPI process).
# Scidac checksums for gaugefield .conf.t00006.tmp:
#   Calculated            : A = 0xfaaa718a B = 0x6d01815e.
# Write completed, verifying write...
# Constructing LEMON reader for file .conf.t00006.tmp ...
# Time spent reading 2.36 Mb was 499 us.
# Reading speed: 4.73 Gb/s (4.73 Gb/s per MPI process).
# Scidac checksums for gaugefield .conf.t00006.tmp:
#   Calculated            : A = 0xfaaa718a B = 0x6d01815e.
#   Read from LIME headers: A = 0xfaaa718a B = 0x6d01815e.
# Reading ildg-format record:
#   Precision = 64 bits (double).
#   Lattice size: LX = 8, LY = 8, LZ = 8, LT = 8.
# Input parameters:
#   Precision = 64 bits (double).
#   Lattice size: LX = 8, LY = 8, LZ = 8, LT = 8.
# Write successfully verified.
# Renaming .conf.t00006.tmp to conf.save.
#
# Starting trajectory no 7
# : Time for gauge_heatbath 5.183960e-03 s level: 2 proc_id: 0 /HMC/ptbc_update_tm/GAUGE:gauge_heatbath
# : Time for gauge_derivative 2.067383e-02 s level: 2 proc_id: 0 /HMC/ptbc_update_tm/GAUGE:gauge_derivative
# : Time for update_gauge 1.053282e-02 s level: 2 proc_id: 0 /HMC/ptbc_update_tm/update_gauge
# : Time for gauge_derivative 2.076517e-02 s level: 2 proc_id: 0 /HMC/ptbc_update_tm/GAUGE:gauge_derivative
# : Time for gauge_derivative 2.062308e-02 s level: 2 proc_id: 0 /HMC/ptbc_update_tm/GAUGE:gauge_derivative
# : Time for update_gauge 1.018313e-02 s level: 2 proc_id: 0 /HMC/ptbc_update_tm/update_gauge
# : Time for gauge_derivative 2.073188e-02 s level: 2 proc_id: 0 /HMC/ptbc_update_tm/GAUGE:gauge_derivative
# : Time for update_gauge 1.023943e-02 s level: 2 proc_id: 0 /HMC/ptbc_update_tm/update_gauge
# : Time for gauge_derivative 2.071647e-02 s level: 2 proc_id: 0 /HMC/ptbc_update_tm/GAUGE:gauge_derivative
# : Time for gauge_derivative 2.079085e-02 s level: 2 proc_id: 0 /HMC/ptbc_update_tm/GAUGE:gauge_derivative
# : Time for update_gauge 1.018522e-02 s level: 2 proc_id: 0 /HMC/ptbc_update_tm/update_gauge
# : Time for gauge_derivative 2.072151e-02 s level: 2 proc_id: 0 /HMC/ptbc_update_tm/GAUGE:gauge_derivative
# : Time for update_gauge 1.024526e-02 s level: 2 proc_id: 0 /HMC/ptbc_update_tm/update_gauge
# : Time for gauge_derivative 2.070419e-02 s level: 2 proc_id: 0 /HMC/ptbc_update_tm/GAUGE:gauge_derivative
# : Time for gauge_derivative 2.072058e-02 s level: 2 proc_id: 0 /HMC/ptbc_update_tm/GAUGE:gauge_derivative
# : Time for update_gauge 1.009959e-02 s level: 2 proc_id: 0 /HMC/ptbc_update_tm/update_gauge
# : Time for gauge_derivative 2.067201e-02 s level: 2 proc_id: 0 /HMC/ptbc_update_tm/GAUGE:gauge_derivative
# : Time for update_gauge 1.028271e-02 s level: 2 proc_id: 0 /HMC/ptbc_update_tm/update_gauge
# : Time for gauge_derivative 2.074135e-02 s level: 2 proc_id: 0 /HMC/ptbc_update_tm/GAUGE:gauge_derivative
# : Time for gauge_derivative 2.076737e-02 s level: 2 proc_id: 0 /HMC/ptbc_update_tm/GAUGE:gauge_derivative
# : Time for update_gauge 1.015770e-02 s level: 2 proc_id: 0 /HMC/ptbc_update_tm/update_gauge
# : Time for gauge_derivative 2.069036e-02 s level: 2 proc_id: 0 /HMC/ptbc_update_tm/GAUGE:gauge_derivative
# : Time for update_gauge 1.030809e-02 s level: 2 proc_id: 0 /HMC/ptbc_update_tm/update_gauge
# : Time for gauge_derivative 2.070477e-02 s level: 2 proc_id: 0 /HMC/ptbc_update_tm/GAUGE:gauge_derivative
# : Time for gauge_derivative 2.068037e-02 s level: 2 proc_id: 0 /HMC/ptbc_update_tm/GAUGE:gauge_derivative
# : Time for update_gauge 1.023160e-02 s level: 2 proc_id: 0 /HMC/ptbc_update_tm/update_gauge
# : Time for gauge_derivative 2.066394e-02 s level: 2 proc_id: 0 /HMC/ptbc_update_tm/GAUGE:gauge_derivative
# : Time for update_gauge 1.029738e-02 s level: 2 proc_id: 0 /HMC/ptbc_update_tm/update_gauge
# : Time for gauge_derivative 2.069493e-02 s level: 2 proc_id: 0 /HMC/ptbc_update_tm/GAUGE:gauge_derivative
# : Time for gauge_derivative 2.065379e-02 s level: 2 proc_id: 0 /HMC/ptbc_update_tm/GAUGE:gauge_derivative
# : Time for update_gauge 1.007062e-02 s level: 2 proc_id: 0 /HMC/ptbc_update_tm/update_gauge
# : Time for gauge_derivative 2.068608e-02 s level: 2 proc_id: 0 /HMC/ptbc_update_tm/GAUGE:gauge_derivative
# : Time for update_gauge 1.022495e-02 s level: 2 proc_id: 0 /HMC/ptbc_update_tm/update_gauge
# : Time for gauge_derivative 2.078871e-02 s level: 2 proc_id: 0 /HMC/ptbc_update_tm/GAUGE:gauge_derivative
# : Time for gauge_derivative 2.082536e-02 s level: 2 proc_id: 0 /HMC/ptbc_update_tm/GAUGE:gauge_derivative
# : Time for update_gauge 1.010896e-02 s level: 2 proc_id: 0 /HMC/ptbc_update_tm/update_gauge
# : Time for gauge_derivative 2.069861e-02 s level: 2 proc_id: 0 /HMC/ptbc_update_tm/GAUGE:gauge_derivative
# : Time for update_gauge 1.028269e-02 s level: 2 proc_id: 0 /HMC/ptbc_update_tm/update_gauge
# : Time for gauge_derivative 2.082479e-02 s level: 2 proc_id: 0 /HMC/ptbc_update_tm/GAUGE:gauge_derivative
# : Time for gauge_derivative 2.071362e-02 s level: 2 proc_id: 0 /HMC/ptbc_update_tm/GAUGE:gauge_derivative
# : Time for update_gauge 1.007517e-02 s level: 2 proc_id: 0 /HMC/ptbc_update_tm/update_gauge
# : Time for gauge_derivative 2.074001e-02 s level: 2 proc_id: 0 /HMC/ptbc_update_tm/GAUGE:gauge_derivative
# : Time for update_gauge 1.024987e-02 s level: 2 proc_id: 0 /HMC/ptbc_update_tm/update_gauge
# : Time for gauge_derivative 2.072138e-02 s level: 2 proc_id: 0 /HMC/ptbc_update_tm/GAUGE:gauge_derivative
# : Time for gauge_derivative 2.065271e-02 s level: 2 proc_id: 0 /HMC/ptbc_update_tm/GAUGE:gauge_derivative
# : Time for update_gauge 1.010434e-02 s level: 2 proc_id: 0 /HMC/ptbc_update_tm/update_gauge
# : Time for gauge_derivative 2.084592e-02 s level: 2 proc_id: 0 /HMC/ptbc_update_tm/GAUGE:gauge_derivative
# : Time for update_gauge 1.027476e-02 s level: 2 proc_id: 0 /HMC/ptbc_update_tm/update_gauge
# : Time for gauge_derivative 2.069604e-02 s level: 2 proc_id: 0 /HMC/ptbc_update_tm/GAUGE:gauge_derivative
# : Time for gauge_derivative 2.075109e-02 s level: 2 proc_id: 0 /HMC/ptbc_update_tm/GAUGE:gauge_derivative
# : Time for update_gauge 1.009911e-02 s level: 2 proc_id: 0 /HMC/ptbc_update_tm/update_gauge
# : Time for gauge_derivative 2.078817e-02 s level: 2 proc_id: 0 /HMC/ptbc_update_tm/GAUGE:gauge_derivative
# : Time for update_gauge 1.023369e-02 s level: 2 proc_id: 0 /HMC/ptbc_update_tm/update_gauge
# : Time for gauge_derivative 2.076385e-02 s level: 2 proc_id: 0 /HMC/ptbc_update_tm/GAUGE:gauge_derivative
# : Time for gauge_derivative 2.078999e-02 s level: 2 proc_id: 0 /HMC/ptbc_update_tm/GAUGE:gauge_derivative
# : Time for update_gauge 1.009952e-02 s level: 2 proc_id: 0 /HMC/ptbc_update_tm/update_gauge
# : Time for gauge_derivative 2.074092e-02 s level: 2 proc_id: 0 /HMC/ptbc_update_tm/GAUGE:gauge_derivative
# : Time for update_gauge 1.022320e-02 s level: 2 proc_id: 0 /HMC/ptbc_update_tm/update_gauge
# : Time for gauge_derivative 2.079512e-02 s level: 2 proc_id: 0 /HMC/ptbc_update_tm/GAUGE:gauge_derivative
# : Time for gauge_derivative 2.085967e-02 s level: 2 proc_id: 0 /HMC/ptbc_update_tm/GAUGE:gauge_derivative
# : Time for update_gauge 1.020627e-02 s level: 2 proc_id: 0 /HMC/ptbc_update_tm/update_gauge
# : Time for gauge_derivative 2.072991e-02 s level: 2 proc_id: 0 /HMC/ptbc_update_tm/GAUGE:gauge_derivative
# : Time for update_gauge 1.023458e-02 s level: 2 proc_id: 0 /HMC/ptbc_update_tm/update_gauge
# : Time for gauge_derivative 2.073248e-02 s level: 2 proc_id: 0 /HMC/ptbc_update_tm/GAUGE:gauge_derivative
# : Time for gauge_derivative 2.065917e-02 s level: 2 proc_id: 0 /HMC/ptbc_update_tm/GAUGE:gauge_derivative
# : Time for update_gauge 1.026135e-02 s level: 2 proc_id: 0 /HMC/ptbc_update_tm/update_gauge
# : Time for gauge_derivative 2.073064e-02 s level: 2 proc_id: 0 /HMC/ptbc_update_tm/GAUGE:gauge_derivative
# : Time for update_gauge 1.025102e-02 s level: 2 proc_id: 0 /HMC/ptbc_update_tm/update_gauge
# : Time for gauge_derivative 2.064680e-02 s level: 2 proc_id: 0 /HMC/ptbc_update_tm/GAUGE:gauge_derivative
# : Time for gauge_derivative 2.070789e-02 s level: 2 proc_id: 0 /HMC/ptbc_update_tm/GAUGE:gauge_derivative
# : Time for update_gauge 1.023287e-02 s level: 2 proc_id: 0 /HMC/ptbc_update_tm/update_gauge
# : Time for gauge_derivative 2.065196e-02 s level: 2 proc_id: 0 /HMC/ptbc_update_tm/GAUGE:gauge_derivative
# : Time for update_gauge 1.024943e-02 s level: 2 proc_id: 0 /HMC/ptbc_update_tm/update_gauge
# : Time for gauge_derivative 2.073250e-02 s level: 2 proc_id: 0 /HMC/ptbc_update_tm/GAUGE:gauge_derivative
# : Time for gauge_derivative 2.069820e-02 s level: 2 proc_id: 0 /HMC/ptbc_update_tm/GAUGE:gauge_derivative
# : Time for update_gauge 1.010658e-02 s level: 2 proc_id: 0 /HMC/ptbc_update_tm/update_gauge
# : Time for gauge_derivative 2.076181e-02 s level: 2 proc_id: 0 /HMC/ptbc_update_tm/GAUGE:gauge_derivative
# : Time for update_gauge 1.024259e-02 s level: 2 proc_id: 0 /HMC/ptbc_update_tm/update_gauge
# : Time for gauge_derivative 2.075848e-02 s level: 2 proc_id: 0 /HMC/ptbc_update_tm/GAUGE:gauge_derivative
# : Time for gauge_derivative 2.072513e-02 s level: 2 proc_id: 0 /HMC/ptbc_update_tm/GAUGE:gauge_derivative
# : Time for update_gauge 1.012140e-02 s level: 2 proc_id: 0 /HMC/ptbc_update_tm/update_gauge
# : Time for gauge_derivative 2.069781e-02 s level: 2 proc_id: 0 /HMC/ptbc_update_tm/GAUGE:gauge_derivative
# : Time for update_gauge 1.026236e-02 s level: 2 proc_id: 0 /HMC/ptbc_update_tm/update_gauge
# : Time for gauge_derivative 2.079177e-02 s level: 2 proc_id: 0 /HMC/ptbc_update_tm/GAUGE:gauge_derivative
# : Time for gauge_derivative 2.080993e-02 s level: 2 proc_id: 0 /HMC/ptbc_update_tm/GAUGE:gauge_derivative
# : Time for update_gauge 1.023186e-02 s level: 2 proc_id: 0 /HMC/ptbc_update_tm/update_gauge
# : Time for gauge_derivative 2.062919e-02 s level: 2 proc_id: 0 /HMC/ptbc_update_tm/GAUGE:gauge_derivative
# : Time for update_gauge 1.025377e-02 s level: 2 proc_id: 0 /HMC/ptbc_update_tm/update_gauge
# : Time for gauge_derivative 2.076788e-02 s level: 2 proc_id: 0 /HMC/ptbc_update_tm/GAUGE:gauge_derivative
# : Time for gauge_derivative 2.072383e-02 s level: 2 proc_id: 0 /HMC/ptbc_update_tm/GAUGE:gauge_derivative
# : Time for update_gauge 1.011190e-02 s level: 2 proc_id: 0 /HMC/ptbc_update_tm/update_gauge
# : Time for gauge_derivative 2.073061e-02 s level: 2 proc_id: 0 /HMC/ptbc_update_tm/GAUGE:gauge_derivative
# : Time for update_gauge 1.024466e-02 s level: 2 proc_id: 0 /HMC/ptbc_update_tm/update_gauge
# : Time for gauge_derivative 2.080525e-02 s level: 2 proc_id: 0 /HMC/ptbc_update_tm/GAUGE:gauge_derivative
# : Time for gauge_derivative 2.082546e-02 s level: 2 proc_id: 0 /HMC/ptbc_update_tm/GAUGE:gauge_derivative
# : Time for update_gauge 1.013216e-02 s level: 2 proc_id: 0 /HMC/ptbc_update_tm/update_gauge
# : Time for gauge_derivative 2.067284e-02 s level: 2 proc_id: 0 /HMC/ptbc_update_tm/GAUGE:gauge_derivative
# : Time for update_gauge 1.027109e-02 s level: 2 proc_id: 0 /HMC/ptbc_update_tm/update_gauge
# : Time for gauge_derivative 2.077764e-02 s level: 2 proc_id: 0 /HMC/ptbc_update_tm/GAUGE:gauge_derivative
# : Time for gauge_derivative 2.073070e-02 s level: 2 proc_id: 0 /HMC/ptbc_update_tm/GAUGE:gauge_derivative
# : Time for update_gauge 1.017210e-02 s level: 2 proc_id: 0 /HMC/ptbc_update_tm/update_gauge
# : Time for gauge_derivative 2.075713e-02 s level: 2 proc_id: 0 /HMC/ptbc_update_tm/GAUGE:gauge_derivative
# : Time for update_gauge 1.024169e-02 s level: 2 proc_id: 0 /HMC/ptbc_update_tm/update_gauge
# : Time for gauge_derivative 2.068741e-02 s level: 2 proc_id: 0 /HMC/ptbc_update_tm/GAUGE:gauge_derivative
# : Time for gauge_derivative 2.082863e-02 s level: 2 proc_id: 0 /HMC/ptbc_update_tm/GAUGE:gauge_derivative
# : Time for update_gauge 1.024314e-02 s level: 2 proc_id: 0 /HMC/ptbc_update_tm/update_gauge
# : Time for gauge_derivative 2.072973e-02 s level: 2 proc_id: 0 /HMC/ptbc_update_tm/GAUGE:gauge_derivative
# : Time for update_gauge 1.024972e-02 s level: 2 proc_id: 0 /HMC/ptbc_update_tm/update_gauge
# : Time for gauge_derivative 2.064969e-02 s level: 2 proc_id: 0 /HMC/ptbc_update_tm/GAUGE:gauge_derivative
# : Time for gauge_derivative 2.069995e-02 s level: 2 proc_id: 0 /HMC/ptbc_update_tm/GAUGE:gauge_derivative
# : Time for update_gauge 1.015669e-02 s level: 2 proc_id: 0 /HMC/ptbc_update_tm/update_gauge
# : Time for gauge_derivative 2.077264e-02 s level: 2 proc_id: 0 /HMC/ptbc_update_tm/GAUGE:gauge_derivative
# : Time for update_gauge 1.028461e-02 s level: 2 proc_id: 0 /HMC/ptbc_update_tm/update_gauge
# : Time for gauge_derivative 2.081561e-02 s level: 2 proc_id: 0 /HMC/ptbc_update_tm/GAUGE:gauge_derivative
# : Time for gauge_derivative 2.086676e-02 s level: 2 proc_id: 0 /HMC/ptbc_update_tm/GAUGE:gauge_derivative
# : Time for update_gauge 1.016508e-02 s level: 2 proc_id: 0 /HMC/ptbc_update_tm/update_gauge
# : Time for gauge_derivative 2.077591e-02 s level: 2 proc_id: 0 /HMC/ptbc_update_tm/GAUGE:gauge_derivative
# : Time for update_gauge 1.022699e-02 s level: 2 proc_id: 0 /HMC/ptbc_update_tm/update_gauge
# : Time for gauge_derivative 2.071956e-02 s level: 2 proc_id: 0 /HMC/ptbc_update_tm/GAUGE:gauge_derivative
# : Time for gauge_derivative 2.070011e-02 s level: 2 proc_id: 0 /HMC/ptbc_update_tm/GAUGE:gauge_derivative
# : Time for update_gauge 1.004865e-02 s level: 2 proc_id: 0 /HMC/ptbc_update_tm/update_gauge
# : Time for gauge_derivative 2.080426e-02 s level: 2 proc_id: 0 /HMC/ptbc_update_tm/GAUGE:gauge_derivative
# : Time for gauge_acc 5.119869e-03 s level: 2 proc_id: 0 /HMC/ptbc_update_tm/GAUGE:gauge_acc
# Trajectory is accepted.
# inst0: Time for ptbc_update_tm 2.484086e+00 s level: 1 proc_id: 0 /HMC/ptbc_update_tm
# inst0: Time for ptbc_swap_dh 1.044779e-02 s level: 2 proc_id: 0 /HMC/ptbc_swap/ptbc_swap_dh
[swap_link] inst 0 <-> 1: own_diff=3.448260e+01 partner_diff=-1.932722e+01 total_diff=1.515539e+01 expmdh=2.618781e-07 random number=5.145894e-02 accept=0
# inst0: Time for ptbc_swap 3.244751e-02 s level: 1 proc_id: 0 /HMC/ptbc_swap

I am step 7 instance 0 rank 0 
# Writing gauge field to .conf.t00007.tmp.
# Constructing LEMON writer for file .conf.t00007.tmp for append = 0
# Time spent writing 2.36 Mb was 88.9 ms.
# Writing speed: 26.5 Mb/s (26.5 Mb/s per MPI process).
# Scidac checksums for gaugefield .conf.t00007.tmp:
#   Calculated            : A = 0xc024b6b6 B = 0x8062ba34.
# Write completed, verifying write...
# Constructing LEMON reader for file .conf.t00007.tmp ...
# Time spent reading 2.36 Mb was 519 us.
# Reading speed: 4.54 Gb/s (4.54 Gb/s per MPI process).
# Scidac checksums for gaugefield .conf.t00007.tmp:
#   Calculated            : A = 0xc024b6b6 B = 0x8062ba34.
#   Read from LIME headers: A = 0xc024b6b6 B = 0x8062ba34.
# Reading ildg-format record:
#   Precision = 64 bits (double).
#   Lattice size: LX = 8, LY = 8, LZ = 8, LT = 8.
# Input parameters:
#   Precision = 64 bits (double).
#   Lattice size: LX = 8, LY = 8, LZ = 8, LT = 8.
# Write successfully verified.
# Renaming .conf.t00007.tmp to conf.save.
#
# Starting trajectory no 8
# : Time for gauge_heatbath 5.132669e-03 s level: 2 proc_id: 0 /HMC/ptbc_update_tm/GAUGE:gauge_heatbath
# : Time for gauge_derivative 2.065871e-02 s level: 2 proc_id: 0 /HMC/ptbc_update_tm/GAUGE:gauge_derivative
# : Time for update_gauge 1.057293e-02 s level: 2 proc_id: 0 /HMC/ptbc_update_tm/update_gauge
# : Time for gauge_derivative 2.075653e-02 s level: 2 proc_id: 0 /HMC/ptbc_update_tm/GAUGE:gauge_derivative
# : Time for gauge_derivative 2.068425e-02 s level: 2 proc_id: 0 /HMC/ptbc_update_tm/GAUGE:gauge_derivative
# : Time for update_gauge 1.008784e-02 s level: 2 proc_id: 0 /HMC/ptbc_update_tm/update_gauge
# : Time for gauge_derivative 2.077826e-02 s level: 2 proc_id: 0 /HMC/ptbc_update_tm/GAUGE:gauge_derivative
# : Time for update_gauge 1.023829e-02 s level: 2 proc_id: 0 /HMC/ptbc_update_tm/update_gauge
# : Time for gauge_derivative 2.070555e-02 s level: 2 proc_id: 0 /HMC/ptbc_update_tm/GAUGE:gauge_derivative
# : Time for gauge_derivative 2.063937e-02 s level: 2 proc_id: 0 /HMC/ptbc_update_tm/GAUGE:gauge_derivative
# : Time for update_gauge 1.014793e-02 s level: 2 proc_id: 0 /HMC/ptbc_update_tm/update_gauge
# : Time for gauge_derivative 2.064073e-02 s level: 2 proc_id: 0 /HMC/ptbc_update_tm/GAUGE:gauge_derivative
# : Time for update_gauge 1.026840e-02 s level: 2 proc_id: 0 /HMC/ptbc_update_tm/update_gauge
# : Time for gauge_derivative 2.074936e-02 s level: 2 proc_id: 0 /HMC/ptbc_update_tm/GAUGE:gauge_derivative
# : Time for gauge_derivative 2.067090e-02 s level: 2 proc_id: 0 /HMC/ptbc_update_tm/GAUGE:gauge_derivative
# : Time for update_gauge 1.006397e-02 s level: 2 proc_id: 0 /HMC/ptbc_update_tm/update_gauge
# : Time for gauge_derivative 2.070191e-02 s level: 2 proc_id: 0 /HMC/ptbc_update_tm/GAUGE:gauge_derivative
# : Time for update_gauge 7.928117e-02 s level: 2 proc_id: 0 /HMC/ptbc_update_tm/update_gauge
# : Time for gauge_derivative 2.068762e-02 s level: 2 proc_id: 0 /HMC/ptbc_update_tm/GAUGE:gauge_derivative
# : Time for gauge_derivative 2.063934e-02 s level: 2 proc_id: 0 /HMC/ptbc_update_tm/GAUGE:gauge_derivative
# : Time for update_gauge 1.024114e-02 s level: 2 proc_id: 0 /HMC/ptbc_update_tm/update_gauge
# : Time for gauge_derivative 2.073795e-02 s level: 2 proc_id: 0 /HMC/ptbc_update_tm/GAUGE:gauge_derivative
# : Time for update_gauge 1.034353e-02 s level: 2 proc_id: 0 /HMC/ptbc_update_tm/update_gauge
# : Time for gauge_derivative 2.069363e-02 s level: 2 proc_id: 0 /HMC/ptbc_update_tm/GAUGE:gauge_derivative
# : Time for gauge_derivative 2.060370e-02 s level: 2 proc_id: 0 /HMC/ptbc_update_tm/GAUGE:gauge_derivative
# : Time for update_gauge 1.005825e-02 s level: 2 proc_id: 0 /HMC/ptbc_update_tm/update_gauge
# : Time for gauge_derivative 2.072427e-02 s level: 2 proc_id: 0 /HMC/ptbc_update_tm/GAUGE:gauge_derivative
# : Time for update_gauge 1.022420e-02 s level: 2 proc_id: 0 /HMC/ptbc_update_tm/update_gauge
# : Time for gauge_derivative 2.066672e-02 s level: 2 proc_id: 0 /HMC/ptbc_update_tm/GAUGE:gauge_derivative
# : Time for gauge_derivative 2.068202e-02 s level: 2 proc_id: 0 /HMC/ptbc_update_tm/GAUGE:gauge_derivative
# : Time for update_gauge 1.010924e-02 s level: 2 proc_id: 0 /HMC/ptbc_update_tm/update_gauge
# : Time for gauge_derivative 2.067807e-02 s level: 2 proc_id: 0 /HMC/ptbc_update_tm/GAUGE:gauge_derivative
# : Time for update_gauge 1.022802e-02 s level: 2 proc_id: 0 /HMC/ptbc_update_tm/update_gauge
# : Time for gauge_derivative 2.076793e-02 s level: 2 proc_id: 0 /HMC/ptbc_update_tm/GAUGE:gauge_derivative
# : Time for gauge_derivative 2.076967e-02 s level: 2 proc_id: 0 /HMC/ptbc_update_tm/GAUGE:gauge_derivative
# : Time for update_gauge 1.013869e-02 s level: 2 proc_id: 0 /HMC/ptbc_update_tm/update_gauge
# : Time for gauge_derivative 2.077020e-02 s level: 2 proc_id: 0 /HMC/ptbc_update_tm/GAUGE:gauge_derivative
# : Time for update_gauge 1.025939e-02 s level: 2 proc_id: 0 /HMC/ptbc_update_tm/update_gauge
# : Time for gauge_derivative 2.080302e-02 s level: 2 proc_id: 0 /HMC/ptbc_update_tm/GAUGE:gauge_derivative
# : Time for gauge_derivative 2.077205e-02 s level: 2 proc_id: 0 /HMC/ptbc_update_tm/GAUGE:gauge_derivative
# : Time for update_gauge 1.003933e-02 s level: 2 proc_id: 0 /HMC/ptbc_update_tm/update_gauge
# : Time for gauge_derivative 2.067881e-02 s level: 2 proc_id: 0 /HMC/ptbc_update_tm/GAUGE:gauge_derivative
# : Time for update_gauge 1.026502e-02 s level: 2 proc_id: 0 /HMC/ptbc_update_tm/update_gauge
# : Time for gauge_derivative 2.061457e-02 s level: 2 proc_id: 0 /HMC/ptbc_update_tm/GAUGE:gauge_derivative
# : Time for gauge_derivative 2.068226e-02 s level: 2 proc_id: 0 /HMC/ptbc_update_tm/GAUGE:gauge_derivative
# : Time for update_gauge 1.007247e-02 s level: 2 proc_id: 0 /HMC/ptbc_update_tm/update_gauge
# : Time for gauge_derivative 2.073952e-02 s level: 2 proc_id: 0 /HMC/ptbc_update_tm/GAUGE:gauge_derivative
# : Time for update_gauge 1.023352e-02 s level: 2 proc_id: 0 /HMC/ptbc_update_tm/update_gauge
# : Time for gauge_derivative 2.080050e-02 s level: 2 proc_id: 0 /HMC/ptbc_update_tm/GAUGE:gauge_derivative
# : Time for gauge_derivative 2.077735e-02 s level: 2 proc_id: 0 /HMC/ptbc_update_tm/GAUGE:gauge_derivative
# : Time for update_gauge 1.011434e-02 s level: 2 proc_id: 0 /HMC/ptbc_update_tm/update_gauge
# : Time for gauge_derivative 2.063821e-02 s level: 2 proc_id: 0 /HMC/ptbc_update_tm/GAUGE:gauge_derivative
# : Time for update_gauge 1.024342e-02 s level: 2 proc_id: 0 /HMC/ptbc_update_tm/update_gauge
# : Time for gauge_derivative 2.072313e-02 s level: 2 proc_id: 0 /HMC/ptbc_update_tm/GAUGE:gauge_derivative
# : Time for gauge_derivative 2.066555e-02 s level: 2 proc_id: 0 /HMC/ptbc_update_tm/GAUGE:gauge_derivative
# : Time for update_gauge 1.014436e-02 s level: 2 proc_id: 0 /HMC/ptbc_update_tm/update_gauge
# : Time for gauge_derivative 2.081073e-02 s level: 2 proc_id: 0 /HMC/ptbc_update_tm/GAUGE:gauge_derivative
# : Time for update_gauge 1.027519e-02 s level: 2 proc_id: 0 /HMC/ptbc_update_tm/update_gauge
# : Time for gauge_derivative 2.072453e-02 s level: 2 proc_id: 0 /HMC/ptbc_update_tm/GAUGE:gauge_derivative
# : Time for gauge_derivative 2.066944e-02 s level: 2 proc_id: 0 /HMC/ptbc_update_tm/GAUGE:gauge_derivative
# : Time for update_gauge 1.012405e-02 s level: 2 proc_id: 0 /HMC/ptbc_update_tm/update_gauge
# : Time for gauge_derivative 2.066485e-02 s level: 2 proc_id: 0 /HMC/ptbc_update_tm/GAUGE:gauge_derivative
# : Time for update_gauge 1.029351e-02 s level: 2 proc_id: 0 /HMC/ptbc_update_tm/update_gauge
# : Time for gauge_derivative 2.073304e-02 s level: 2 proc_id: 0 /HMC/ptbc_update_tm/GAUGE:gauge_derivative
# : Time for gauge_derivative 2.080158e-02 s level: 2 proc_id: 0 /HMC/ptbc_update_tm/GAUGE:gauge_derivative
# : Time for update_gauge 1.009939e-02 s level: 2 proc_id: 0 /HMC/ptbc_update_tm/update_gauge
# : Time for gauge_derivative 2.065353e-02 s level: 2 proc_id: 0 /HMC/ptbc_update_tm/GAUGE:gauge_derivative
# : Time for update_gauge 1.034843e-02 s level: 2 proc_id: 0 /HMC/ptbc_update_tm/update_gauge
# : Time for gauge_derivative 2.080381e-02 s level: 2 proc_id: 0 /HMC/ptbc_update_tm/GAUGE:gauge_derivative
# : Time for gauge_derivative 2.065722e-02 s level: 2 proc_id: 0 /HMC/ptbc_update_tm/GAUGE:gauge_derivative
# : Time for update_gauge 1.006022e-02 s level: 2 proc_id: 0 /HMC/ptbc_update_tm/update_gauge
# : Time for gauge_derivative 2.071323e-02 s level: 2 proc_id: 0 /HMC/ptbc_update_tm/GAUGE:gauge_derivative
# : Time for update_gauge 1.031832e-02 s level: 2 proc_id: 0 /HMC/ptbc_update_tm/update_gauge
# : Time for gauge_derivative 2.069887e-02 s level: 2 proc_id: 0 /HMC/ptbc_update_tm/GAUGE:gauge_derivative
# : Time for gauge_derivative 2.076156e-02 s level: 2 proc_id: 0 /HMC/ptbc_update_tm/GAUGE:gauge_derivative
# : Time for update_gauge 1.007729e-02 s level: 2 proc_id: 0 /HMC/ptbc_update_tm/update_gauge
# : Time for gauge_derivative 2.064799e-02 s level: 2 proc_id: 0 /HMC/ptbc_update_tm/GAUGE:gauge_derivative
# : Time for update_gauge 1.019870e-02 s level: 2 proc_id: 0 /HMC/ptbc_update_tm/update_gauge
# : Time for gauge_derivative 2.065209e-02 s level: 2 proc_id: 0 /HMC/ptbc_update_tm/GAUGE:gauge_derivative
# : Time for gauge_derivative 2.065468e-02 s level: 2 proc_id: 0 /HMC/ptbc_update_tm/GAUGE:gauge_derivative
# : Time for update_gauge 1.010319e-02 s level: 2 proc_id: 0 /HMC/ptbc_update_tm/update_gauge
# : Time for gauge_derivative 2.067430e-02 s level: 2 proc_id: 0 /HMC/ptbc_update_tm/GAUGE:gauge_derivative
# : Time for update_gauge 1.023930e-02 s level: 2 proc_id: 0 /HMC/ptbc_update_tm/update_gauge
# : Time for gauge_derivative 2.067265e-02 s level: 2 proc_id: 0 /HMC/ptbc_update_tm/GAUGE:gauge_derivative
# : Time for gauge_derivative 2.065360e-02 s level: 2 proc_id: 0 /HMC/ptbc_update_tm/GAUGE:gauge_derivative
# : Time for update_gauge 1.003106e-02 s level: 2 proc_id: 0 /HMC/ptbc_update_tm/update_gauge
# : Time for gauge_derivative 2.077705e-02 s level: 2 proc_id: 0 /HMC/ptbc_update_tm/GAUGE:gauge_derivative
# : Time for update_gauge 1.019505e-02 s level: 2 proc_id: 0 /HMC/ptbc_update_tm/update_gauge
# : Time for gauge_derivative 2.079538e-02 s level: 2 proc_id: 0 /HMC/ptbc_update_tm/GAUGE:gauge_derivative
# : Time for gauge_derivative 2.073188e-02 s level: 2 proc_id: 0 /HMC/ptbc_update_tm/GAUGE:gauge_derivative
# : Time for update_gauge 1.024007e-02 s level: 2 proc_id: 0 /HMC/ptbc_update_tm/update_gauge
# : Time for gauge_derivative 2.074102e-02 s level: 2 proc_id: 0 /HMC/ptbc_update_tm/GAUGE:gauge_derivative
# : Time for update_gauge 1.019393e-02 s level: 2 proc_id: 0 /HMC/ptbc_update_tm/update_gauge
# : Time for gauge_derivative 2.066560e-02 s level: 2 proc_id: 0 /HMC/ptbc_update_tm/GAUGE:gauge_derivative
# : Time for gauge_derivative 2.084222e-02 s level: 2 proc_id: 0 /HMC/ptbc_update_tm/GAUGE:gauge_derivative
# : Time for update_gauge 1.012330e-02 s level: 2 proc_id: 0 /HMC/ptbc_update_tm/update_gauge
# : Time for gauge_derivative 2.060588e-02 s level: 2 proc_id: 0 /HMC/ptbc_update_tm/GAUGE:gauge_derivative
# : Time for update_gauge 1.034423e-02 s level: 2 proc_id: 0 /HMC/ptbc_update_tm/update_gauge
# : Time for gauge_derivative 2.066989e-02 s level: 2 proc_id: 0 /HMC/ptbc_update_tm/GAUGE:gauge_derivative
# : Time for gauge_derivative 2.067151e-02 s level: 2 proc_id: 0 /HMC/ptbc_update_tm/GAUGE:gauge_derivative
# : Time for update_gauge 1.003039e-02 s level: 2 proc_id: 0 /HMC/ptbc_update_tm/update_gauge
# : Time for gauge_derivative 2.077737e-02 s level: 2 proc_id: 0 /HMC/ptbc_update_tm/GAUGE:gauge_derivative
# : Time for update_gauge 1.025043e-02 s level: 2 proc_id: 0 /HMC/ptbc_update_tm/update_gauge
# : Time for gauge_derivative 2.068155e-02 s level: 2 proc_id: 0 /HMC/ptbc_update_tm/GAUGE:gauge_derivative
# : Time for gauge_derivative 2.068616e-02 s level: 2 proc_id: 0 /HMC/ptbc_update_tm/GAUGE:gauge_derivative
# : Time for update_gauge 1.007273e-02 s level: 2 proc_id: 0 /HMC/ptbc_update_tm/update_gauge
# : Time for gauge_derivative 2.075662e-02 s level: 2 proc_id: 0 /HMC/ptbc_update_tm/GAUGE:gauge_derivative
# : Time for update_gauge 1.022510e-02 s level: 2 proc_id: 0 /HMC/ptbc_update_tm/update_gauge
# : Time for gauge_derivative 2.064458e-02 s level: 2 proc_id: 0 /HMC/ptbc_update_tm/GAUGE:gauge_derivative
# : Time for gauge_derivative 2.079205e-02 s level: 2 proc_id: 0 /HMC/ptbc_update_tm/GAUGE:gauge_derivative
# : Time for update_gauge 1.011668e-02 s level: 2 proc_id: 0 /HMC/ptbc_update_tm/update_gauge
# : Time for gauge_derivative 2.077399e-02 s level: 2 proc_id: 0 /HMC/ptbc_update_tm/GAUGE:gauge_derivative
# : Time for update_gauge 1.024117e-02 s level: 2 proc_id: 0 /HMC/ptbc_update_tm/update_gauge
# : Time for gauge_derivative 2.076409e-02 s level: 2 proc_id: 0 /HMC/ptbc_update_tm/GAUGE:gauge_derivative
# : Time for gauge_derivative 2.082597e-02 s level: 2 proc_id: 0 /HMC/ptbc_update_tm/GAUGE:gauge_derivative
# : Time for update_gauge 1.007916e-02 s level: 2 proc_id: 0 /HMC/ptbc_update_tm/update_gauge
# : Time for gauge_derivative 2.068293e-02 s level: 2 proc_id: 0 /HMC/ptbc_update_tm/GAUGE:gauge_derivative
# : Time for update_gauge 1.026394e-02 s level: 2 proc_id: 0 /HMC/ptbc_update_tm/update_gauge
# : Time for gauge_derivative 2.069709e-02 s level: 2 proc_id: 0 /HMC/ptbc_update_tm/GAUGE:gauge_derivative
# : Time for gauge_derivative 2.080826e-02 s level: 2 proc_id: 0 /HMC/ptbc_update_tm/GAUGE:gauge_derivative
# : Time for update_gauge 1.010786e-02 s level: 2 proc_id: 0 /HMC/ptbc_update_tm/update_gauge
# : Time for gauge_derivative 2.074593e-02 s level: 2 proc_id: 0 /HMC/ptbc_update_tm/GAUGE:gauge_derivative
# : Time for gauge_acc 5.109480e-03 s level: 2 proc_id: 0 /HMC/ptbc_update_tm/GAUGE:gauge_acc
# Trajectory is accepted.
# inst0: Time for ptbc_update_tm 2.556927e+00 s level: 1 proc_id: 0 /HMC/ptbc_update_tm
# inst0: Time for ptbc_swap_dh 1.038320e-02 s level: 2 proc_id: 0 /HMC/ptbc_swap/ptbc_swap_dh
[swap_link] inst 0 <-> 1: own_diff=3.534719e+01 partner_diff=-2.624287e+01 total_diff=9.104324e+00 expmdh=1.111840e-04 random number=2.754011e-01 accept=0
# inst0: Time for ptbc_swap 3.348026e-02 s level: 1 proc_id: 0 /HMC/ptbc_swap

I am step 8 instance 0 rank 0 
# Writing gauge field to .conf.t00008.tmp.
# Constructing LEMON writer for file .conf.t00008.tmp for append = 0
# Time spent writing 2.36 Mb was 101 ms.
# Writing speed: 23.3 Mb/s (23.3 Mb/s per MPI process).
# Scidac checksums for gaugefield .conf.t00008.tmp:
#   Calculated            : A = 0xe8bbe553 B = 0x431b2e21.
# Write completed, verifying write...
# Constructing LEMON reader for file .conf.t00008.tmp ...
# Time spent reading 2.36 Mb was 492 us.
# Reading speed: 4.80 Gb/s (4.80 Gb/s per MPI process).
# Scidac checksums for gaugefield .conf.t00008.tmp:
#   Calculated            : A = 0xe8bbe553 B = 0x431b2e21.
#   Read from LIME headers: A = 0xe8bbe553 B = 0x431b2e21.
# Reading ildg-format record:
#   Precision = 64 bits (double).
#   Lattice size: LX = 8, LY = 8, LZ = 8, LT = 8.
# Input parameters:
#   Precision = 64 bits (double).
#   Lattice size: LX = 8, LY = 8, LZ = 8, LT = 8.
# Write successfully verified.
# Renaming .conf.t00008.tmp to conf.save.
#
# Starting trajectory no 9
# : Time for gauge_heatbath 5.230690e-03 s level: 2 proc_id: 0 /HMC/ptbc_update_tm/GAUGE:gauge_heatbath
# : Time for gauge_derivative 2.067600e-02 s level: 2 proc_id: 0 /HMC/ptbc_update_tm/GAUGE:gauge_derivative
# : Time for update_gauge 1.051003e-02 s level: 2 proc_id: 0 /HMC/ptbc_update_tm/update_gauge
# : Time for gauge_derivative 2.071885e-02 s level: 2 proc_id: 0 /HMC/ptbc_update_tm/GAUGE:gauge_derivative
# : Time for gauge_derivative 2.064978e-02 s level: 2 proc_id: 0 /HMC/ptbc_update_tm/GAUGE:gauge_derivative
# : Time for update_gauge 1.014715e-02 s level: 2 proc_id: 0 /HMC/ptbc_update_tm/update_gauge
# : Time for gauge_derivative 2.069382e-02 s level: 2 proc_id: 0 /HMC/ptbc_update_tm/GAUGE:gauge_derivative
# : Time for update_gauge 1.022549e-02 s level: 2 proc_id: 0 /HMC/ptbc_update_tm/update_gauge
# : Time for gauge_derivative 2.073660e-02 s level: 2 proc_id: 0 /HMC/ptbc_update_tm/GAUGE:gauge_derivative
# : Time for gauge_derivative 2.079932e-02 s level: 2 proc_id: 0 /HMC/ptbc_update_tm/GAUGE:gauge_derivative
# : Time for update_gauge 1.019288e-02 s level: 2 proc_id: 0 /HMC/ptbc_update_tm/update_gauge
# : Time for gauge_derivative 2.068889e-02 s level: 2 proc_id: 0 /HMC/ptbc_update_tm/GAUGE:gauge_derivative
# : Time for update_gauge 1.024458e-02 s level: 2 proc_id: 0 /HMC/ptbc_update_tm/update_gauge
# : Time for gauge_derivative 2.070596e-02 s level: 2 proc_id: 0 /HMC/ptbc_update_tm/GAUGE:gauge_derivative
# : Time for gauge_derivative 2.078115e-02 s level: 2 proc_id: 0 /HMC/ptbc_update_tm/GAUGE:gauge_derivative
# : Time for update_gauge 1.010413e-02 s level: 2 proc_id: 0 /HMC/ptbc_update_tm/update_gauge
# : Time for gauge_derivative 2.073827e-02 s level: 2 proc_id: 0 /HMC/ptbc_update_tm/GAUGE:gauge_derivative
# : Time for update_gauge 1.024211e-02 s level: 2 proc_id: 0 /HMC/ptbc_update_tm/update_gauge
# : Time for gauge_derivative 2.074365e-02 s level: 2 proc_id: 0 /HMC/ptbc_update_tm/GAUGE:gauge_derivative
# : Time for gauge_derivative 2.074026e-02 s level: 2 proc_id: 0 /HMC/ptbc_update_tm/GAUGE:gauge_derivative
# : Time for update_gauge 1.017755e-02 s level: 2 proc_id: 0 /HMC/ptbc_update_tm/update_gauge
# : Time for gauge_derivative 2.063799e-02 s level: 2 proc_id: 0 /HMC/ptbc_update_tm/GAUGE:gauge_derivative
# : Time for update_gauge 1.030298e-02 s level: 2 proc_id: 0 /HMC/ptbc_update_tm/update_gauge
# : Time for gauge_derivative 2.070319e-02 s level: 2 proc_id: 0 /HMC/ptbc_update_tm/GAUGE:gauge_derivative
# : Time for gauge_derivative 2.064778e-02 s level: 2 proc_id: 0 /HMC/ptbc_update_tm/GAUGE:gauge_derivative
# : Time for update_gauge 1.007937e-02 s level: 2 proc_id: 0 /HMC/ptbc_update_tm/update_gauge
# : Time for gauge_derivative 2.068237e-02 s level: 2 proc_id: 0 /HMC/ptbc_update_tm/GAUGE:gauge_derivative
# : Time for update_gauge 1.029916e-02 s level: 2 proc_id: 0 /HMC/ptbc_update_tm/update_gauge
# : Time for gauge_derivative 2.081820e-02 s level: 2 proc_id: 0 /HMC/ptbc_update_tm/GAUGE:gauge_derivative
# : Time for gauge_derivative 2.072612e-02 s level: 2 proc_id: 0 /HMC/ptbc_update_tm/GAUGE:gauge_derivative
# : Time for update_gauge 1.021103e-02 s level: 2 proc_id: 0 /HMC/ptbc_update_tm/update_gauge
# : Time for gauge_derivative 2.076535e-02 s level: 2 proc_id: 0 /HMC/ptbc_update_tm/GAUGE:gauge_derivative
# : Time for update_gauge 1.026812e-02 s level: 2 proc_id: 0 /HMC/ptbc_update_tm/update_gauge
# : Time for gauge_derivative 2.073117e-02 s level: 2 proc_id: 0 /HMC/ptbc_update_tm/GAUGE:gauge_derivative
# : Time for gauge_derivative 2.079087e-02 s level: 2 proc_id: 0 /HMC/ptbc_update_tm/GAUGE:gauge_derivative
# : Time for update_gauge 1.005394e-02 s level: 2 proc_id: 0 /HMC/ptbc_update_tm/update_gauge
# : Time for gauge_derivative 2.070377e-02 s level: 2 proc_id: 0 /HMC/ptbc_update_tm/GAUGE:gauge_derivative
# : Time for update_gauge 1.027667e-02 s level: 2 proc_id: 0 /HMC/ptbc_update_tm/update_gauge
# : Time for gauge_derivative 2.089196e-02 s level: 2 proc_id: 0 /HMC/ptbc_update_tm/GAUGE:gauge_derivative
# : Time for gauge_derivative 2.071195e-02 s level: 2 proc_id: 0 /HMC/ptbc_update_tm/GAUGE:gauge_derivative
# : Time for update_gauge 1.007711e-02 s level: 2 proc_id: 0 /HMC/ptbc_update_tm/update_gauge
# : Time for gauge_derivative 2.081040e-02 s level: 2 proc_id: 0 /HMC/ptbc_update_tm/GAUGE:gauge_derivative
# : Time for update_gauge 1.025423e-02 s level: 2 proc_id: 0 /HMC/ptbc_update_tm/update_gauge
# : Time for gauge_derivative 2.076012e-02 s level: 2 proc_id: 0 /HMC/ptbc_update_tm/GAUGE:gauge_derivative
# : Time for gauge_derivative 2.068232e-02 s level: 2 proc_id: 0 /HMC/ptbc_update_tm/GAUGE:gauge_derivative
# : Time for update_gauge 1.003488e-02 s level: 2 proc_id: 0 /HMC/ptbc_update_tm/update_gauge
# : Time for gauge_derivative 2.078280e-02 s level: 2 proc_id: 0 /HMC/ptbc_update_tm/GAUGE:gauge_derivative
# : Time for update_gauge 1.023914e-02 s level: 2 proc_id: 0 /HMC/ptbc_update_tm/update_gauge
# : Time for gauge_derivative 2.068942e-02 s level: 2 proc_id: 0 /HMC/ptbc_update_tm/GAUGE:gauge_derivative
# : Time for gauge_derivative 2.070789e-02 s level: 2 proc_id: 0 /HMC/ptbc_update_tm/GAUGE:gauge_derivative
# : Time for update_gauge 1.010908e-02 s level: 2 proc_id: 0 /HMC/ptbc_update_tm/update_gauge
# : Time for gauge_derivative 2.070668e-02 s level: 2 proc_id: 0 /HMC/ptbc_update_tm/GAUGE:gauge_derivative
# : Time for update_gauge 1.027450e-02 s level: 2 proc_id: 0 /HMC/ptbc_update_tm/update_gauge
# : Time for gauge_derivative 2.076782e-02 s level: 2 proc_id: 0 /HMC/ptbc_update_tm/GAUGE:gauge_derivative
# : Time for gauge_derivative 2.076638e-02 s level: 2 proc_id: 0 /HMC/ptbc_update_tm/GAUGE:gauge_derivative
# : Time for update_gauge 1.008532e-02 s level: 2 proc_id: 0 /HMC/ptbc_update_tm/update_gauge
# : Time for gauge_derivative 2.074632e-02 s level: 2 proc_id: 0 /HMC/ptbc_update_tm/GAUGE:gauge_derivative
# : Time for update_gauge 1.026540e-02 s level: 2 proc_id: 0 /HMC/ptbc_update_tm/update_gauge
# : Time for gauge_derivative 2.080814e-02 s level: 2 proc_id: 0 /HMC/ptbc_update_tm/GAUGE:gauge_derivative
# : Time for gauge_derivative 2.069214e-02 s level: 2 proc_id: 0 /HMC/ptbc_update_tm/GAUGE:gauge_derivative
# : Time for update_gauge 1.007183e-02 s level: 2 proc_id: 0 /HMC/ptbc_update_tm/update_gauge
# : Time for gauge_derivative 2.072293e-02 s level: 2 proc_id: 0 /HMC/ptbc_update_tm/GAUGE:gauge_derivative
# : Time for update_gauge 1.033263e-02 s level: 2 proc_id: 0 /HMC/ptbc_update_tm/update_gauge
# : Time for gauge_derivative 2.070999e-02 s level: 2 proc_id: 0 /HMC/ptbc_update_tm/GAUGE:gauge_derivative
# : Time for gauge_derivative 2.069615e-02 s level: 2 proc_id: 0 /HMC/ptbc_update_tm/GAUGE:gauge_derivative
# : Time for update_gauge 1.015339e-02 s level: 2 proc_id: 0 /HMC/ptbc_update_tm/update_gauge
# : Time for gauge_derivative 2.078545e-02 s level: 2 proc_id: 0 /HMC/ptbc_update_tm/GAUGE:gauge_derivative
# : Time for update_gauge 1.028455e-02 s level: 2 proc_id: 0 /HMC/ptbc_update_tm/update_gauge
# : Time for gauge_derivative 2.079549e-02 s level: 2 proc_id: 0 /HMC/ptbc_update_tm/GAUGE:gauge_derivative
# : Time for gauge_derivative 2.081896e-02 s level: 2 proc_id: 0 /HMC/ptbc_update_tm/GAUGE:gauge_derivative
# : Time for update_gauge 1.007032e-02 s level: 2 proc_id: 0 /HMC/ptbc_update_tm/update_gauge
# : Time for gauge_derivative 2.067755e-02 s level: 2 proc_id: 0 /HMC/ptbc_update_tm/GAUGE:gauge_derivative
# : Time for update_gauge 1.030227e-02 s level: 2 proc_id: 0 /HMC/ptbc_update_tm/update_gauge
# : Time for gauge_derivative 2.079576e-02 s level: 2 proc_id: 0 /HMC/ptbc_update_tm/GAUGE:gauge_derivative
# : Time for gauge_derivative 2.076687e-02 s level: 2 proc_id: 0 /HMC/ptbc_update_tm/GAUGE:gauge_derivative
# : Time for update_gauge 1.007370e-02 s level: 2 proc_id: 0 /HMC/ptbc_update_tm/update_gauge
# : Time for gauge_derivative 2.069538e-02 s level: 2 proc_id: 0 /HMC/ptbc_update_tm/GAUGE:gauge_derivative
# : Time for update_gauge 1.020934e-02 s level: 2 proc_id: 0 /HMC/ptbc_update_tm/update_gauge
# : Time for gauge_derivative 2.069840e-02 s level: 2 proc_id: 0 /HMC/ptbc_update_tm/GAUGE:gauge_derivative
# : Time for gauge_derivative 2.081304e-02 s level: 2 proc_id: 0 /HMC/ptbc_update_tm/GAUGE:gauge_derivative
# : Time for update_gauge 1.017287e-02 s level: 2 proc_id: 0 /HMC/ptbc_update_tm/update_gauge
# : Time for gauge_derivative 2.065207e-02 s level: 2 proc_id: 0 /HMC/ptbc_update_tm/GAUGE:gauge_derivative
# : Time for update_gauge 1.024369e-02 s level: 2 proc_id: 0 /HMC/ptbc_update_tm/update_gauge
# : Time for gauge_derivative 2.075648e-02 s level: 2 proc_id: 0 /HMC/ptbc_update_tm/GAUGE:gauge_derivative
# : Time for gauge_derivative 2.074313e-02 s level: 2 proc_id: 0 /HMC/ptbc_update_tm/GAUGE:gauge_derivative
# : Time for update_gauge 1.004999e-02 s level: 2 proc_id: 0 /HMC/ptbc_update_tm/update_gauge
# : Time for gauge_derivative 2.072046e-02 s level: 2 proc_id: 0 /HMC/ptbc_update_tm/GAUGE:gauge_derivative
# : Time for update_gauge 1.021278e-02 s level: 2 proc_id: 0 /HMC/ptbc_update_tm/update_gauge
# : Time for gauge_derivative 2.077926e-02 s level: 2 proc_id: 0 /HMC/ptbc_update_tm/GAUGE:gauge_derivative
# : Time for gauge_derivative 2.073754e-02 s level: 2 proc_id: 0 /HMC/ptbc_update_tm/GAUGE:gauge_derivative
# : Time for update_gauge 1.013331e-02 s level: 2 proc_id: 0 /HMC/ptbc_update_tm/update_gauge
# : Time for gauge_derivative 2.071447e-02 s level: 2 proc_id: 0 /HMC/ptbc_update_tm/GAUGE:gauge_derivative
# : Time for update_gauge 1.038691e-02 s level: 2 proc_id: 0 /HMC/ptbc_update_tm/update_gauge
# : Time for gauge_derivative 2.068942e-02 s level: 2 proc_id: 0 /HMC/ptbc_update_tm/GAUGE:gauge_derivative
# : Time for gauge_derivative 2.069659e-02 s level: 2 proc_id: 0 /HMC/ptbc_update_tm/GAUGE:gauge_derivative
# : Time for update_gauge 1.008531e-02 s level: 2 proc_id: 0 /HMC/ptbc_update_tm/update_gauge
# : Time for gauge_derivative 2.079938e-02 s level: 2 proc_id: 0 /HMC/ptbc_update_tm/GAUGE:gauge_derivative
# : Time for update_gauge 1.027418e-02 s level: 2 proc_id: 0 /HMC/ptbc_update_tm/update_gauge
# : Time for gauge_derivative 2.080650e-02 s level: 2 proc_id: 0 /HMC/ptbc_update_tm/GAUGE:gauge_derivative
# : Time for gauge_derivative 2.082790e-02 s level: 2 proc_id: 0 /HMC/ptbc_update_tm/GAUGE:gauge_derivative
# : Time for update_gauge 1.004530e-02 s level: 2 proc_id: 0 /HMC/ptbc_update_tm/update_gauge
# : Time for gauge_derivative 2.070259e-02 s level: 2 proc_id: 0 /HMC/ptbc_update_tm/GAUGE:gauge_derivative
# : Time for update_gauge 1.021863e-02 s level: 2 proc_id: 0 /HMC/ptbc_update_tm/update_gauge
# : Time for gauge_derivative 2.067355e-02 s level: 2 proc_id: 0 /HMC/ptbc_update_tm/GAUGE:gauge_derivative
# : Time for gauge_derivative 2.071606e-02 s level: 2 proc_id: 0 /HMC/ptbc_update_tm/GAUGE:gauge_derivative
# : Time for update_gauge 1.005885e-02 s level: 2 proc_id: 0 /HMC/ptbc_update_tm/update_gauge
# : Time for gauge_derivative 2.076701e-02 s level: 2 proc_id: 0 /HMC/ptbc_update_tm/GAUGE:gauge_derivative
# : Time for update_gauge 1.022134e-02 s level: 2 proc_id: 0 /HMC/ptbc_update_tm/update_gauge
# : Time for gauge_derivative 2.072497e-02 s level: 2 proc_id: 0 /HMC/ptbc_update_tm/GAUGE:gauge_derivative
# : Time for gauge_derivative 2.069634e-02 s level: 2 proc_id: 0 /HMC/ptbc_update_tm/GAUGE:gauge_derivative
# : Time for update_gauge 1.004382e-02 s level: 2 proc_id: 0 /HMC/ptbc_update_tm/update_gauge
# : Time for gauge_derivative 2.071379e-02 s level: 2 proc_id: 0 /HMC/ptbc_update_tm/GAUGE:gauge_derivative
# : Time for update_gauge 1.030125e-02 s level: 2 proc_id: 0 /HMC/ptbc_update_tm/update_gauge
# : Time for gauge_derivative 2.075509e-02 s level: 2 proc_id: 0 /HMC/ptbc_update_tm/GAUGE:gauge_derivative
# : Time for gauge_derivative 2.081060e-02 s level: 2 proc_id: 0 /HMC/ptbc_update_tm/GAUGE:gauge_derivative
# : Time for update_gauge 1.003228e-02 s level: 2 proc_id: 0 /HMC/ptbc_update_tm/update_gauge
# : Time for gauge_derivative 2.068766e-02 s level: 2 proc_id: 0 /HMC/ptbc_update_tm/GAUGE:gauge_derivative
# : Time for update_gauge 1.024942e-02 s level: 2 proc_id: 0 /HMC/ptbc_update_tm/update_gauge
# : Time for gauge_derivative 2.069201e-02 s level: 2 proc_id: 0 /HMC/ptbc_update_tm/GAUGE:gauge_derivative
# : Time for gauge_derivative 2.086499e-02 s level: 2 proc_id: 0 /HMC/ptbc_update_tm/GAUGE:gauge_derivative
# : Time for update_gauge 1.105452e-02 s level: 2 proc_id: 0 /HMC/ptbc_update_tm/update_gauge
# : Time for gauge_derivative 2.071455e-02 s level: 2 proc_id: 0 /HMC/ptbc_update_tm/GAUGE:gauge_derivative
# : Time for gauge_acc 5.071129e-03 s level: 2 proc_id: 0 /HMC/ptbc_update_tm/GAUGE:gauge_acc
# Trajectory is accepted.
# inst0: Time for ptbc_update_tm 2.485169e+00 s level: 1 proc_id: 0 /HMC/ptbc_update_tm
# inst0: Time for ptbc_swap_dh 1.031241e-02 s level: 2 proc_id: 0 /HMC/ptbc_swap/ptbc_swap_dh
[swap_link] inst 0 <-> 1: own_diff=3.607142e+01 partner_diff=-2.338672e+01 total_diff=1.268470e+01 expmdh=3.098157e-06 random number=4.706482e-01 accept=0
# inst0: Time for ptbc_swap 3.181553e-02 s level: 1 proc_id: 0 /HMC/ptbc_swap

I am step 9 instance 0 rank 0 
# Writing gauge field to .conf.t00009.tmp.
# Constructing LEMON writer for file .conf.t00009.tmp for append = 0
# Time spent writing 2.36 Mb was 119 ms.
# Writing speed: 19.8 Mb/s (19.8 Mb/s per MPI process).
# Scidac checksums for gaugefield .conf.t00009.tmp:
#   Calculated            : A = 0x48ffa461 B = 0xeb5a2313.
# Write completed, verifying write...
# Constructing LEMON reader for file .conf.t00009.tmp ...
# Time spent reading 2.36 Mb was 570 us.
# Reading speed: 4.14 Gb/s (4.14 Gb/s per MPI process).
# Scidac checksums for gaugefield .conf.t00009.tmp:
#   Calculated            : A = 0x48ffa461 B = 0xeb5a2313.
#   Read from LIME headers: A = 0x48ffa461 B = 0xeb5a2313.
# Reading ildg-format record:
#   Precision = 64 bits (double).
#   Lattice size: LX = 8, LY = 8, LZ = 8, LT = 8.
# Input parameters:
#   Precision = 64 bits (double).
#   Lattice size: LX = 8, LY = 8, LZ = 8, LT = 8.
# Write successfully verified.
# Renaming .conf.t00009.tmp to conf.save.
# Acceptance rate was 100.00 percent, 10 out of 10 trajectories accepted.
# : Time for HMC 2.971594e+01 s level: 0 proc_id: 0 /HMC
