# Creating the following cartesian grid for a 4 dimensional parallelisation:
# 1 x 1 x 1 x 1
PTBC graph initialised: 1 periodic instance(s), 1 tentacle(s). 
Instance ID: 0	Type: periodic	Upstream ID: 	Downstream ID: 1, 

Instance ID: 1	Type: intermediate	Upstream ID: 0	Downstream ID: 2, 

Instance ID: 2	Type: intermediate	Upstream ID: 1	Downstream ID: 3, 

Instance ID: 3	Type: open	Upstream ID: 2	Downstream ID: 


This is the hmc code for twisted mass Wilson QCD

Version tmLQCD 6.1.0, commit a2090c82d5449866fda02ec86273c9760a93b54c
# The code is compiled with -DTM_USE_GAUGE_COPY
# The code is compiled with -DTM_USE_HALFSPINOR
# the code is compiled for non-blocking MPI calls (spinor and gauge)
# the code is compiled with MPI IO / Lemon
# the code is compiled with openMP support
# Non-Schroedinger (anti-periodic, periodic or twisted) boundary conditions are used
# The lattice size is 8 x 8 x 8 x 8
# The local lattice size is 8 x 8 x 8 x 8
# Even/odd preconditioning is used
# beta = 5.600000000000 , kappa= 0.125000000000
# boundary conditions for fermion fields (t,x,y,z) * pi: 0.000000 0.000000 0.000000 0.000000 
# mu = 0.000000000000
# g_rgi_C0 = 1.000000, g_rgi_C1 = 0.000000
# Using absolute precision for the inversions!
# Initialising rectangular gauge action stuff
# The lattice is correctly mapped by the index arrays

# monomial id 0 type = 2 timescale 0
# Computed plaquette value: 0.121395018684.
#
# Starting trajectory no 0
# : Time for gauge_heatbath 5.282841e-03 s level: 2 proc_id: 0 /HMC/ptbc_update_tm/GAUGE:gauge_heatbath
# : Time for gauge_derivative 2.079465e-02 s level: 2 proc_id: 0 /HMC/ptbc_update_tm/GAUGE:gauge_derivative
# : Time for update_gauge 1.071477e-02 s level: 2 proc_id: 0 /HMC/ptbc_update_tm/update_gauge
# : Time for gauge_derivative 2.068594e-02 s level: 2 proc_id: 0 /HMC/ptbc_update_tm/GAUGE:gauge_derivative
# : Time for gauge_derivative 2.069307e-02 s level: 2 proc_id: 0 /HMC/ptbc_update_tm/GAUGE:gauge_derivative
# : Time for update_gauge 1.009569e-02 s level: 2 proc_id: 0 /HMC/ptbc_update_tm/update_gauge
# : Time for gauge_derivative 2.067823e-02 s level: 2 proc_id: 0 /HMC/ptbc_update_tm/GAUGE:gauge_derivative
# : Time for update_gauge 1.027307e-02 s level: 2 proc_id: 0 /HMC/ptbc_update_tm/update_gauge
# : Time for gauge_derivative 2.084171e-02 s level: 2 proc_id: 0 /HMC/ptbc_update_tm/GAUGE:gauge_derivative
# : Time for gauge_derivative 2.072432e-02 s level: 2 proc_id: 0 /HMC/ptbc_update_tm/GAUGE:gauge_derivative
# : Time for update_gauge 1.006389e-02 s level: 2 proc_id: 0 /HMC/ptbc_update_tm/update_gauge
# : Time for gauge_derivative 2.077365e-02 s level: 2 proc_id: 0 /HMC/ptbc_update_tm/GAUGE:gauge_derivative
# : Time for update_gauge 1.030429e-02 s level: 2 proc_id: 0 /HMC/ptbc_update_tm/update_gauge
# : Time for gauge_derivative 2.064380e-02 s level: 2 proc_id: 0 /HMC/ptbc_update_tm/GAUGE:gauge_derivative
# : Time for gauge_derivative 2.074083e-02 s level: 2 proc_id: 0 /HMC/ptbc_update_tm/GAUGE:gauge_derivative
# : Time for update_gauge 1.009839e-02 s level: 2 proc_id: 0 /HMC/ptbc_update_tm/update_gauge
# : Time for gauge_derivative 2.078652e-02 s level: 2 proc_id: 0 /HMC/ptbc_update_tm/GAUGE:gauge_derivative
# : Time for update_gauge 1.025906e-02 s level: 2 proc_id: 0 /HMC/ptbc_update_tm/update_gauge
# : Time for gauge_derivative 2.079763e-02 s level: 2 proc_id: 0 /HMC/ptbc_update_tm/GAUGE:gauge_derivative
# : Time for gauge_derivative 2.076142e-02 s level: 2 proc_id: 0 /HMC/ptbc_update_tm/GAUGE:gauge_derivative
# : Time for update_gauge 1.021530e-02 s level: 2 proc_id: 0 /HMC/ptbc_update_tm/update_gauge
# : Time for gauge_derivative 2.067381e-02 s level: 2 proc_id: 0 /HMC/ptbc_update_tm/GAUGE:gauge_derivative
# : Time for update_gauge 1.028540e-02 s level: 2 proc_id: 0 /HMC/ptbc_update_tm/update_gauge
# : Time for gauge_derivative 2.073537e-02 s level: 2 proc_id: 0 /HMC/ptbc_update_tm/GAUGE:gauge_derivative
# : Time for gauge_derivative 2.078424e-02 s level: 2 proc_id: 0 /HMC/ptbc_update_tm/GAUGE:gauge_derivative
# : Time for update_gauge 1.007540e-02 s level: 2 proc_id: 0 /HMC/ptbc_update_tm/update_gauge
# : Time for gauge_derivative 2.085542e-02 s level: 2 proc_id: 0 /HMC/ptbc_update_tm/GAUGE:gauge_derivative
# : Time for update_gauge 1.029798e-02 s level: 2 proc_id: 0 /HMC/ptbc_update_tm/update_gauge
# : Time for gauge_derivative 2.069011e-02 s level: 2 proc_id: 0 /HMC/ptbc_update_tm/GAUGE:gauge_derivative
# : Time for gauge_derivative 2.067867e-02 s level: 2 proc_id: 0 /HMC/ptbc_update_tm/GAUGE:gauge_derivative
# : Time for update_gauge 1.006445e-02 s level: 2 proc_id: 0 /HMC/ptbc_update_tm/update_gauge
# : Time for gauge_derivative 2.075500e-02 s level: 2 proc_id: 0 /HMC/ptbc_update_tm/GAUGE:gauge_derivative
# : Time for update_gauge 1.026571e-02 s level: 2 proc_id: 0 /HMC/ptbc_update_tm/update_gauge
# : Time for gauge_derivative 2.079478e-02 s level: 2 proc_id: 0 /HMC/ptbc_update_tm/GAUGE:gauge_derivative
# : Time for gauge_derivative 2.077374e-02 s level: 2 proc_id: 0 /HMC/ptbc_update_tm/GAUGE:gauge_derivative
# : Time for update_gauge 1.011251e-02 s level: 2 proc_id: 0 /HMC/ptbc_update_tm/update_gauge
# : Time for gauge_derivative 2.064592e-02 s level: 2 proc_id: 0 /HMC/ptbc_update_tm/GAUGE:gauge_derivative
# : Time for update_gauge 1.026303e-02 s level: 2 proc_id: 0 /HMC/ptbc_update_tm/update_gauge
# : Time for gauge_derivative 2.066621e-02 s level: 2 proc_id: 0 /HMC/ptbc_update_tm/GAUGE:gauge_derivative
# : Time for gauge_derivative 2.065414e-02 s level: 2 proc_id: 0 /HMC/ptbc_update_tm/GAUGE:gauge_derivative
# : Time for update_gauge 1.006220e-02 s level: 2 proc_id: 0 /HMC/ptbc_update_tm/update_gauge
# : Time for gauge_derivative 2.079742e-02 s level: 2 proc_id: 0 /HMC/ptbc_update_tm/GAUGE:gauge_derivative
# : Time for update_gauge 1.025233e-02 s level: 2 proc_id: 0 /HMC/ptbc_update_tm/update_gauge
# : Time for gauge_derivative 2.073575e-02 s level: 2 proc_id: 0 /HMC/ptbc_update_tm/GAUGE:gauge_derivative
# : Time for gauge_derivative 2.082159e-02 s level: 2 proc_id: 0 /HMC/ptbc_update_tm/GAUGE:gauge_derivative
# : Time for update_gauge 1.017672e-02 s level: 2 proc_id: 0 /HMC/ptbc_update_tm/update_gauge
# : Time for gauge_derivative 2.067122e-02 s level: 2 proc_id: 0 /HMC/ptbc_update_tm/GAUGE:gauge_derivative
# : Time for update_gauge 1.027238e-02 s level: 2 proc_id: 0 /HMC/ptbc_update_tm/update_gauge
# : Time for gauge_derivative 2.082138e-02 s level: 2 proc_id: 0 /HMC/ptbc_update_tm/GAUGE:gauge_derivative
# : Time for gauge_derivative 2.067549e-02 s level: 2 proc_id: 0 /HMC/ptbc_update_tm/GAUGE:gauge_derivative
# : Time for update_gauge 1.005354e-02 s level: 2 proc_id: 0 /HMC/ptbc_update_tm/update_gauge
# : Time for gauge_derivative 2.092466e-02 s level: 2 proc_id: 0 /HMC/ptbc_update_tm/GAUGE:gauge_derivative
# : Time for update_gauge 1.027582e-02 s level: 2 proc_id: 0 /HMC/ptbc_update_tm/update_gauge
# : Time for gauge_derivative 2.082292e-02 s level: 2 proc_id: 0 /HMC/ptbc_update_tm/GAUGE:gauge_derivative
# : Time for gauge_derivative 2.086114e-02 s level: 2 proc_id: 0 /HMC/ptbc_update_tm/GAUGE:gauge_derivative
# : Time for update_gauge 1.017456e-02 s level: 2 proc_id: 0 /HMC/ptbc_update_tm/update_gauge
# : Time for gauge_derivative 2.070178e-02 s level: 2 proc_id: 0 /HMC/ptbc_update_tm/GAUGE:gauge_derivative
# : Time for update_gauge 1.028276e-02 s level: 2 proc_id: 0 /HMC/ptbc_update_tm/update_gauge
# : Time for gauge_derivative 2.072847e-02 s level: 2 proc_id: 0 /HMC/ptbc_update_tm/GAUGE:gauge_derivative
# : Time for gauge_derivative 2.079288e-02 s level: 2 proc_id: 0 /HMC/ptbc_update_tm/GAUGE:gauge_derivative
# : Time for update_gauge 1.017060e-02 s level: 2 proc_id: 0 /HMC/ptbc_update_tm/update_gauge
# : Time for gauge_derivative 2.086324e-02 s level: 2 proc_id: 0 /HMC/ptbc_update_tm/GAUGE:gauge_derivative
# : Time for update_gauge 1.025808e-02 s level: 2 proc_id: 0 /HMC/ptbc_update_tm/update_gauge
# : Time for gauge_derivative 2.094336e-02 s level: 2 proc_id: 0 /HMC/ptbc_update_tm/GAUGE:gauge_derivative
# : Time for gauge_derivative 2.092790e-02 s level: 2 proc_id: 0 /HMC/ptbc_update_tm/GAUGE:gauge_derivative
# : Time for update_gauge 1.014447e-02 s level: 2 proc_id: 0 /HMC/ptbc_update_tm/update_gauge
# : Time for gauge_derivative 2.070568e-02 s level: 2 proc_id: 0 /HMC/ptbc_update_tm/GAUGE:gauge_derivative
# : Time for update_gauge 1.030585e-02 s level: 2 proc_id: 0 /HMC/ptbc_update_tm/update_gauge
# : Time for gauge_derivative 2.077721e-02 s level: 2 proc_id: 0 /HMC/ptbc_update_tm/GAUGE:gauge_derivative
# : Time for gauge_derivative 2.068894e-02 s level: 2 proc_id: 0 /HMC/ptbc_update_tm/GAUGE:gauge_derivative
# : Time for update_gauge 1.016142e-02 s level: 2 proc_id: 0 /HMC/ptbc_update_tm/update_gauge
# : Time for gauge_derivative 2.070850e-02 s level: 2 proc_id: 0 /HMC/ptbc_update_tm/GAUGE:gauge_derivative
# : Time for update_gauge 1.028697e-02 s level: 2 proc_id: 0 /HMC/ptbc_update_tm/update_gauge
# : Time for gauge_derivative 2.070648e-02 s level: 2 proc_id: 0 /HMC/ptbc_update_tm/GAUGE:gauge_derivative
# : Time for gauge_derivative 2.074224e-02 s level: 2 proc_id: 0 /HMC/ptbc_update_tm/GAUGE:gauge_derivative
# : Time for update_gauge 1.016854e-02 s level: 2 proc_id: 0 /HMC/ptbc_update_tm/update_gauge
# : Time for gauge_derivative 2.077676e-02 s level: 2 proc_id: 0 /HMC/ptbc_update_tm/GAUGE:gauge_derivative
# : Time for update_gauge 1.028368e-02 s level: 2 proc_id: 0 /HMC/ptbc_update_tm/update_gauge
# : Time for gauge_derivative 2.085326e-02 s level: 2 proc_id: 0 /HMC/ptbc_update_tm/GAUGE:gauge_derivative
# : Time for gauge_derivative 2.069972e-02 s level: 2 proc_id: 0 /HMC/ptbc_update_tm/GAUGE:gauge_derivative
# : Time for update_gauge 1.013016e-02 s level: 2 proc_id: 0 /HMC/ptbc_update_tm/update_gauge
# : Time for gauge_derivative 2.086850e-02 s level: 2 proc_id: 0 /HMC/ptbc_update_tm/GAUGE:gauge_derivative
# : Time for update_gauge 1.026177e-02 s level: 2 proc_id: 0 /HMC/ptbc_update_tm/update_gauge
# : Time for gauge_derivative 2.067840e-02 s level: 2 proc_id: 0 /HMC/ptbc_update_tm/GAUGE:gauge_derivative
# : Time for gauge_derivative 2.087442e-02 s level: 2 proc_id: 0 /HMC/ptbc_update_tm/GAUGE:gauge_derivative
# : Time for update_gauge 1.030259e-02 s level: 2 proc_id: 0 /HMC/ptbc_update_tm/update_gauge
# : Time for gauge_derivative 2.077343e-02 s level: 2 proc_id: 0 /HMC/ptbc_update_tm/GAUGE:gauge_derivative
# : Time for update_gauge 1.027792e-02 s level: 2 proc_id: 0 /HMC/ptbc_update_tm/update_gauge
# : Time for gauge_derivative 2.088809e-02 s level: 2 proc_id: 0 /HMC/ptbc_update_tm/GAUGE:gauge_derivative
# : Time for gauge_derivative 2.068476e-02 s level: 2 proc_id: 0 /HMC/ptbc_update_tm/GAUGE:gauge_derivative
# : Time for update_gauge 1.020879e-02 s level: 2 proc_id: 0 /HMC/ptbc_update_tm/update_gauge
# : Time for gauge_derivative 2.075459e-02 s level: 2 proc_id: 0 /HMC/ptbc_update_tm/GAUGE:gauge_derivative
# : Time for update_gauge 1.027605e-02 s level: 2 proc_id: 0 /HMC/ptbc_update_tm/update_gauge
# : Time for gauge_derivative 2.069101e-02 s level: 2 proc_id: 0 /HMC/ptbc_update_tm/GAUGE:gauge_derivative
# : Time for gauge_derivative 2.088010e-02 s level: 2 proc_id: 0 /HMC/ptbc_update_tm/GAUGE:gauge_derivative
# : Time for update_gauge 1.017215e-02 s level: 2 proc_id: 0 /HMC/ptbc_update_tm/update_gauge
# : Time for gauge_derivative 2.075546e-02 s level: 2 proc_id: 0 /HMC/ptbc_update_tm/GAUGE:gauge_derivative
# : Time for update_gauge 1.027292e-02 s level: 2 proc_id: 0 /HMC/ptbc_update_tm/update_gauge
# : Time for gauge_derivative 2.078763e-02 s level: 2 proc_id: 0 /HMC/ptbc_update_tm/GAUGE:gauge_derivative
# : Time for gauge_derivative 2.072170e-02 s level: 2 proc_id: 0 /HMC/ptbc_update_tm/GAUGE:gauge_derivative
# : Time for update_gauge 1.019505e-02 s level: 2 proc_id: 0 /HMC/ptbc_update_tm/update_gauge
# : Time for gauge_derivative 2.071647e-02 s level: 2 proc_id: 0 /HMC/ptbc_update_tm/GAUGE:gauge_derivative
# : Time for update_gauge 1.031975e-02 s level: 2 proc_id: 0 /HMC/ptbc_update_tm/update_gauge
# : Time for gauge_derivative 2.072208e-02 s level: 2 proc_id: 0 /HMC/ptbc_update_tm/GAUGE:gauge_derivative
# : Time for gauge_derivative 2.071513e-02 s level: 2 proc_id: 0 /HMC/ptbc_update_tm/GAUGE:gauge_derivative
# : Time for update_gauge 1.023527e-02 s level: 2 proc_id: 0 /HMC/ptbc_update_tm/update_gauge
# : Time for gauge_derivative 2.072114e-02 s level: 2 proc_id: 0 /HMC/ptbc_update_tm/GAUGE:gauge_derivative
# : Time for update_gauge 1.036863e-02 s level: 2 proc_id: 0 /HMC/ptbc_update_tm/update_gauge
# : Time for gauge_derivative 2.069297e-02 s level: 2 proc_id: 0 /HMC/ptbc_update_tm/GAUGE:gauge_derivative
# : Time for gauge_derivative 2.068025e-02 s level: 2 proc_id: 0 /HMC/ptbc_update_tm/GAUGE:gauge_derivative
# : Time for update_gauge 1.013524e-02 s level: 2 proc_id: 0 /HMC/ptbc_update_tm/update_gauge
# : Time for gauge_derivative 2.082188e-02 s level: 2 proc_id: 0 /HMC/ptbc_update_tm/GAUGE:gauge_derivative
# : Time for update_gauge 1.034651e-02 s level: 2 proc_id: 0 /HMC/ptbc_update_tm/update_gauge
# : Time for gauge_derivative 2.072946e-02 s level: 2 proc_id: 0 /HMC/ptbc_update_tm/GAUGE:gauge_derivative
# : Time for gauge_derivative 2.072735e-02 s level: 2 proc_id: 0 /HMC/ptbc_update_tm/GAUGE:gauge_derivative
# : Time for update_gauge 1.005728e-02 s level: 2 proc_id: 0 /HMC/ptbc_update_tm/update_gauge
# : Time for gauge_derivative 2.079288e-02 s level: 2 proc_id: 0 /HMC/ptbc_update_tm/GAUGE:gauge_derivative
# : Time for update_gauge 1.040635e-02 s level: 2 proc_id: 0 /HMC/ptbc_update_tm/update_gauge
# : Time for gauge_derivative 2.085939e-02 s level: 2 proc_id: 0 /HMC/ptbc_update_tm/GAUGE:gauge_derivative
# : Time for gauge_derivative 2.085286e-02 s level: 2 proc_id: 0 /HMC/ptbc_update_tm/GAUGE:gauge_derivative
# : Time for update_gauge 1.008870e-02 s level: 2 proc_id: 0 /HMC/ptbc_update_tm/update_gauge
# : Time for gauge_derivative 2.091446e-02 s level: 2 proc_id: 0 /HMC/ptbc_update_tm/GAUGE:gauge_derivative
# : Time for gauge_acc 5.116550e-03 s level: 2 proc_id: 0 /HMC/ptbc_update_tm/GAUGE:gauge_acc
# Trajectory is accepted.
# inst2: Time for ptbc_update_tm 2.487702e+00 s level: 1 proc_id: 0 /HMC/ptbc_update_tm
# inst2: Time for ptbc_swap_dh 1.081909e-02 s level: 2 proc_id: 0 /HMC/ptbc_swap/ptbc_swap_dh
# inst2: Time for ptbc_swap_dh 1.020009e-02 s level: 2 proc_id: 0 /HMC/ptbc_swap/ptbc_swap_dh
[swap_link] inst 2 <-> 3: own_diff=3.688985e+00 partner_diff=-4.658787e+00 total_diff=-9.698023e-01 expmdh=2.637423e+00 random number=6.000769e-03 accept=1
# inst2: Time for ptbc_swap 3.207176e-02 s level: 1 proc_id: 0 /HMC/ptbc_swap

I am step 0 instance 2 rank 3 
# Writing gauge field to .conf.t00000.tmp.
# Constructing LEMON writer for file .conf.t00000.tmp for append = 0
# Time spent writing 2.36 Mb was 105 ms.
# Writing speed: 22.6 Mb/s (22.6 Mb/s per MPI process).
# Scidac checksums for gaugefield .conf.t00000.tmp:
#   Calculated            : A = 0x0c6a50fb B = 0xafc3787a.
# Write completed, verifying write...
# Constructing LEMON reader for file .conf.t00000.tmp ...
# Time spent reading 2.36 Mb was 847 us.
# Reading speed: 2.79 Gb/s (2.79 Gb/s per MPI process).
# Scidac checksums for gaugefield .conf.t00000.tmp:
#   Calculated            : A = 0x0c6a50fb B = 0xafc3787a.
#   Read from LIME headers: A = 0x0c6a50fb B = 0xafc3787a.
# Reading ildg-format record:
#   Precision = 64 bits (double).
#   Lattice size: LX = 8, LY = 8, LZ = 8, LT = 8.
# Input parameters:
#   Precision = 64 bits (double).
#   Lattice size: LX = 8, LY = 8, LZ = 8, LT = 8.
# Write successfully verified.
# Renaming .conf.t00000.tmp to conf.save.
#
# Starting trajectory no 1
# : Time for gauge_heatbath 5.192981e-03 s level: 2 proc_id: 0 /HMC/ptbc_update_tm/GAUGE:gauge_heatbath
# : Time for gauge_derivative 2.062811e-02 s level: 2 proc_id: 0 /HMC/ptbc_update_tm/GAUGE:gauge_derivative
# : Time for update_gauge 1.063464e-02 s level: 2 proc_id: 0 /HMC/ptbc_update_tm/update_gauge
# : Time for gauge_derivative 2.066807e-02 s level: 2 proc_id: 0 /HMC/ptbc_update_tm/GAUGE:gauge_derivative
# : Time for gauge_derivative 2.066948e-02 s level: 2 proc_id: 0 /HMC/ptbc_update_tm/GAUGE:gauge_derivative
# : Time for update_gauge 1.014796e-02 s level: 2 proc_id: 0 /HMC/ptbc_update_tm/update_gauge
# : Time for gauge_derivative 2.064444e-02 s level: 2 proc_id: 0 /HMC/ptbc_update_tm/GAUGE:gauge_derivative
# : Time for update_gauge 1.032526e-02 s level: 2 proc_id: 0 /HMC/ptbc_update_tm/update_gauge
# : Time for gauge_derivative 2.080490e-02 s level: 2 proc_id: 0 /HMC/ptbc_update_tm/GAUGE:gauge_derivative
# : Time for gauge_derivative 2.070894e-02 s level: 2 proc_id: 0 /HMC/ptbc_update_tm/GAUGE:gauge_derivative
# : Time for update_gauge 1.013255e-02 s level: 2 proc_id: 0 /HMC/ptbc_update_tm/update_gauge
# : Time for gauge_derivative 2.077369e-02 s level: 2 proc_id: 0 /HMC/ptbc_update_tm/GAUGE:gauge_derivative
# : Time for update_gauge 1.034017e-02 s level: 2 proc_id: 0 /HMC/ptbc_update_tm/update_gauge
# : Time for gauge_derivative 2.085193e-02 s level: 2 proc_id: 0 /HMC/ptbc_update_tm/GAUGE:gauge_derivative
# : Time for gauge_derivative 2.084554e-02 s level: 2 proc_id: 0 /HMC/ptbc_update_tm/GAUGE:gauge_derivative
# : Time for update_gauge 1.013290e-02 s level: 2 proc_id: 0 /HMC/ptbc_update_tm/update_gauge
# : Time for gauge_derivative 2.076775e-02 s level: 2 proc_id: 0 /HMC/ptbc_update_tm/GAUGE:gauge_derivative
# : Time for update_gauge 1.032966e-02 s level: 2 proc_id: 0 /HMC/ptbc_update_tm/update_gauge
# : Time for gauge_derivative 2.071243e-02 s level: 2 proc_id: 0 /HMC/ptbc_update_tm/GAUGE:gauge_derivative
# : Time for gauge_derivative 2.066240e-02 s level: 2 proc_id: 0 /HMC/ptbc_update_tm/GAUGE:gauge_derivative
# : Time for update_gauge 1.019830e-02 s level: 2 proc_id: 0 /HMC/ptbc_update_tm/update_gauge
# : Time for gauge_derivative 2.068512e-02 s level: 2 proc_id: 0 /HMC/ptbc_update_tm/GAUGE:gauge_derivative
# : Time for update_gauge 1.044503e-02 s level: 2 proc_id: 0 /HMC/ptbc_update_tm/update_gauge
# : Time for gauge_derivative 2.074891e-02 s level: 2 proc_id: 0 /HMC/ptbc_update_tm/GAUGE:gauge_derivative
# : Time for gauge_derivative 2.071566e-02 s level: 2 proc_id: 0 /HMC/ptbc_update_tm/GAUGE:gauge_derivative
# : Time for update_gauge 1.009747e-02 s level: 2 proc_id: 0 /HMC/ptbc_update_tm/update_gauge
# : Time for gauge_derivative 2.072143e-02 s level: 2 proc_id: 0 /HMC/ptbc_update_tm/GAUGE:gauge_derivative
# : Time for update_gauge 1.035338e-02 s level: 2 proc_id: 0 /HMC/ptbc_update_tm/update_gauge
# : Time for gauge_derivative 2.089718e-02 s level: 2 proc_id: 0 /HMC/ptbc_update_tm/GAUGE:gauge_derivative
# : Time for gauge_derivative 2.076115e-02 s level: 2 proc_id: 0 /HMC/ptbc_update_tm/GAUGE:gauge_derivative
# : Time for update_gauge 1.008600e-02 s level: 2 proc_id: 0 /HMC/ptbc_update_tm/update_gauge
# : Time for gauge_derivative 2.065387e-02 s level: 2 proc_id: 0 /HMC/ptbc_update_tm/GAUGE:gauge_derivative
# : Time for update_gauge 1.032885e-02 s level: 2 proc_id: 0 /HMC/ptbc_update_tm/update_gauge
# : Time for gauge_derivative 2.081095e-02 s level: 2 proc_id: 0 /HMC/ptbc_update_tm/GAUGE:gauge_derivative
# : Time for gauge_derivative 2.072412e-02 s level: 2 proc_id: 0 /HMC/ptbc_update_tm/GAUGE:gauge_derivative
# : Time for update_gauge 1.024632e-02 s level: 2 proc_id: 0 /HMC/ptbc_update_tm/update_gauge
# : Time for gauge_derivative 2.067407e-02 s level: 2 proc_id: 0 /HMC/ptbc_update_tm/GAUGE:gauge_derivative
# : Time for update_gauge 1.033214e-02 s level: 2 proc_id: 0 /HMC/ptbc_update_tm/update_gauge
# : Time for gauge_derivative 2.066832e-02 s level: 2 proc_id: 0 /HMC/ptbc_update_tm/GAUGE:gauge_derivative
# : Time for gauge_derivative 2.062726e-02 s level: 2 proc_id: 0 /HMC/ptbc_update_tm/GAUGE:gauge_derivative
# : Time for update_gauge 1.027892e-02 s level: 2 proc_id: 0 /HMC/ptbc_update_tm/update_gauge
# : Time for gauge_derivative 2.304075e-02 s level: 2 proc_id: 0 /HMC/ptbc_update_tm/GAUGE:gauge_derivative
# : Time for update_gauge 1.036355e-02 s level: 2 proc_id: 0 /HMC/ptbc_update_tm/update_gauge
# : Time for gauge_derivative 2.071642e-02 s level: 2 proc_id: 0 /HMC/ptbc_update_tm/GAUGE:gauge_derivative
# : Time for gauge_derivative 2.073363e-02 s level: 2 proc_id: 0 /HMC/ptbc_update_tm/GAUGE:gauge_derivative
# : Time for update_gauge 1.020336e-02 s level: 2 proc_id: 0 /HMC/ptbc_update_tm/update_gauge
# : Time for gauge_derivative 2.087166e-02 s level: 2 proc_id: 0 /HMC/ptbc_update_tm/GAUGE:gauge_derivative
# : Time for update_gauge 1.035803e-02 s level: 2 proc_id: 0 /HMC/ptbc_update_tm/update_gauge
# : Time for gauge_derivative 2.082638e-02 s level: 2 proc_id: 0 /HMC/ptbc_update_tm/GAUGE:gauge_derivative
# : Time for gauge_derivative 2.083307e-02 s level: 2 proc_id: 0 /HMC/ptbc_update_tm/GAUGE:gauge_derivative
# : Time for update_gauge 1.012207e-02 s level: 2 proc_id: 0 /HMC/ptbc_update_tm/update_gauge
# : Time for gauge_derivative 2.083221e-02 s level: 2 proc_id: 0 /HMC/ptbc_update_tm/GAUGE:gauge_derivative
# : Time for update_gauge 1.033446e-02 s level: 2 proc_id: 0 /HMC/ptbc_update_tm/update_gauge
# : Time for gauge_derivative 2.089111e-02 s level: 2 proc_id: 0 /HMC/ptbc_update_tm/GAUGE:gauge_derivative
# : Time for gauge_derivative 2.067593e-02 s level: 2 proc_id: 0 /HMC/ptbc_update_tm/GAUGE:gauge_derivative
# : Time for update_gauge 1.011383e-02 s level: 2 proc_id: 0 /HMC/ptbc_update_tm/update_gauge
# : Time for gauge_derivative 2.084964e-02 s level: 2 proc_id: 0 /HMC/ptbc_update_tm/GAUGE:gauge_derivative
# : Time for update_gauge 1.031347e-02 s level: 2 proc_id: 0 /HMC/ptbc_update_tm/update_gauge
# : Time for gauge_derivative 2.077956e-02 s level: 2 proc_id: 0 /HMC/ptbc_update_tm/GAUGE:gauge_derivative
# : Time for gauge_derivative 2.076549e-02 s level: 2 proc_id: 0 /HMC/ptbc_update_tm/GAUGE:gauge_derivative
# : Time for update_gauge 1.029133e-02 s level: 2 proc_id: 0 /HMC/ptbc_update_tm/update_gauge
# : Time for gauge_derivative 2.081727e-02 s level: 2 proc_id: 0 /HMC/ptbc_update_tm/GAUGE:gauge_derivative
# : Time for update_gauge 1.032080e-02 s level: 2 proc_id: 0 /HMC/ptbc_update_tm/update_gauge
# : Time for gauge_derivative 2.069667e-02 s level: 2 proc_id: 0 /HMC/ptbc_update_tm/GAUGE:gauge_derivative
# : Time for gauge_derivative 2.066231e-02 s level: 2 proc_id: 0 /HMC/ptbc_update_tm/GAUGE:gauge_derivative
# : Time for update_gauge 1.026053e-02 s level: 2 proc_id: 0 /HMC/ptbc_update_tm/update_gauge
# : Time for gauge_derivative 2.067890e-02 s level: 2 proc_id: 0 /HMC/ptbc_update_tm/GAUGE:gauge_derivative
# : Time for update_gauge 1.033012e-02 s level: 2 proc_id: 0 /HMC/ptbc_update_tm/update_gauge
# : Time for gauge_derivative 2.071628e-02 s level: 2 proc_id: 0 /HMC/ptbc_update_tm/GAUGE:gauge_derivative
# : Time for gauge_derivative 2.071291e-02 s level: 2 proc_id: 0 /HMC/ptbc_update_tm/GAUGE:gauge_derivative
# : Time for update_gauge 1.010481e-02 s level: 2 proc_id: 0 /HMC/ptbc_update_tm/update_gauge
# : Time for gauge_derivative 2.076446e-02 s level: 2 proc_id: 0 /HMC/ptbc_update_tm/GAUGE:gauge_derivative
# : Time for update_gauge 1.031156e-02 s level: 2 proc_id: 0 /HMC/ptbc_update_tm/update_gauge
# : Time for gauge_derivative 2.083120e-02 s level: 2 proc_id: 0 /HMC/ptbc_update_tm/GAUGE:gauge_derivative
# : Time for gauge_derivative 2.081002e-02 s level: 2 proc_id: 0 /HMC/ptbc_update_tm/GAUGE:gauge_derivative
# : Time for update_gauge 1.016588e-02 s level: 2 proc_id: 0 /HMC/ptbc_update_tm/update_gauge
# : Time for gauge_derivative 2.073177e-02 s level: 2 proc_id: 0 /HMC/ptbc_update_tm/GAUGE:gauge_derivative
# : Time for update_gauge 1.033600e-02 s level: 2 proc_id: 0 /HMC/ptbc_update_tm/update_gauge
# : Time for gauge_derivative 2.068146e-02 s level: 2 proc_id: 0 /HMC/ptbc_update_tm/GAUGE:gauge_derivative
# : Time for gauge_derivative 2.076364e-02 s level: 2 proc_id: 0 /HMC/ptbc_update_tm/GAUGE:gauge_derivative
# : Time for update_gauge 1.023794e-02 s level: 2 proc_id: 0 /HMC/ptbc_update_tm/update_gauge
# : Time for gauge_derivative 2.087648e-02 s level: 2 proc_id: 0 /HMC/ptbc_update_tm/GAUGE:gauge_derivative
# : Time for update_gauge 1.033762e-02 s level: 2 proc_id: 0 /HMC/ptbc_update_tm/update_gauge
# : Time for gauge_derivative 2.072368e-02 s level: 2 proc_id: 0 /HMC/ptbc_update_tm/GAUGE:gauge_derivative
# : Time for gauge_derivative 2.075202e-02 s level: 2 proc_id: 0 /HMC/ptbc_update_tm/GAUGE:gauge_derivative
# : Time for update_gauge 1.016078e-02 s level: 2 proc_id: 0 /HMC/ptbc_update_tm/update_gauge
# : Time for gauge_derivative 2.072288e-02 s level: 2 proc_id: 0 /HMC/ptbc_update_tm/GAUGE:gauge_derivative
# : Time for update_gauge 1.038558e-02 s level: 2 proc_id: 0 /HMC/ptbc_update_tm/update_gauge
# : Time for gauge_derivative 2.083292e-02 s level: 2 proc_id: 0 /HMC/ptbc_update_tm/GAUGE:gauge_derivative
# : Time for gauge_derivative 2.084519e-02 s level: 2 proc_id: 0 /HMC/ptbc_update_tm/GAUGE:gauge_derivative
# : Time for update_gauge 1.012503e-02 s level: 2 proc_id: 0 /HMC/ptbc_update_tm/update_gauge
# : Time for gauge_derivative 2.068190e-02 s level: 2 proc_id: 0 /HMC/ptbc_update_tm/GAUGE:gauge_derivative
# : Time for update_gauge 1.031457e-02 s level: 2 proc_id: 0 /HMC/ptbc_update_tm/update_gauge
# : Time for gauge_derivative 2.080656e-02 s level: 2 proc_id: 0 /HMC/ptbc_update_tm/GAUGE:gauge_derivative
# : Time for gauge_derivative 2.064688e-02 s level: 2 proc_id: 0 /HMC/ptbc_update_tm/GAUGE:gauge_derivative
# : Time for update_gauge 1.011401e-02 s level: 2 proc_id: 0 /HMC/ptbc_update_tm/update_gauge
# : Time for gauge_derivative 2.077065e-02 s level: 2 proc_id: 0 /HMC/ptbc_update_tm/GAUGE:gauge_derivative
# : Time for update_gauge 1.030955e-02 s level: 2 proc_id: 0 /HMC/ptbc_update_tm/update_gauge
# : Time for gauge_derivative 2.083211e-02 s level: 2 proc_id: 0 /HMC/ptbc_update_tm/GAUGE:gauge_derivative
# : Time for gauge_derivative 2.080514e-02 s level: 2 proc_id: 0 /HMC/ptbc_update_tm/GAUGE:gauge_derivative
# : Time for update_gauge 1.016076e-02 s level: 2 proc_id: 0 /HMC/ptbc_update_tm/update_gauge
# : Time for gauge_derivative 2.084976e-02 s level: 2 proc_id: 0 /HMC/ptbc_update_tm/GAUGE:gauge_derivative
# : Time for update_gauge 1.033473e-02 s level: 2 proc_id: 0 /HMC/ptbc_update_tm/update_gauge
# : Time for gauge_derivative 2.083396e-02 s level: 2 proc_id: 0 /HMC/ptbc_update_tm/GAUGE:gauge_derivative
# : Time for gauge_derivative 2.064602e-02 s level: 2 proc_id: 0 /HMC/ptbc_update_tm/GAUGE:gauge_derivative
# : Time for update_gauge 1.024277e-02 s level: 2 proc_id: 0 /HMC/ptbc_update_tm/update_gauge
# : Time for gauge_derivative 2.078200e-02 s level: 2 proc_id: 0 /HMC/ptbc_update_tm/GAUGE:gauge_derivative
# : Time for update_gauge 1.032253e-02 s level: 2 proc_id: 0 /HMC/ptbc_update_tm/update_gauge
# : Time for gauge_derivative 2.085912e-02 s level: 2 proc_id: 0 /HMC/ptbc_update_tm/GAUGE:gauge_derivative
# : Time for gauge_derivative 2.074012e-02 s level: 2 proc_id: 0 /HMC/ptbc_update_tm/GAUGE:gauge_derivative
# : Time for update_gauge 1.025349e-02 s level: 2 proc_id: 0 /HMC/ptbc_update_tm/update_gauge
# : Time for gauge_derivative 2.065460e-02 s level: 2 proc_id: 0 /HMC/ptbc_update_tm/GAUGE:gauge_derivative
# : Time for update_gauge 1.032509e-02 s level: 2 proc_id: 0 /HMC/ptbc_update_tm/update_gauge
# : Time for gauge_derivative 2.086227e-02 s level: 2 proc_id: 0 /HMC/ptbc_update_tm/GAUGE:gauge_derivative
# : Time for gauge_derivative 2.079408e-02 s level: 2 proc_id: 0 /HMC/ptbc_update_tm/GAUGE:gauge_derivative
# : Time for update_gauge 1.020493e-02 s level: 2 proc_id: 0 /HMC/ptbc_update_tm/update_gauge
# : Time for gauge_derivative 2.068431e-02 s level: 2 proc_id: 0 /HMC/ptbc_update_tm/GAUGE:gauge_derivative
# : Time for update_gauge 1.043190e-02 s level: 2 proc_id: 0 /HMC/ptbc_update_tm/update_gauge
# : Time for gauge_derivative 2.082704e-02 s level: 2 proc_id: 0 /HMC/ptbc_update_tm/GAUGE:gauge_derivative
# : Time for gauge_derivative 2.089218e-02 s level: 2 proc_id: 0 /HMC/ptbc_update_tm/GAUGE:gauge_derivative
# : Time for update_gauge 1.029445e-02 s level: 2 proc_id: 0 /HMC/ptbc_update_tm/update_gauge
# : Time for gauge_derivative 2.089929e-02 s level: 2 proc_id: 0 /HMC/ptbc_update_tm/GAUGE:gauge_derivative
# : Time for gauge_acc 5.122899e-03 s level: 2 proc_id: 0 /HMC/ptbc_update_tm/GAUGE:gauge_acc
# Trajectory is accepted.
# inst2: Time for ptbc_update_tm 2.521952e+00 s level: 1 proc_id: 0 /HMC/ptbc_update_tm
# inst2: Time for ptbc_swap_dh 1.033672e-02 s level: 2 proc_id: 0 /HMC/ptbc_swap/ptbc_swap_dh
# inst2: Time for ptbc_swap_dh 1.017421e-02 s level: 2 proc_id: 0 /HMC/ptbc_swap/ptbc_swap_dh
[swap_link] inst 2 <-> 3: own_diff=7.378661e+00 partner_diff=2.266592e+00 total_diff=9.645253e+00 expmdh=6.473213e-05 random number=3.803028e-01 accept=0
# inst2: Time for ptbc_swap 3.762960e-02 s level: 1 proc_id: 0 /HMC/ptbc_swap

I am step 1 instance 2 rank 3 
# Writing gauge field to .conf.t00001.tmp.
# Constructing LEMON writer for file .conf.t00001.tmp for append = 0
# Time spent writing 2.36 Mb was 85.1 ms.
# Writing speed: 27.7 Mb/s (27.7 Mb/s per MPI process).
# Scidac checksums for gaugefield .conf.t00001.tmp:
#   Calculated            : A = 0xa92b909d B = 0x45ab02b8.
# Write completed, verifying write...
# Constructing LEMON reader for file .conf.t00001.tmp ...
# Time spent reading 2.36 Mb was 464 us.
# Reading speed: 5.08 Gb/s (5.08 Gb/s per MPI process).
# Scidac checksums for gaugefield .conf.t00001.tmp:
#   Calculated            : A = 0xa92b909d B = 0x45ab02b8.
#   Read from LIME headers: A = 0xa92b909d B = 0x45ab02b8.
# Reading ildg-format record:
#   Precision = 64 bits (double).
#   Lattice size: LX = 8, LY = 8, LZ = 8, LT = 8.
# Input parameters:
#   Precision = 64 bits (double).
#   Lattice size: LX = 8, LY = 8, LZ = 8, LT = 8.
# Write successfully verified.
# Renaming .conf.t00001.tmp to conf.save.
#
# Starting trajectory no 2
# : Time for gauge_heatbath 5.145729e-03 s level: 2 proc_id: 0 /HMC/ptbc_update_tm/GAUGE:gauge_heatbath
# : Time for gauge_derivative 2.072387e-02 s level: 2 proc_id: 0 /HMC/ptbc_update_tm/GAUGE:gauge_derivative
# : Time for update_gauge 1.059472e-02 s level: 2 proc_id: 0 /HMC/ptbc_update_tm/update_gauge
# : Time for gauge_derivative 2.071866e-02 s level: 2 proc_id: 0 /HMC/ptbc_update_tm/GAUGE:gauge_derivative
# : Time for gauge_derivative 2.081255e-02 s level: 2 proc_id: 0 /HMC/ptbc_update_tm/GAUGE:gauge_derivative
# : Time for update_gauge 1.011598e-02 s level: 2 proc_id: 0 /HMC/ptbc_update_tm/update_gauge
# : Time for gauge_derivative 2.069435e-02 s level: 2 proc_id: 0 /HMC/ptbc_update_tm/GAUGE:gauge_derivative
# : Time for update_gauge 1.030890e-02 s level: 2 proc_id: 0 /HMC/ptbc_update_tm/update_gauge
# : Time for gauge_derivative 2.078550e-02 s level: 2 proc_id: 0 /HMC/ptbc_update_tm/GAUGE:gauge_derivative
# : Time for gauge_derivative 2.078556e-02 s level: 2 proc_id: 0 /HMC/ptbc_update_tm/GAUGE:gauge_derivative
# : Time for update_gauge 1.026749e-02 s level: 2 proc_id: 0 /HMC/ptbc_update_tm/update_gauge
# : Time for gauge_derivative 2.078407e-02 s level: 2 proc_id: 0 /HMC/ptbc_update_tm/GAUGE:gauge_derivative
# : Time for update_gauge 1.033308e-02 s level: 2 proc_id: 0 /HMC/ptbc_update_tm/update_gauge
# : Time for gauge_derivative 2.085559e-02 s level: 2 proc_id: 0 /HMC/ptbc_update_tm/GAUGE:gauge_derivative
# : Time for gauge_derivative 2.075136e-02 s level: 2 proc_id: 0 /HMC/ptbc_update_tm/GAUGE:gauge_derivative
# : Time for update_gauge 1.034132e-02 s level: 2 proc_id: 0 /HMC/ptbc_update_tm/update_gauge
# : Time for gauge_derivative 2.065800e-02 s level: 2 proc_id: 0 /HMC/ptbc_update_tm/GAUGE:gauge_derivative
# : Time for update_gauge 1.030903e-02 s level: 2 proc_id: 0 /HMC/ptbc_update_tm/update_gauge
# : Time for gauge_derivative 2.070207e-02 s level: 2 proc_id: 0 /HMC/ptbc_update_tm/GAUGE:gauge_derivative
# : Time for gauge_derivative 2.083241e-02 s level: 2 proc_id: 0 /HMC/ptbc_update_tm/GAUGE:gauge_derivative
# : Time for update_gauge 1.022751e-02 s level: 2 proc_id: 0 /HMC/ptbc_update_tm/update_gauge
# : Time for gauge_derivative 2.068512e-02 s level: 2 proc_id: 0 /HMC/ptbc_update_tm/GAUGE:gauge_derivative
# : Time for update_gauge 1.028663e-02 s level: 2 proc_id: 0 /HMC/ptbc_update_tm/update_gauge
# : Time for gauge_derivative 2.073994e-02 s level: 2 proc_id: 0 /HMC/ptbc_update_tm/GAUGE:gauge_derivative
# : Time for gauge_derivative 2.069325e-02 s level: 2 proc_id: 0 /HMC/ptbc_update_tm/GAUGE:gauge_derivative
# : Time for update_gauge 1.017751e-02 s level: 2 proc_id: 0 /HMC/ptbc_update_tm/update_gauge
# : Time for gauge_derivative 2.066788e-02 s level: 2 proc_id: 0 /HMC/ptbc_update_tm/GAUGE:gauge_derivative
# : Time for update_gauge 1.032532e-02 s level: 2 proc_id: 0 /HMC/ptbc_update_tm/update_gauge
# : Time for gauge_derivative 2.067826e-02 s level: 2 proc_id: 0 /HMC/ptbc_update_tm/GAUGE:gauge_derivative
# : Time for gauge_derivative 2.068585e-02 s level: 2 proc_id: 0 /HMC/ptbc_update_tm/GAUGE:gauge_derivative
# : Time for update_gauge 1.018166e-02 s level: 2 proc_id: 0 /HMC/ptbc_update_tm/update_gauge
# : Time for gauge_derivative 2.069092e-02 s level: 2 proc_id: 0 /HMC/ptbc_update_tm/GAUGE:gauge_derivative
# : Time for update_gauge 1.029331e-02 s level: 2 proc_id: 0 /HMC/ptbc_update_tm/update_gauge
# : Time for gauge_derivative 2.075460e-02 s level: 2 proc_id: 0 /HMC/ptbc_update_tm/GAUGE:gauge_derivative
# : Time for gauge_derivative 2.065755e-02 s level: 2 proc_id: 0 /HMC/ptbc_update_tm/GAUGE:gauge_derivative
# : Time for update_gauge 1.012393e-02 s level: 2 proc_id: 0 /HMC/ptbc_update_tm/update_gauge
# : Time for gauge_derivative 2.076556e-02 s level: 2 proc_id: 0 /HMC/ptbc_update_tm/GAUGE:gauge_derivative
# : Time for update_gauge 1.030269e-02 s level: 2 proc_id: 0 /HMC/ptbc_update_tm/update_gauge
# : Time for gauge_derivative 2.069098e-02 s level: 2 proc_id: 0 /HMC/ptbc_update_tm/GAUGE:gauge_derivative
# : Time for gauge_derivative 2.065484e-02 s level: 2 proc_id: 0 /HMC/ptbc_update_tm/GAUGE:gauge_derivative
# : Time for update_gauge 1.019365e-02 s level: 2 proc_id: 0 /HMC/ptbc_update_tm/update_gauge
# : Time for gauge_derivative 2.066657e-02 s level: 2 proc_id: 0 /HMC/ptbc_update_tm/GAUGE:gauge_derivative
# : Time for update_gauge 1.038613e-02 s level: 2 proc_id: 0 /HMC/ptbc_update_tm/update_gauge
# : Time for gauge_derivative 2.087749e-02 s level: 2 proc_id: 0 /HMC/ptbc_update_tm/GAUGE:gauge_derivative
# : Time for gauge_derivative 2.065274e-02 s level: 2 proc_id: 0 /HMC/ptbc_update_tm/GAUGE:gauge_derivative
# : Time for update_gauge 1.022409e-02 s level: 2 proc_id: 0 /HMC/ptbc_update_tm/update_gauge
# : Time for gauge_derivative 2.064848e-02 s level: 2 proc_id: 0 /HMC/ptbc_update_tm/GAUGE:gauge_derivative
# : Time for update_gauge 1.037263e-02 s level: 2 proc_id: 0 /HMC/ptbc_update_tm/update_gauge
# : Time for gauge_derivative 2.072843e-02 s level: 2 proc_id: 0 /HMC/ptbc_update_tm/GAUGE:gauge_derivative
# : Time for gauge_derivative 2.071504e-02 s level: 2 proc_id: 0 /HMC/ptbc_update_tm/GAUGE:gauge_derivative
# : Time for update_gauge 1.012799e-02 s level: 2 proc_id: 0 /HMC/ptbc_update_tm/update_gauge
# : Time for gauge_derivative 2.075438e-02 s level: 2 proc_id: 0 /HMC/ptbc_update_tm/GAUGE:gauge_derivative
# : Time for update_gauge 1.034461e-02 s level: 2 proc_id: 0 /HMC/ptbc_update_tm/update_gauge
# : Time for gauge_derivative 2.068163e-02 s level: 2 proc_id: 0 /HMC/ptbc_update_tm/GAUGE:gauge_derivative
# : Time for gauge_derivative 2.082702e-02 s level: 2 proc_id: 0 /HMC/ptbc_update_tm/GAUGE:gauge_derivative
# : Time for update_gauge 1.014435e-02 s level: 2 proc_id: 0 /HMC/ptbc_update_tm/update_gauge
# : Time for gauge_derivative 2.084006e-02 s level: 2 proc_id: 0 /HMC/ptbc_update_tm/GAUGE:gauge_derivative
# : Time for update_gauge 1.032829e-02 s level: 2 proc_id: 0 /HMC/ptbc_update_tm/update_gauge
# : Time for gauge_derivative 2.075790e-02 s level: 2 proc_id: 0 /HMC/ptbc_update_tm/GAUGE:gauge_derivative
# : Time for gauge_derivative 2.078232e-02 s level: 2 proc_id: 0 /HMC/ptbc_update_tm/GAUGE:gauge_derivative
# : Time for update_gauge 1.022388e-02 s level: 2 proc_id: 0 /HMC/ptbc_update_tm/update_gauge
# : Time for gauge_derivative 2.064198e-02 s level: 2 proc_id: 0 /HMC/ptbc_update_tm/GAUGE:gauge_derivative
# : Time for update_gauge 1.035806e-02 s level: 2 proc_id: 0 /HMC/ptbc_update_tm/update_gauge
# : Time for gauge_derivative 2.087271e-02 s level: 2 proc_id: 0 /HMC/ptbc_update_tm/GAUGE:gauge_derivative
# : Time for gauge_derivative 2.070035e-02 s level: 2 proc_id: 0 /HMC/ptbc_update_tm/GAUGE:gauge_derivative
# : Time for update_gauge 1.011395e-02 s level: 2 proc_id: 0 /HMC/ptbc_update_tm/update_gauge
# : Time for gauge_derivative 2.084608e-02 s level: 2 proc_id: 0 /HMC/ptbc_update_tm/GAUGE:gauge_derivative
# : Time for update_gauge 1.037912e-02 s level: 2 proc_id: 0 /HMC/ptbc_update_tm/update_gauge
# : Time for gauge_derivative 2.083735e-02 s level: 2 proc_id: 0 /HMC/ptbc_update_tm/GAUGE:gauge_derivative
# : Time for gauge_derivative 2.082899e-02 s level: 2 proc_id: 0 /HMC/ptbc_update_tm/GAUGE:gauge_derivative
# : Time for update_gauge 1.017374e-02 s level: 2 proc_id: 0 /HMC/ptbc_update_tm/update_gauge
# : Time for gauge_derivative 2.076726e-02 s level: 2 proc_id: 0 /HMC/ptbc_update_tm/GAUGE:gauge_derivative
# : Time for update_gauge 1.033643e-02 s level: 2 proc_id: 0 /HMC/ptbc_update_tm/update_gauge
# : Time for gauge_derivative 2.078732e-02 s level: 2 proc_id: 0 /HMC/ptbc_update_tm/GAUGE:gauge_derivative
# : Time for gauge_derivative 2.066202e-02 s level: 2 proc_id: 0 /HMC/ptbc_update_tm/GAUGE:gauge_derivative
# : Time for update_gauge 1.013152e-02 s level: 2 proc_id: 0 /HMC/ptbc_update_tm/update_gauge
# : Time for gauge_derivative 2.075460e-02 s level: 2 proc_id: 0 /HMC/ptbc_update_tm/GAUGE:gauge_derivative
# : Time for update_gauge 1.033276e-02 s level: 2 proc_id: 0 /HMC/ptbc_update_tm/update_gauge
# : Time for gauge_derivative 2.068974e-02 s level: 2 proc_id: 0 /HMC/ptbc_update_tm/GAUGE:gauge_derivative
# : Time for gauge_derivative 2.081801e-02 s level: 2 proc_id: 0 /HMC/ptbc_update_tm/GAUGE:gauge_derivative
# : Time for update_gauge 1.011297e-02 s level: 2 proc_id: 0 /HMC/ptbc_update_tm/update_gauge
# : Time for gauge_derivative 2.073729e-02 s level: 2 proc_id: 0 /HMC/ptbc_update_tm/GAUGE:gauge_derivative
# : Time for update_gauge 1.031168e-02 s level: 2 proc_id: 0 /HMC/ptbc_update_tm/update_gauge
# : Time for gauge_derivative 2.067724e-02 s level: 2 proc_id: 0 /HMC/ptbc_update_tm/GAUGE:gauge_derivative
# : Time for gauge_derivative 2.068104e-02 s level: 2 proc_id: 0 /HMC/ptbc_update_tm/GAUGE:gauge_derivative
# : Time for update_gauge 1.010796e-02 s level: 2 proc_id: 0 /HMC/ptbc_update_tm/update_gauge
# : Time for gauge_derivative 2.073468e-02 s level: 2 proc_id: 0 /HMC/ptbc_update_tm/GAUGE:gauge_derivative
# : Time for update_gauge 1.035150e-02 s level: 2 proc_id: 0 /HMC/ptbc_update_tm/update_gauge
# : Time for gauge_derivative 2.074754e-02 s level: 2 proc_id: 0 /HMC/ptbc_update_tm/GAUGE:gauge_derivative
# : Time for gauge_derivative 2.074804e-02 s level: 2 proc_id: 0 /HMC/ptbc_update_tm/GAUGE:gauge_derivative
# : Time for update_gauge 1.023090e-02 s level: 2 proc_id: 0 /HMC/ptbc_update_tm/update_gauge
# : Time for gauge_derivative 2.074975e-02 s level: 2 proc_id: 0 /HMC/ptbc_update_tm/GAUGE:gauge_derivative
# : Time for update_gauge 1.030411e-02 s level: 2 proc_id: 0 /HMC/ptbc_update_tm/update_gauge
# : Time for gauge_derivative 2.077683e-02 s level: 2 proc_id: 0 /HMC/ptbc_update_tm/GAUGE:gauge_derivative
# : Time for gauge_derivative 2.086498e-02 s level: 2 proc_id: 0 /HMC/ptbc_update_tm/GAUGE:gauge_derivative
# : Time for update_gauge 1.015665e-02 s level: 2 proc_id: 0 /HMC/ptbc_update_tm/update_gauge
# : Time for gauge_derivative 2.080894e-02 s level: 2 proc_id: 0 /HMC/ptbc_update_tm/GAUGE:gauge_derivative
# : Time for update_gauge 1.028247e-02 s level: 2 proc_id: 0 /HMC/ptbc_update_tm/update_gauge
# : Time for gauge_derivative 2.079252e-02 s level: 2 proc_id: 0 /HMC/ptbc_update_tm/GAUGE:gauge_derivative
# : Time for gauge_derivative 2.067501e-02 s level: 2 proc_id: 0 /HMC/ptbc_update_tm/GAUGE:gauge_derivative
# : Time for update_gauge 1.015072e-02 s level: 2 proc_id: 0 /HMC/ptbc_update_tm/update_gauge
# : Time for gauge_derivative 2.094914e-02 s level: 2 proc_id: 0 /HMC/ptbc_update_tm/GAUGE:gauge_derivative
# : Time for update_gauge 1.032457e-02 s level: 2 proc_id: 0 /HMC/ptbc_update_tm/update_gauge
# : Time for gauge_derivative 2.098056e-02 s level: 2 proc_id: 0 /HMC/ptbc_update_tm/GAUGE:gauge_derivative
# : Time for gauge_derivative 2.082186e-02 s level: 2 proc_id: 0 /HMC/ptbc_update_tm/GAUGE:gauge_derivative
# : Time for update_gauge 1.026586e-02 s level: 2 proc_id: 0 /HMC/ptbc_update_tm/update_gauge
# : Time for gauge_derivative 2.073630e-02 s level: 2 proc_id: 0 /HMC/ptbc_update_tm/GAUGE:gauge_derivative
# : Time for update_gauge 1.037986e-02 s level: 2 proc_id: 0 /HMC/ptbc_update_tm/update_gauge
# : Time for gauge_derivative 2.069170e-02 s level: 2 proc_id: 0 /HMC/ptbc_update_tm/GAUGE:gauge_derivative
# : Time for gauge_derivative 2.069081e-02 s level: 2 proc_id: 0 /HMC/ptbc_update_tm/GAUGE:gauge_derivative
# : Time for update_gauge 1.031385e-02 s level: 2 proc_id: 0 /HMC/ptbc_update_tm/update_gauge
# : Time for gauge_derivative 2.080615e-02 s level: 2 proc_id: 0 /HMC/ptbc_update_tm/GAUGE:gauge_derivative
# : Time for update_gauge 1.044666e-02 s level: 2 proc_id: 0 /HMC/ptbc_update_tm/update_gauge
# : Time for gauge_derivative 2.081940e-02 s level: 2 proc_id: 0 /HMC/ptbc_update_tm/GAUGE:gauge_derivative
# : Time for gauge_derivative 2.085890e-02 s level: 2 proc_id: 0 /HMC/ptbc_update_tm/GAUGE:gauge_derivative
# : Time for update_gauge 1.021517e-02 s level: 2 proc_id: 0 /HMC/ptbc_update_tm/update_gauge
# : Time for gauge_derivative 2.089452e-02 s level: 2 proc_id: 0 /HMC/ptbc_update_tm/GAUGE:gauge_derivative
# : Time for update_gauge 1.034895e-02 s level: 2 proc_id: 0 /HMC/ptbc_update_tm/update_gauge
# : Time for gauge_derivative 2.075804e-02 s level: 2 proc_id: 0 /HMC/ptbc_update_tm/GAUGE:gauge_derivative
# : Time for gauge_derivative 2.082749e-02 s level: 2 proc_id: 0 /HMC/ptbc_update_tm/GAUGE:gauge_derivative
# : Time for update_gauge 1.024431e-02 s level: 2 proc_id: 0 /HMC/ptbc_update_tm/update_gauge
# : Time for gauge_derivative 2.068414e-02 s level: 2 proc_id: 0 /HMC/ptbc_update_tm/GAUGE:gauge_derivative
# : Time for gauge_acc 5.107279e-03 s level: 2 proc_id: 0 /HMC/ptbc_update_tm/GAUGE:gauge_acc
# Trajectory is accepted.
# inst2: Time for ptbc_update_tm 2.756299e+00 s level: 1 proc_id: 0 /HMC/ptbc_update_tm
# inst2: Time for ptbc_swap_dh 1.035220e-02 s level: 2 proc_id: 0 /HMC/ptbc_swap/ptbc_swap_dh
[swap_link] inst 2 <-> 3: own_diff=7.160636e+00 partner_diff=3.159305e+00 total_diff=1.031994e+01 expmdh=3.296905e-05 random number=1.162471e-01 accept=0
# inst2: Time for ptbc_swap_dh 1.017518e-02 s level: 2 proc_id: 0 /HMC/ptbc_swap/ptbc_swap_dh
# inst2: Time for ptbc_swap 3.122377e-02 s level: 1 proc_id: 0 /HMC/ptbc_swap

I am step 2 instance 2 rank 3 
# Writing gauge field to .conf.t00002.tmp.
# Constructing LEMON writer for file .conf.t00002.tmp for append = 0
# Time spent writing 2.36 Mb was 95.2 ms.
# Writing speed: 24.8 Mb/s (24.8 Mb/s per MPI process).
# Scidac checksums for gaugefield .conf.t00002.tmp:
#   Calculated            : A = 0x92de45ed B = 0xb1c45bbe.
# Write completed, verifying write...
# Constructing LEMON reader for file .conf.t00002.tmp ...
# Time spent reading 2.36 Mb was 459 us.
# Reading speed: 5.14 Gb/s (5.14 Gb/s per MPI process).
# Scidac checksums for gaugefield .conf.t00002.tmp:
#   Calculated            : A = 0x92de45ed B = 0xb1c45bbe.
#   Read from LIME headers: A = 0x92de45ed B = 0xb1c45bbe.
# Reading ildg-format record:
#   Precision = 64 bits (double).
#   Lattice size: LX = 8, LY = 8, LZ = 8, LT = 8.
# Input parameters:
#   Precision = 64 bits (double).
#   Lattice size: LX = 8, LY = 8, LZ = 8, LT = 8.
# Write successfully verified.
# Renaming .conf.t00002.tmp to conf.save.
#
# Starting trajectory no 3
# : Time for gauge_heatbath 5.283021e-03 s level: 2 proc_id: 0 /HMC/ptbc_update_tm/GAUGE:gauge_heatbath
# : Time for gauge_derivative 2.068141e-02 s level: 2 proc_id: 0 /HMC/ptbc_update_tm/GAUGE:gauge_derivative
# : Time for update_gauge 1.056894e-02 s level: 2 proc_id: 0 /HMC/ptbc_update_tm/update_gauge
# : Time for gauge_derivative 2.077596e-02 s level: 2 proc_id: 0 /HMC/ptbc_update_tm/GAUGE:gauge_derivative
# : Time for gauge_derivative 2.067565e-02 s level: 2 proc_id: 0 /HMC/ptbc_update_tm/GAUGE:gauge_derivative
# : Time for update_gauge 1.019064e-02 s level: 2 proc_id: 0 /HMC/ptbc_update_tm/update_gauge
# : Time for gauge_derivative 2.070086e-02 s level: 2 proc_id: 0 /HMC/ptbc_update_tm/GAUGE:gauge_derivative
# : Time for update_gauge 1.038130e-02 s level: 2 proc_id: 0 /HMC/ptbc_update_tm/update_gauge
# : Time for gauge_derivative 2.070541e-02 s level: 2 proc_id: 0 /HMC/ptbc_update_tm/GAUGE:gauge_derivative
# : Time for gauge_derivative 2.072050e-02 s level: 2 proc_id: 0 /HMC/ptbc_update_tm/GAUGE:gauge_derivative
# : Time for update_gauge 1.013084e-02 s level: 2 proc_id: 0 /HMC/ptbc_update_tm/update_gauge
# : Time for gauge_derivative 2.087019e-02 s level: 2 proc_id: 0 /HMC/ptbc_update_tm/GAUGE:gauge_derivative
# : Time for update_gauge 1.042993e-02 s level: 2 proc_id: 0 /HMC/ptbc_update_tm/update_gauge
# : Time for gauge_derivative 2.081346e-02 s level: 2 proc_id: 0 /HMC/ptbc_update_tm/GAUGE:gauge_derivative
# : Time for gauge_derivative 2.073317e-02 s level: 2 proc_id: 0 /HMC/ptbc_update_tm/GAUGE:gauge_derivative
# : Time for update_gauge 1.024689e-02 s level: 2 proc_id: 0 /HMC/ptbc_update_tm/update_gauge
# : Time for gauge_derivative 2.071402e-02 s level: 2 proc_id: 0 /HMC/ptbc_update_tm/GAUGE:gauge_derivative
# : Time for update_gauge 1.040492e-02 s level: 2 proc_id: 0 /HMC/ptbc_update_tm/update_gauge
# : Time for gauge_derivative 2.067849e-02 s level: 2 proc_id: 0 /HMC/ptbc_update_tm/GAUGE:gauge_derivative
# : Time for gauge_derivative 2.080861e-02 s level: 2 proc_id: 0 /HMC/ptbc_update_tm/GAUGE:gauge_derivative
# : Time for update_gauge 1.015663e-02 s level: 2 proc_id: 0 /HMC/ptbc_update_tm/update_gauge
# : Time for gauge_derivative 2.084516e-02 s level: 2 proc_id: 0 /HMC/ptbc_update_tm/GAUGE:gauge_derivative
# : Time for update_gauge 1.031652e-02 s level: 2 proc_id: 0 /HMC/ptbc_update_tm/update_gauge
# : Time for gauge_derivative 2.070550e-02 s level: 2 proc_id: 0 /HMC/ptbc_update_tm/GAUGE:gauge_derivative
# : Time for gauge_derivative 2.083643e-02 s level: 2 proc_id: 0 /HMC/ptbc_update_tm/GAUGE:gauge_derivative
# : Time for update_gauge 1.019603e-02 s level: 2 proc_id: 0 /HMC/ptbc_update_tm/update_gauge
# : Time for gauge_derivative 2.068110e-02 s level: 2 proc_id: 0 /HMC/ptbc_update_tm/GAUGE:gauge_derivative
# : Time for update_gauge 1.034208e-02 s level: 2 proc_id: 0 /HMC/ptbc_update_tm/update_gauge
# : Time for gauge_derivative 2.083508e-02 s level: 2 proc_id: 0 /HMC/ptbc_update_tm/GAUGE:gauge_derivative
# : Time for gauge_derivative 2.082687e-02 s level: 2 proc_id: 0 /HMC/ptbc_update_tm/GAUGE:gauge_derivative
# : Time for update_gauge 1.022930e-02 s level: 2 proc_id: 0 /HMC/ptbc_update_tm/update_gauge
# : Time for gauge_derivative 2.078014e-02 s level: 2 proc_id: 0 /HMC/ptbc_update_tm/GAUGE:gauge_derivative
# : Time for update_gauge 1.032655e-02 s level: 2 proc_id: 0 /HMC/ptbc_update_tm/update_gauge
# : Time for gauge_derivative 2.070251e-02 s level: 2 proc_id: 0 /HMC/ptbc_update_tm/GAUGE:gauge_derivative
# : Time for gauge_derivative 2.081315e-02 s level: 2 proc_id: 0 /HMC/ptbc_update_tm/GAUGE:gauge_derivative
# : Time for update_gauge 1.017338e-02 s level: 2 proc_id: 0 /HMC/ptbc_update_tm/update_gauge
# : Time for gauge_derivative 2.089316e-02 s level: 2 proc_id: 0 /HMC/ptbc_update_tm/GAUGE:gauge_derivative
# : Time for update_gauge 1.032180e-02 s level: 2 proc_id: 0 /HMC/ptbc_update_tm/update_gauge
# : Time for gauge_derivative 2.085405e-02 s level: 2 proc_id: 0 /HMC/ptbc_update_tm/GAUGE:gauge_derivative
# : Time for gauge_derivative 2.080594e-02 s level: 2 proc_id: 0 /HMC/ptbc_update_tm/GAUGE:gauge_derivative
# : Time for update_gauge 1.020159e-02 s level: 2 proc_id: 0 /HMC/ptbc_update_tm/update_gauge
# : Time for gauge_derivative 2.078034e-02 s level: 2 proc_id: 0 /HMC/ptbc_update_tm/GAUGE:gauge_derivative
# : Time for update_gauge 1.038530e-02 s level: 2 proc_id: 0 /HMC/ptbc_update_tm/update_gauge
# : Time for gauge_derivative 2.070807e-02 s level: 2 proc_id: 0 /HMC/ptbc_update_tm/GAUGE:gauge_derivative
# : Time for gauge_derivative 2.081145e-02 s level: 2 proc_id: 0 /HMC/ptbc_update_tm/GAUGE:gauge_derivative
# : Time for update_gauge 1.023671e-02 s level: 2 proc_id: 0 /HMC/ptbc_update_tm/update_gauge
# : Time for gauge_derivative 2.062686e-02 s level: 2 proc_id: 0 /HMC/ptbc_update_tm/GAUGE:gauge_derivative
# : Time for update_gauge 1.035839e-02 s level: 2 proc_id: 0 /HMC/ptbc_update_tm/update_gauge
# : Time for gauge_derivative 2.072490e-02 s level: 2 proc_id: 0 /HMC/ptbc_update_tm/GAUGE:gauge_derivative
# : Time for gauge_derivative 2.062531e-02 s level: 2 proc_id: 0 /HMC/ptbc_update_tm/GAUGE:gauge_derivative
# : Time for update_gauge 1.327613e-02 s level: 2 proc_id: 0 /HMC/ptbc_update_tm/update_gauge
# : Time for gauge_derivative 2.078114e-02 s level: 2 proc_id: 0 /HMC/ptbc_update_tm/GAUGE:gauge_derivative
# : Time for update_gauge 1.030536e-02 s level: 2 proc_id: 0 /HMC/ptbc_update_tm/update_gauge
# : Time for gauge_derivative 2.090222e-02 s level: 2 proc_id: 0 /HMC/ptbc_update_tm/GAUGE:gauge_derivative
# : Time for gauge_derivative 2.080205e-02 s level: 2 proc_id: 0 /HMC/ptbc_update_tm/GAUGE:gauge_derivative
# : Time for update_gauge 1.037077e-02 s level: 2 proc_id: 0 /HMC/ptbc_update_tm/update_gauge
# : Time for gauge_derivative 2.063479e-02 s level: 2 proc_id: 0 /HMC/ptbc_update_tm/GAUGE:gauge_derivative
# : Time for update_gauge 1.035252e-02 s level: 2 proc_id: 0 /HMC/ptbc_update_tm/update_gauge
# : Time for gauge_derivative 2.074642e-02 s level: 2 proc_id: 0 /HMC/ptbc_update_tm/GAUGE:gauge_derivative
# : Time for gauge_derivative 2.068266e-02 s level: 2 proc_id: 0 /HMC/ptbc_update_tm/GAUGE:gauge_derivative
# : Time for update_gauge 1.018812e-02 s level: 2 proc_id: 0 /HMC/ptbc_update_tm/update_gauge
# : Time for gauge_derivative 2.065175e-02 s level: 2 proc_id: 0 /HMC/ptbc_update_tm/GAUGE:gauge_derivative
# : Time for update_gauge 1.034527e-02 s level: 2 proc_id: 0 /HMC/ptbc_update_tm/update_gauge
# : Time for gauge_derivative 2.069805e-02 s level: 2 proc_id: 0 /HMC/ptbc_update_tm/GAUGE:gauge_derivative
# : Time for gauge_derivative 2.085375e-02 s level: 2 proc_id: 0 /HMC/ptbc_update_tm/GAUGE:gauge_derivative
# : Time for update_gauge 1.020310e-02 s level: 2 proc_id: 0 /HMC/ptbc_update_tm/update_gauge
# : Time for gauge_derivative 2.063083e-02 s level: 2 proc_id: 0 /HMC/ptbc_update_tm/GAUGE:gauge_derivative
# : Time for update_gauge 1.029594e-02 s level: 2 proc_id: 0 /HMC/ptbc_update_tm/update_gauge
# : Time for gauge_derivative 2.068898e-02 s level: 2 proc_id: 0 /HMC/ptbc_update_tm/GAUGE:gauge_derivative
# : Time for gauge_derivative 2.065871e-02 s level: 2 proc_id: 0 /HMC/ptbc_update_tm/GAUGE:gauge_derivative
# : Time for update_gauge 1.021849e-02 s level: 2 proc_id: 0 /HMC/ptbc_update_tm/update_gauge
# : Time for gauge_derivative 2.066864e-02 s level: 2 proc_id: 0 /HMC/ptbc_update_tm/GAUGE:gauge_derivative
# : Time for update_gauge 1.032991e-02 s level: 2 proc_id: 0 /HMC/ptbc_update_tm/update_gauge
# : Time for gauge_derivative 2.068058e-02 s level: 2 proc_id: 0 /HMC/ptbc_update_tm/GAUGE:gauge_derivative
# : Time for gauge_derivative 2.071494e-02 s level: 2 proc_id: 0 /HMC/ptbc_update_tm/GAUGE:gauge_derivative
# : Time for update_gauge 1.012930e-02 s level: 2 proc_id: 0 /HMC/ptbc_update_tm/update_gauge
# : Time for gauge_derivative 2.076714e-02 s level: 2 proc_id: 0 /HMC/ptbc_update_tm/GAUGE:gauge_derivative
# : Time for update_gauge 1.031471e-02 s level: 2 proc_id: 0 /HMC/ptbc_update_tm/update_gauge
# : Time for gauge_derivative 2.087893e-02 s level: 2 proc_id: 0 /HMC/ptbc_update_tm/GAUGE:gauge_derivative
# : Time for gauge_derivative 2.074843e-02 s level: 2 proc_id: 0 /HMC/ptbc_update_tm/GAUGE:gauge_derivative
# : Time for update_gauge 1.030546e-02 s level: 2 proc_id: 0 /HMC/ptbc_update_tm/update_gauge
# : Time for gauge_derivative 2.091754e-02 s level: 2 proc_id: 0 /HMC/ptbc_update_tm/GAUGE:gauge_derivative
# : Time for update_gauge 1.040583e-02 s level: 2 proc_id: 0 /HMC/ptbc_update_tm/update_gauge
# : Time for gauge_derivative 2.069571e-02 s level: 2 proc_id: 0 /HMC/ptbc_update_tm/GAUGE:gauge_derivative
# : Time for gauge_derivative 2.065116e-02 s level: 2 proc_id: 0 /HMC/ptbc_update_tm/GAUGE:gauge_derivative
# : Time for update_gauge 1.019310e-02 s level: 2 proc_id: 0 /HMC/ptbc_update_tm/update_gauge
# : Time for gauge_derivative 2.070698e-02 s level: 2 proc_id: 0 /HMC/ptbc_update_tm/GAUGE:gauge_derivative
# : Time for update_gauge 1.038048e-02 s level: 2 proc_id: 0 /HMC/ptbc_update_tm/update_gauge
# : Time for gauge_derivative 2.064868e-02 s level: 2 proc_id: 0 /HMC/ptbc_update_tm/GAUGE:gauge_derivative
# : Time for gauge_derivative 2.065404e-02 s level: 2 proc_id: 0 /HMC/ptbc_update_tm/GAUGE:gauge_derivative
# : Time for update_gauge 1.012227e-02 s level: 2 proc_id: 0 /HMC/ptbc_update_tm/update_gauge
# : Time for gauge_derivative 2.084775e-02 s level: 2 proc_id: 0 /HMC/ptbc_update_tm/GAUGE:gauge_derivative
# : Time for update_gauge 1.032545e-02 s level: 2 proc_id: 0 /HMC/ptbc_update_tm/update_gauge
# : Time for gauge_derivative 2.075662e-02 s level: 2 proc_id: 0 /HMC/ptbc_update_tm/GAUGE:gauge_derivative
# : Time for gauge_derivative 2.066430e-02 s level: 2 proc_id: 0 /HMC/ptbc_update_tm/GAUGE:gauge_derivative
# : Time for update_gauge 1.027323e-02 s level: 2 proc_id: 0 /HMC/ptbc_update_tm/update_gauge
# : Time for gauge_derivative 2.062164e-02 s level: 2 proc_id: 0 /HMC/ptbc_update_tm/GAUGE:gauge_derivative
# : Time for update_gauge 1.033606e-02 s level: 2 proc_id: 0 /HMC/ptbc_update_tm/update_gauge
# : Time for gauge_derivative 2.074785e-02 s level: 2 proc_id: 0 /HMC/ptbc_update_tm/GAUGE:gauge_derivative
# : Time for gauge_derivative 2.068759e-02 s level: 2 proc_id: 0 /HMC/ptbc_update_tm/GAUGE:gauge_derivative
# : Time for update_gauge 1.021988e-02 s level: 2 proc_id: 0 /HMC/ptbc_update_tm/update_gauge
# : Time for gauge_derivative 2.084702e-02 s level: 2 proc_id: 0 /HMC/ptbc_update_tm/GAUGE:gauge_derivative
# : Time for update_gauge 1.034893e-02 s level: 2 proc_id: 0 /HMC/ptbc_update_tm/update_gauge
# : Time for gauge_derivative 2.084473e-02 s level: 2 proc_id: 0 /HMC/ptbc_update_tm/GAUGE:gauge_derivative
# : Time for gauge_derivative 2.074547e-02 s level: 2 proc_id: 0 /HMC/ptbc_update_tm/GAUGE:gauge_derivative
# : Time for update_gauge 1.021077e-02 s level: 2 proc_id: 0 /HMC/ptbc_update_tm/update_gauge
# : Time for gauge_derivative 2.065590e-02 s level: 2 proc_id: 0 /HMC/ptbc_update_tm/GAUGE:gauge_derivative
# : Time for update_gauge 1.030082e-02 s level: 2 proc_id: 0 /HMC/ptbc_update_tm/update_gauge
# : Time for gauge_derivative 2.065215e-02 s level: 2 proc_id: 0 /HMC/ptbc_update_tm/GAUGE:gauge_derivative
# : Time for gauge_derivative 2.076221e-02 s level: 2 proc_id: 0 /HMC/ptbc_update_tm/GAUGE:gauge_derivative
# : Time for update_gauge 1.009769e-02 s level: 2 proc_id: 0 /HMC/ptbc_update_tm/update_gauge
# : Time for gauge_derivative 2.067158e-02 s level: 2 proc_id: 0 /HMC/ptbc_update_tm/GAUGE:gauge_derivative
# : Time for update_gauge 1.030374e-02 s level: 2 proc_id: 0 /HMC/ptbc_update_tm/update_gauge
# : Time for gauge_derivative 2.068960e-02 s level: 2 proc_id: 0 /HMC/ptbc_update_tm/GAUGE:gauge_derivative
# : Time for gauge_derivative 2.072164e-02 s level: 2 proc_id: 0 /HMC/ptbc_update_tm/GAUGE:gauge_derivative
# : Time for update_gauge 1.018984e-02 s level: 2 proc_id: 0 /HMC/ptbc_update_tm/update_gauge
# : Time for gauge_derivative 2.067516e-02 s level: 2 proc_id: 0 /HMC/ptbc_update_tm/GAUGE:gauge_derivative
# : Time for update_gauge 1.029393e-02 s level: 2 proc_id: 0 /HMC/ptbc_update_tm/update_gauge
# : Time for gauge_derivative 2.065678e-02 s level: 2 proc_id: 0 /HMC/ptbc_update_tm/GAUGE:gauge_derivative
# : Time for gauge_derivative 2.072308e-02 s level: 2 proc_id: 0 /HMC/ptbc_update_tm/GAUGE:gauge_derivative
# : Time for update_gauge 1.025837e-02 s level: 2 proc_id: 0 /HMC/ptbc_update_tm/update_gauge
# : Time for gauge_derivative 2.080773e-02 s level: 2 proc_id: 0 /HMC/ptbc_update_tm/GAUGE:gauge_derivative
# : Time for gauge_acc 5.133600e-03 s level: 2 proc_id: 0 /HMC/ptbc_update_tm/GAUGE:gauge_acc
# Trajectory is accepted.
# inst2: Time for ptbc_update_tm 2.573160e+00 s level: 1 proc_id: 0 /HMC/ptbc_update_tm
# inst2: Time for ptbc_swap_dh 1.040330e-02 s level: 2 proc_id: 0 /HMC/ptbc_swap/ptbc_swap_dh
[swap_link] inst 2 <-> 3: own_diff=3.936529e+00 partner_diff=3.655447e+00 total_diff=7.591976e+00 expmdh=5.044833e-04 random number=3.035592e-01 accept=0
# inst2: Time for ptbc_swap_dh 1.018871e-02 s level: 2 proc_id: 0 /HMC/ptbc_swap/ptbc_swap_dh
# inst2: Time for ptbc_swap 3.134739e-02 s level: 1 proc_id: 0 /HMC/ptbc_swap

I am step 3 instance 2 rank 3 
# Writing gauge field to .conf.t00003.tmp.
# Constructing LEMON writer for file .conf.t00003.tmp for append = 0
# Time spent writing 2.36 Mb was 75.1 ms.
# Writing speed: 31.4 Mb/s (31.4 Mb/s per MPI process).
# Scidac checksums for gaugefield .conf.t00003.tmp:
#   Calculated            : A = 0x8d2db757 B = 0xcc55f619.
# Write completed, verifying write...
# Constructing LEMON reader for file .conf.t00003.tmp ...
# Time spent reading 2.36 Mb was 482 us.
# Reading speed: 4.89 Gb/s (4.89 Gb/s per MPI process).
# Scidac checksums for gaugefield .conf.t00003.tmp:
#   Calculated            : A = 0x8d2db757 B = 0xcc55f619.
#   Read from LIME headers: A = 0x8d2db757 B = 0xcc55f619.
# Reading ildg-format record:
#   Precision = 64 bits (double).
#   Lattice size: LX = 8, LY = 8, LZ = 8, LT = 8.
# Input parameters:
#   Precision = 64 bits (double).
#   Lattice size: LX = 8, LY = 8, LZ = 8, LT = 8.
# Write successfully verified.
# Renaming .conf.t00003.tmp to conf.save.
#
# Starting trajectory no 4
# : Time for gauge_heatbath 5.188600e-03 s level: 2 proc_id: 0 /HMC/ptbc_update_tm/GAUGE:gauge_heatbath
# : Time for gauge_derivative 2.067502e-02 s level: 2 proc_id: 0 /HMC/ptbc_update_tm/GAUGE:gauge_derivative
# : Time for update_gauge 1.054896e-02 s level: 2 proc_id: 0 /HMC/ptbc_update_tm/update_gauge
# : Time for gauge_derivative 2.077238e-02 s level: 2 proc_id: 0 /HMC/ptbc_update_tm/GAUGE:gauge_derivative
# : Time for gauge_derivative 2.082585e-02 s level: 2 proc_id: 0 /HMC/ptbc_update_tm/GAUGE:gauge_derivative
# : Time for update_gauge 1.011823e-02 s level: 2 proc_id: 0 /HMC/ptbc_update_tm/update_gauge
# : Time for gauge_derivative 2.074808e-02 s level: 2 proc_id: 0 /HMC/ptbc_update_tm/GAUGE:gauge_derivative
# : Time for update_gauge 1.034151e-02 s level: 2 proc_id: 0 /HMC/ptbc_update_tm/update_gauge
# : Time for gauge_derivative 2.071197e-02 s level: 2 proc_id: 0 /HMC/ptbc_update_tm/GAUGE:gauge_derivative
# : Time for gauge_derivative 2.062945e-02 s level: 2 proc_id: 0 /HMC/ptbc_update_tm/GAUGE:gauge_derivative
# : Time for update_gauge 1.023250e-02 s level: 2 proc_id: 0 /HMC/ptbc_update_tm/update_gauge
# : Time for gauge_derivative 2.064720e-02 s level: 2 proc_id: 0 /HMC/ptbc_update_tm/GAUGE:gauge_derivative
# : Time for update_gauge 1.034540e-02 s level: 2 proc_id: 0 /HMC/ptbc_update_tm/update_gauge
# : Time for gauge_derivative 2.071538e-02 s level: 2 proc_id: 0 /HMC/ptbc_update_tm/GAUGE:gauge_derivative
# : Time for gauge_derivative 2.144071e-02 s level: 2 proc_id: 0 /HMC/ptbc_update_tm/GAUGE:gauge_derivative
# : Time for update_gauge 1.031734e-02 s level: 2 proc_id: 0 /HMC/ptbc_update_tm/update_gauge
# : Time for gauge_derivative 2.071814e-02 s level: 2 proc_id: 0 /HMC/ptbc_update_tm/GAUGE:gauge_derivative
# : Time for update_gauge 1.036816e-02 s level: 2 proc_id: 0 /HMC/ptbc_update_tm/update_gauge
# : Time for gauge_derivative 2.067382e-02 s level: 2 proc_id: 0 /HMC/ptbc_update_tm/GAUGE:gauge_derivative
# : Time for gauge_derivative 2.066758e-02 s level: 2 proc_id: 0 /HMC/ptbc_update_tm/GAUGE:gauge_derivative
# : Time for update_gauge 1.012542e-02 s level: 2 proc_id: 0 /HMC/ptbc_update_tm/update_gauge
# : Time for gauge_derivative 2.065328e-02 s level: 2 proc_id: 0 /HMC/ptbc_update_tm/GAUGE:gauge_derivative
# : Time for update_gauge 1.032488e-02 s level: 2 proc_id: 0 /HMC/ptbc_update_tm/update_gauge
# : Time for gauge_derivative 2.081629e-02 s level: 2 proc_id: 0 /HMC/ptbc_update_tm/GAUGE:gauge_derivative
# : Time for gauge_derivative 2.083528e-02 s level: 2 proc_id: 0 /HMC/ptbc_update_tm/GAUGE:gauge_derivative
# : Time for update_gauge 1.018117e-02 s level: 2 proc_id: 0 /HMC/ptbc_update_tm/update_gauge
# : Time for gauge_derivative 2.070763e-02 s level: 2 proc_id: 0 /HMC/ptbc_update_tm/GAUGE:gauge_derivative
# : Time for update_gauge 1.028974e-02 s level: 2 proc_id: 0 /HMC/ptbc_update_tm/update_gauge
# : Time for gauge_derivative 2.064769e-02 s level: 2 proc_id: 0 /HMC/ptbc_update_tm/GAUGE:gauge_derivative
# : Time for gauge_derivative 2.066365e-02 s level: 2 proc_id: 0 /HMC/ptbc_update_tm/GAUGE:gauge_derivative
# : Time for update_gauge 1.021586e-02 s level: 2 proc_id: 0 /HMC/ptbc_update_tm/update_gauge
# : Time for gauge_derivative 2.071446e-02 s level: 2 proc_id: 0 /HMC/ptbc_update_tm/GAUGE:gauge_derivative
# : Time for update_gauge 1.037909e-02 s level: 2 proc_id: 0 /HMC/ptbc_update_tm/update_gauge
# : Time for gauge_derivative 2.064898e-02 s level: 2 proc_id: 0 /HMC/ptbc_update_tm/GAUGE:gauge_derivative
# : Time for gauge_derivative 2.069249e-02 s level: 2 proc_id: 0 /HMC/ptbc_update_tm/GAUGE:gauge_derivative
# : Time for update_gauge 1.012550e-02 s level: 2 proc_id: 0 /HMC/ptbc_update_tm/update_gauge
# : Time for gauge_derivative 2.071750e-02 s level: 2 proc_id: 0 /HMC/ptbc_update_tm/GAUGE:gauge_derivative
# : Time for update_gauge 1.035427e-02 s level: 2 proc_id: 0 /HMC/ptbc_update_tm/update_gauge
# : Time for gauge_derivative 2.078366e-02 s level: 2 proc_id: 0 /HMC/ptbc_update_tm/GAUGE:gauge_derivative
# : Time for gauge_derivative 2.079348e-02 s level: 2 proc_id: 0 /HMC/ptbc_update_tm/GAUGE:gauge_derivative
# : Time for update_gauge 1.015473e-02 s level: 2 proc_id: 0 /HMC/ptbc_update_tm/update_gauge
# : Time for gauge_derivative 2.084271e-02 s level: 2 proc_id: 0 /HMC/ptbc_update_tm/GAUGE:gauge_derivative
# : Time for update_gauge 1.034804e-02 s level: 2 proc_id: 0 /HMC/ptbc_update_tm/update_gauge
# : Time for gauge_derivative 2.080644e-02 s level: 2 proc_id: 0 /HMC/ptbc_update_tm/GAUGE:gauge_derivative
# : Time for gauge_derivative 2.065863e-02 s level: 2 proc_id: 0 /HMC/ptbc_update_tm/GAUGE:gauge_derivative
# : Time for update_gauge 1.020984e-02 s level: 2 proc_id: 0 /HMC/ptbc_update_tm/update_gauge
# : Time for gauge_derivative 2.068164e-02 s level: 2 proc_id: 0 /HMC/ptbc_update_tm/GAUGE:gauge_derivative
# : Time for update_gauge 1.037586e-02 s level: 2 proc_id: 0 /HMC/ptbc_update_tm/update_gauge
# : Time for gauge_derivative 2.067107e-02 s level: 2 proc_id: 0 /HMC/ptbc_update_tm/GAUGE:gauge_derivative
# : Time for gauge_derivative 2.067397e-02 s level: 2 proc_id: 0 /HMC/ptbc_update_tm/GAUGE:gauge_derivative
# : Time for update_gauge 1.026792e-02 s level: 2 proc_id: 0 /HMC/ptbc_update_tm/update_gauge
# : Time for gauge_derivative 2.064162e-02 s level: 2 proc_id: 0 /HMC/ptbc_update_tm/GAUGE:gauge_derivative
# : Time for update_gauge 1.031328e-02 s level: 2 proc_id: 0 /HMC/ptbc_update_tm/update_gauge
# : Time for gauge_derivative 2.085617e-02 s level: 2 proc_id: 0 /HMC/ptbc_update_tm/GAUGE:gauge_derivative
# : Time for gauge_derivative 2.073959e-02 s level: 2 proc_id: 0 /HMC/ptbc_update_tm/GAUGE:gauge_derivative
# : Time for update_gauge 1.014198e-02 s level: 2 proc_id: 0 /HMC/ptbc_update_tm/update_gauge
# : Time for gauge_derivative 2.079082e-02 s level: 2 proc_id: 0 /HMC/ptbc_update_tm/GAUGE:gauge_derivative
# : Time for update_gauge 1.035707e-02 s level: 2 proc_id: 0 /HMC/ptbc_update_tm/update_gauge
# : Time for gauge_derivative 2.073356e-02 s level: 2 proc_id: 0 /HMC/ptbc_update_tm/GAUGE:gauge_derivative
# : Time for gauge_derivative 2.076320e-02 s level: 2 proc_id: 0 /HMC/ptbc_update_tm/GAUGE:gauge_derivative
# : Time for update_gauge 1.014655e-02 s level: 2 proc_id: 0 /HMC/ptbc_update_tm/update_gauge
# : Time for gauge_derivative 2.080701e-02 s level: 2 proc_id: 0 /HMC/ptbc_update_tm/GAUGE:gauge_derivative
# : Time for update_gauge 1.027982e-02 s level: 2 proc_id: 0 /HMC/ptbc_update_tm/update_gauge
# : Time for gauge_derivative 2.080314e-02 s level: 2 proc_id: 0 /HMC/ptbc_update_tm/GAUGE:gauge_derivative
# : Time for gauge_derivative 2.090728e-02 s level: 2 proc_id: 0 /HMC/ptbc_update_tm/GAUGE:gauge_derivative
# : Time for update_gauge 1.009746e-02 s level: 2 proc_id: 0 /HMC/ptbc_update_tm/update_gauge
# : Time for gauge_derivative 2.072018e-02 s level: 2 proc_id: 0 /HMC/ptbc_update_tm/GAUGE:gauge_derivative
# : Time for update_gauge 1.034403e-02 s level: 2 proc_id: 0 /HMC/ptbc_update_tm/update_gauge
# : Time for gauge_derivative 2.083732e-02 s level: 2 proc_id: 0 /HMC/ptbc_update_tm/GAUGE:gauge_derivative
# : Time for gauge_derivative 2.069661e-02 s level: 2 proc_id: 0 /HMC/ptbc_update_tm/GAUGE:gauge_derivative
# : Time for update_gauge 1.017732e-02 s level: 2 proc_id: 0 /HMC/ptbc_update_tm/update_gauge
# : Time for gauge_derivative 2.075206e-02 s level: 2 proc_id: 0 /HMC/ptbc_update_tm/GAUGE:gauge_derivative
# : Time for update_gauge 1.037631e-02 s level: 2 proc_id: 0 /HMC/ptbc_update_tm/update_gauge
# : Time for gauge_derivative 2.076778e-02 s level: 2 proc_id: 0 /HMC/ptbc_update_tm/GAUGE:gauge_derivative
# : Time for gauge_derivative 2.076625e-02 s level: 2 proc_id: 0 /HMC/ptbc_update_tm/GAUGE:gauge_derivative
# : Time for update_gauge 1.009866e-02 s level: 2 proc_id: 0 /HMC/ptbc_update_tm/update_gauge
# : Time for gauge_derivative 2.081511e-02 s level: 2 proc_id: 0 /HMC/ptbc_update_tm/GAUGE:gauge_derivative
# : Time for update_gauge 1.032699e-02 s level: 2 proc_id: 0 /HMC/ptbc_update_tm/update_gauge
# : Time for gauge_derivative 2.082342e-02 s level: 2 proc_id: 0 /HMC/ptbc_update_tm/GAUGE:gauge_derivative
# : Time for gauge_derivative 2.065321e-02 s level: 2 proc_id: 0 /HMC/ptbc_update_tm/GAUGE:gauge_derivative
# : Time for update_gauge 1.019659e-02 s level: 2 proc_id: 0 /HMC/ptbc_update_tm/update_gauge
# : Time for gauge_derivative 2.065001e-02 s level: 2 proc_id: 0 /HMC/ptbc_update_tm/GAUGE:gauge_derivative
# : Time for update_gauge 1.030948e-02 s level: 2 proc_id: 0 /HMC/ptbc_update_tm/update_gauge
# : Time for gauge_derivative 2.066391e-02 s level: 2 proc_id: 0 /HMC/ptbc_update_tm/GAUGE:gauge_derivative
# : Time for gauge_derivative 2.066571e-02 s level: 2 proc_id: 0 /HMC/ptbc_update_tm/GAUGE:gauge_derivative
# : Time for update_gauge 1.014299e-02 s level: 2 proc_id: 0 /HMC/ptbc_update_tm/update_gauge
# : Time for gauge_derivative 2.086637e-02 s level: 2 proc_id: 0 /HMC/ptbc_update_tm/GAUGE:gauge_derivative
# : Time for update_gauge 1.032619e-02 s level: 2 proc_id: 0 /HMC/ptbc_update_tm/update_gauge
# : Time for gauge_derivative 2.071295e-02 s level: 2 proc_id: 0 /HMC/ptbc_update_tm/GAUGE:gauge_derivative
# : Time for gauge_derivative 2.085408e-02 s level: 2 proc_id: 0 /HMC/ptbc_update_tm/GAUGE:gauge_derivative
# : Time for update_gauge 1.018608e-02 s level: 2 proc_id: 0 /HMC/ptbc_update_tm/update_gauge
# : Time for gauge_derivative 2.068760e-02 s level: 2 proc_id: 0 /HMC/ptbc_update_tm/GAUGE:gauge_derivative
# : Time for update_gauge 1.030168e-02 s level: 2 proc_id: 0 /HMC/ptbc_update_tm/update_gauge
# : Time for gauge_derivative 2.084295e-02 s level: 2 proc_id: 0 /HMC/ptbc_update_tm/GAUGE:gauge_derivative
# : Time for gauge_derivative 2.074536e-02 s level: 2 proc_id: 0 /HMC/ptbc_update_tm/GAUGE:gauge_derivative
# : Time for update_gauge 1.014118e-02 s level: 2 proc_id: 0 /HMC/ptbc_update_tm/update_gauge
# : Time for gauge_derivative 2.295437e-02 s level: 2 proc_id: 0 /HMC/ptbc_update_tm/GAUGE:gauge_derivative
# : Time for update_gauge 1.040020e-02 s level: 2 proc_id: 0 /HMC/ptbc_update_tm/update_gauge
# : Time for gauge_derivative 2.073005e-02 s level: 2 proc_id: 0 /HMC/ptbc_update_tm/GAUGE:gauge_derivative
# : Time for gauge_derivative 2.080034e-02 s level: 2 proc_id: 0 /HMC/ptbc_update_tm/GAUGE:gauge_derivative
# : Time for update_gauge 1.021460e-02 s level: 2 proc_id: 0 /HMC/ptbc_update_tm/update_gauge
# : Time for gauge_derivative 2.087348e-02 s level: 2 proc_id: 0 /HMC/ptbc_update_tm/GAUGE:gauge_derivative
# : Time for update_gauge 1.157867e-02 s level: 2 proc_id: 0 /HMC/ptbc_update_tm/update_gauge
# : Time for gauge_derivative 2.077804e-02 s level: 2 proc_id: 0 /HMC/ptbc_update_tm/GAUGE:gauge_derivative
# : Time for gauge_derivative 2.074399e-02 s level: 2 proc_id: 0 /HMC/ptbc_update_tm/GAUGE:gauge_derivative
# : Time for update_gauge 1.011837e-02 s level: 2 proc_id: 0 /HMC/ptbc_update_tm/update_gauge
# : Time for gauge_derivative 2.065712e-02 s level: 2 proc_id: 0 /HMC/ptbc_update_tm/GAUGE:gauge_derivative
# : Time for update_gauge 1.029212e-02 s level: 2 proc_id: 0 /HMC/ptbc_update_tm/update_gauge
# : Time for gauge_derivative 2.069186e-02 s level: 2 proc_id: 0 /HMC/ptbc_update_tm/GAUGE:gauge_derivative
# : Time for gauge_derivative 2.083333e-02 s level: 2 proc_id: 0 /HMC/ptbc_update_tm/GAUGE:gauge_derivative
# : Time for update_gauge 1.014622e-02 s level: 2 proc_id: 0 /HMC/ptbc_update_tm/update_gauge
# : Time for gauge_derivative 2.064834e-02 s level: 2 proc_id: 0 /HMC/ptbc_update_tm/GAUGE:gauge_derivative
# : Time for update_gauge 1.028558e-02 s level: 2 proc_id: 0 /HMC/ptbc_update_tm/update_gauge
# : Time for gauge_derivative 2.080309e-02 s level: 2 proc_id: 0 /HMC/ptbc_update_tm/GAUGE:gauge_derivative
# : Time for gauge_derivative 2.081072e-02 s level: 2 proc_id: 0 /HMC/ptbc_update_tm/GAUGE:gauge_derivative
# : Time for update_gauge 1.013214e-02 s level: 2 proc_id: 0 /HMC/ptbc_update_tm/update_gauge
# : Time for gauge_derivative 2.078569e-02 s level: 2 proc_id: 0 /HMC/ptbc_update_tm/GAUGE:gauge_derivative
# : Time for update_gauge 1.038002e-02 s level: 2 proc_id: 0 /HMC/ptbc_update_tm/update_gauge
# : Time for gauge_derivative 2.080215e-02 s level: 2 proc_id: 0 /HMC/ptbc_update_tm/GAUGE:gauge_derivative
# : Time for gauge_derivative 2.081042e-02 s level: 2 proc_id: 0 /HMC/ptbc_update_tm/GAUGE:gauge_derivative
# : Time for update_gauge 1.010770e-02 s level: 2 proc_id: 0 /HMC/ptbc_update_tm/update_gauge
# : Time for gauge_derivative 2.091260e-02 s level: 2 proc_id: 0 /HMC/ptbc_update_tm/GAUGE:gauge_derivative
# : Time for gauge_acc 5.082209e-03 s level: 2 proc_id: 0 /HMC/ptbc_update_tm/GAUGE:gauge_acc
# Trajectory is accepted.
# inst2: Time for ptbc_update_tm 2.519998e+00 s level: 1 proc_id: 0 /HMC/ptbc_update_tm
# inst2: Time for ptbc_swap_dh 1.048946e-02 s level: 2 proc_id: 0 /HMC/ptbc_swap/ptbc_swap_dh
# inst2: Time for ptbc_swap_dh 1.010624e-02 s level: 2 proc_id: 0 /HMC/ptbc_swap/ptbc_swap_dh
[swap_link] inst 2 <-> 3: own_diff=5.278319e+00 partner_diff=1.085081e+00 total_diff=6.363400e+00 expmdh=1.723496e-03 random number=9.053378e-01 accept=0
# inst2: Time for ptbc_swap 3.167976e-02 s level: 1 proc_id: 0 /HMC/ptbc_swap

I am step 4 instance 2 rank 3 
# Writing gauge field to .conf.t00004.tmp.
# Constructing LEMON writer for file .conf.t00004.tmp for append = 0
# Time spent writing 2.36 Mb was 80.3 ms.
# Writing speed: 29.4 Mb/s (29.4 Mb/s per MPI process).
# Scidac checksums for gaugefield .conf.t00004.tmp:
#   Calculated            : A = 0x0e9c15dd B = 0x3265e6f0.
# Write completed, verifying write...
# Constructing LEMON reader for file .conf.t00004.tmp ...
# Time spent reading 2.36 Mb was 485 us.
# Reading speed: 4.86 Gb/s (4.86 Gb/s per MPI process).
# Scidac checksums for gaugefield .conf.t00004.tmp:
#   Calculated            : A = 0x0e9c15dd B = 0x3265e6f0.
#   Read from LIME headers: A = 0x0e9c15dd B = 0x3265e6f0.
# Reading ildg-format record:
#   Precision = 64 bits (double).
#   Lattice size: LX = 8, LY = 8, LZ = 8, LT = 8.
# Input parameters:
#   Precision = 64 bits (double).
#   Lattice size: LX = 8, LY = 8, LZ = 8, LT = 8.
# Write successfully verified.
# Renaming .conf.t00004.tmp to conf.save.
#
# Starting trajectory no 5
# : Time for gauge_heatbath 5.117340e-03 s level: 2 proc_id: 0 /HMC/ptbc_update_tm/GAUGE:gauge_heatbath
# : Time for gauge_derivative 2.078681e-02 s level: 2 proc_id: 0 /HMC/ptbc_update_tm/GAUGE:gauge_derivative
# : Time for update_gauge 1.054117e-02 s level: 2 proc_id: 0 /HMC/ptbc_update_tm/update_gauge
# : Time for gauge_derivative 2.078891e-02 s level: 2 proc_id: 0 /HMC/ptbc_update_tm/GAUGE:gauge_derivative
# : Time for gauge_derivative 2.073977e-02 s level: 2 proc_id: 0 /HMC/ptbc_update_tm/GAUGE:gauge_derivative
# : Time for update_gauge 1.013380e-02 s level: 2 proc_id: 0 /HMC/ptbc_update_tm/update_gauge
# : Time for gauge_derivative 2.073676e-02 s level: 2 proc_id: 0 /HMC/ptbc_update_tm/GAUGE:gauge_derivative
# : Time for update_gauge 1.032857e-02 s level: 2 proc_id: 0 /HMC/ptbc_update_tm/update_gauge
# : Time for gauge_derivative 2.073891e-02 s level: 2 proc_id: 0 /HMC/ptbc_update_tm/GAUGE:gauge_derivative
# : Time for gauge_derivative 2.075417e-02 s level: 2 proc_id: 0 /HMC/ptbc_update_tm/GAUGE:gauge_derivative
# : Time for update_gauge 1.019689e-02 s level: 2 proc_id: 0 /HMC/ptbc_update_tm/update_gauge
# : Time for gauge_derivative 2.066218e-02 s level: 2 proc_id: 0 /HMC/ptbc_update_tm/GAUGE:gauge_derivative
# : Time for update_gauge 1.029858e-02 s level: 2 proc_id: 0 /HMC/ptbc_update_tm/update_gauge
# : Time for gauge_derivative 2.085713e-02 s level: 2 proc_id: 0 /HMC/ptbc_update_tm/GAUGE:gauge_derivative
# : Time for gauge_derivative 2.078162e-02 s level: 2 proc_id: 0 /HMC/ptbc_update_tm/GAUGE:gauge_derivative
# : Time for update_gauge 1.027733e-02 s level: 2 proc_id: 0 /HMC/ptbc_update_tm/update_gauge
# : Time for gauge_derivative 2.074073e-02 s level: 2 proc_id: 0 /HMC/ptbc_update_tm/GAUGE:gauge_derivative
# : Time for update_gauge 1.029710e-02 s level: 2 proc_id: 0 /HMC/ptbc_update_tm/update_gauge
# : Time for gauge_derivative 2.073742e-02 s level: 2 proc_id: 0 /HMC/ptbc_update_tm/GAUGE:gauge_derivative
# : Time for gauge_derivative 2.067840e-02 s level: 2 proc_id: 0 /HMC/ptbc_update_tm/GAUGE:gauge_derivative
# : Time for update_gauge 1.011026e-02 s level: 2 proc_id: 0 /HMC/ptbc_update_tm/update_gauge
# : Time for gauge_derivative 2.077887e-02 s level: 2 proc_id: 0 /HMC/ptbc_update_tm/GAUGE:gauge_derivative
# : Time for update_gauge 1.034015e-02 s level: 2 proc_id: 0 /HMC/ptbc_update_tm/update_gauge
# : Time for gauge_derivative 2.080982e-02 s level: 2 proc_id: 0 /HMC/ptbc_update_tm/GAUGE:gauge_derivative
# : Time for gauge_derivative 2.076572e-02 s level: 2 proc_id: 0 /HMC/ptbc_update_tm/GAUGE:gauge_derivative
# : Time for update_gauge 1.017656e-02 s level: 2 proc_id: 0 /HMC/ptbc_update_tm/update_gauge
# : Time for gauge_derivative 2.063689e-02 s level: 2 proc_id: 0 /HMC/ptbc_update_tm/GAUGE:gauge_derivative
# : Time for update_gauge 1.025774e-02 s level: 2 proc_id: 0 /HMC/ptbc_update_tm/update_gauge
# : Time for gauge_derivative 2.065798e-02 s level: 2 proc_id: 0 /HMC/ptbc_update_tm/GAUGE:gauge_derivative
# : Time for gauge_derivative 2.066146e-02 s level: 2 proc_id: 0 /HMC/ptbc_update_tm/GAUGE:gauge_derivative
# : Time for update_gauge 1.028292e-02 s level: 2 proc_id: 0 /HMC/ptbc_update_tm/update_gauge
# : Time for gauge_derivative 2.068958e-02 s level: 2 proc_id: 0 /HMC/ptbc_update_tm/GAUGE:gauge_derivative
# : Time for update_gauge 1.031902e-02 s level: 2 proc_id: 0 /HMC/ptbc_update_tm/update_gauge
# : Time for gauge_derivative 2.066821e-02 s level: 2 proc_id: 0 /HMC/ptbc_update_tm/GAUGE:gauge_derivative
# : Time for gauge_derivative 2.070254e-02 s level: 2 proc_id: 0 /HMC/ptbc_update_tm/GAUGE:gauge_derivative
# : Time for update_gauge 1.024450e-02 s level: 2 proc_id: 0 /HMC/ptbc_update_tm/update_gauge
# : Time for gauge_derivative 2.060974e-02 s level: 2 proc_id: 0 /HMC/ptbc_update_tm/GAUGE:gauge_derivative
# : Time for update_gauge 1.029603e-02 s level: 2 proc_id: 0 /HMC/ptbc_update_tm/update_gauge
# : Time for gauge_derivative 2.073167e-02 s level: 2 proc_id: 0 /HMC/ptbc_update_tm/GAUGE:gauge_derivative
# : Time for gauge_derivative 2.074951e-02 s level: 2 proc_id: 0 /HMC/ptbc_update_tm/GAUGE:gauge_derivative
# : Time for update_gauge 1.025306e-02 s level: 2 proc_id: 0 /HMC/ptbc_update_tm/update_gauge
# : Time for gauge_derivative 2.083893e-02 s level: 2 proc_id: 0 /HMC/ptbc_update_tm/GAUGE:gauge_derivative
# : Time for update_gauge 1.033323e-02 s level: 2 proc_id: 0 /HMC/ptbc_update_tm/update_gauge
# : Time for gauge_derivative 2.077151e-02 s level: 2 proc_id: 0 /HMC/ptbc_update_tm/GAUGE:gauge_derivative
# : Time for gauge_derivative 2.064402e-02 s level: 2 proc_id: 0 /HMC/ptbc_update_tm/GAUGE:gauge_derivative
# : Time for update_gauge 1.016465e-02 s level: 2 proc_id: 0 /HMC/ptbc_update_tm/update_gauge
# : Time for gauge_derivative 2.084828e-02 s level: 2 proc_id: 0 /HMC/ptbc_update_tm/GAUGE:gauge_derivative
# : Time for update_gauge 1.037515e-02 s level: 2 proc_id: 0 /HMC/ptbc_update_tm/update_gauge
# : Time for gauge_derivative 2.081967e-02 s level: 2 proc_id: 0 /HMC/ptbc_update_tm/GAUGE:gauge_derivative
# : Time for gauge_derivative 2.076132e-02 s level: 2 proc_id: 0 /HMC/ptbc_update_tm/GAUGE:gauge_derivative
# : Time for update_gauge 1.015834e-02 s level: 2 proc_id: 0 /HMC/ptbc_update_tm/update_gauge
# : Time for gauge_derivative 2.067658e-02 s level: 2 proc_id: 0 /HMC/ptbc_update_tm/GAUGE:gauge_derivative
# : Time for update_gauge 1.033296e-02 s level: 2 proc_id: 0 /HMC/ptbc_update_tm/update_gauge
# : Time for gauge_derivative 2.089619e-02 s level: 2 proc_id: 0 /HMC/ptbc_update_tm/GAUGE:gauge_derivative
# : Time for gauge_derivative 2.075721e-02 s level: 2 proc_id: 0 /HMC/ptbc_update_tm/GAUGE:gauge_derivative
# : Time for update_gauge 1.015864e-02 s level: 2 proc_id: 0 /HMC/ptbc_update_tm/update_gauge
# : Time for gauge_derivative 2.076809e-02 s level: 2 proc_id: 0 /HMC/ptbc_update_tm/GAUGE:gauge_derivative
# : Time for update_gauge 1.032471e-02 s level: 2 proc_id: 0 /HMC/ptbc_update_tm/update_gauge
# : Time for gauge_derivative 2.079794e-02 s level: 2 proc_id: 0 /HMC/ptbc_update_tm/GAUGE:gauge_derivative
# : Time for gauge_derivative 2.069568e-02 s level: 2 proc_id: 0 /HMC/ptbc_update_tm/GAUGE:gauge_derivative
# : Time for update_gauge 1.017501e-02 s level: 2 proc_id: 0 /HMC/ptbc_update_tm/update_gauge
# : Time for gauge_derivative 2.083959e-02 s level: 2 proc_id: 0 /HMC/ptbc_update_tm/GAUGE:gauge_derivative
# : Time for update_gauge 1.031813e-02 s level: 2 proc_id: 0 /HMC/ptbc_update_tm/update_gauge
# : Time for gauge_derivative 2.080418e-02 s level: 2 proc_id: 0 /HMC/ptbc_update_tm/GAUGE:gauge_derivative
# : Time for gauge_derivative 2.081294e-02 s level: 2 proc_id: 0 /HMC/ptbc_update_tm/GAUGE:gauge_derivative
# : Time for update_gauge 1.019034e-02 s level: 2 proc_id: 0 /HMC/ptbc_update_tm/update_gauge
# : Time for gauge_derivative 2.069273e-02 s level: 2 proc_id: 0 /HMC/ptbc_update_tm/GAUGE:gauge_derivative
# : Time for update_gauge 1.041499e-02 s level: 2 proc_id: 0 /HMC/ptbc_update_tm/update_gauge
# : Time for gauge_derivative 2.072346e-02 s level: 2 proc_id: 0 /HMC/ptbc_update_tm/GAUGE:gauge_derivative
# : Time for gauge_derivative 2.076833e-02 s level: 2 proc_id: 0 /HMC/ptbc_update_tm/GAUGE:gauge_derivative
# : Time for update_gauge 1.027589e-02 s level: 2 proc_id: 0 /HMC/ptbc_update_tm/update_gauge
# : Time for gauge_derivative 2.067374e-02 s level: 2 proc_id: 0 /HMC/ptbc_update_tm/GAUGE:gauge_derivative
# : Time for update_gauge 1.030089e-02 s level: 2 proc_id: 0 /HMC/ptbc_update_tm/update_gauge
# : Time for gauge_derivative 2.070141e-02 s level: 2 proc_id: 0 /HMC/ptbc_update_tm/GAUGE:gauge_derivative
# : Time for gauge_derivative 2.072219e-02 s level: 2 proc_id: 0 /HMC/ptbc_update_tm/GAUGE:gauge_derivative
# : Time for update_gauge 1.017926e-02 s level: 2 proc_id: 0 /HMC/ptbc_update_tm/update_gauge
# : Time for gauge_derivative 2.118052e-02 s level: 2 proc_id: 0 /HMC/ptbc_update_tm/GAUGE:gauge_derivative
# : Time for update_gauge 1.031328e-02 s level: 2 proc_id: 0 /HMC/ptbc_update_tm/update_gauge
# : Time for gauge_derivative 2.080103e-02 s level: 2 proc_id: 0 /HMC/ptbc_update_tm/GAUGE:gauge_derivative
# : Time for gauge_derivative 2.071625e-02 s level: 2 proc_id: 0 /HMC/ptbc_update_tm/GAUGE:gauge_derivative
# : Time for update_gauge 1.027537e-02 s level: 2 proc_id: 0 /HMC/ptbc_update_tm/update_gauge
# : Time for gauge_derivative 2.065803e-02 s level: 2 proc_id: 0 /HMC/ptbc_update_tm/GAUGE:gauge_derivative
# : Time for update_gauge 1.047973e-02 s level: 2 proc_id: 0 /HMC/ptbc_update_tm/update_gauge
# : Time for gauge_derivative 2.077902e-02 s level: 2 proc_id: 0 /HMC/ptbc_update_tm/GAUGE:gauge_derivative
# : Time for gauge_derivative 2.073905e-02 s level: 2 proc_id: 0 /HMC/ptbc_update_tm/GAUGE:gauge_derivative
# : Time for update_gauge 1.025171e-02 s level: 2 proc_id: 0 /HMC/ptbc_update_tm/update_gauge
# : Time for gauge_derivative 2.066516e-02 s level: 2 proc_id: 0 /HMC/ptbc_update_tm/GAUGE:gauge_derivative
# : Time for update_gauge 1.034599e-02 s level: 2 proc_id: 0 /HMC/ptbc_update_tm/update_gauge
# : Time for gauge_derivative 2.073306e-02 s level: 2 proc_id: 0 /HMC/ptbc_update_tm/GAUGE:gauge_derivative
# : Time for gauge_derivative 2.075877e-02 s level: 2 proc_id: 0 /HMC/ptbc_update_tm/GAUGE:gauge_derivative
# : Time for update_gauge 1.017333e-02 s level: 2 proc_id: 0 /HMC/ptbc_update_tm/update_gauge
# : Time for gauge_derivative 2.082110e-02 s level: 2 proc_id: 0 /HMC/ptbc_update_tm/GAUGE:gauge_derivative
# : Time for update_gauge 1.033708e-02 s level: 2 proc_id: 0 /HMC/ptbc_update_tm/update_gauge
# : Time for gauge_derivative 2.082320e-02 s level: 2 proc_id: 0 /HMC/ptbc_update_tm/GAUGE:gauge_derivative
# : Time for gauge_derivative 2.077997e-02 s level: 2 proc_id: 0 /HMC/ptbc_update_tm/GAUGE:gauge_derivative
# : Time for update_gauge 1.029987e-02 s level: 2 proc_id: 0 /HMC/ptbc_update_tm/update_gauge
# : Time for gauge_derivative 2.065790e-02 s level: 2 proc_id: 0 /HMC/ptbc_update_tm/GAUGE:gauge_derivative
# : Time for update_gauge 1.032536e-02 s level: 2 proc_id: 0 /HMC/ptbc_update_tm/update_gauge
# : Time for gauge_derivative 2.066894e-02 s level: 2 proc_id: 0 /HMC/ptbc_update_tm/GAUGE:gauge_derivative
# : Time for gauge_derivative 2.067072e-02 s level: 2 proc_id: 0 /HMC/ptbc_update_tm/GAUGE:gauge_derivative
# : Time for update_gauge 1.025608e-02 s level: 2 proc_id: 0 /HMC/ptbc_update_tm/update_gauge
# : Time for gauge_derivative 2.072274e-02 s level: 2 proc_id: 0 /HMC/ptbc_update_tm/GAUGE:gauge_derivative
# : Time for update_gauge 1.034303e-02 s level: 2 proc_id: 0 /HMC/ptbc_update_tm/update_gauge
# : Time for gauge_derivative 2.073466e-02 s level: 2 proc_id: 0 /HMC/ptbc_update_tm/GAUGE:gauge_derivative
# : Time for gauge_derivative 2.078786e-02 s level: 2 proc_id: 0 /HMC/ptbc_update_tm/GAUGE:gauge_derivative
# : Time for update_gauge 1.012877e-02 s level: 2 proc_id: 0 /HMC/ptbc_update_tm/update_gauge
# : Time for gauge_derivative 2.086128e-02 s level: 2 proc_id: 0 /HMC/ptbc_update_tm/GAUGE:gauge_derivative
# : Time for update_gauge 1.037270e-02 s level: 2 proc_id: 0 /HMC/ptbc_update_tm/update_gauge
# : Time for gauge_derivative 2.069448e-02 s level: 2 proc_id: 0 /HMC/ptbc_update_tm/GAUGE:gauge_derivative
# : Time for gauge_derivative 2.074387e-02 s level: 2 proc_id: 0 /HMC/ptbc_update_tm/GAUGE:gauge_derivative
# : Time for update_gauge 1.012090e-02 s level: 2 proc_id: 0 /HMC/ptbc_update_tm/update_gauge
# : Time for gauge_derivative 2.078229e-02 s level: 2 proc_id: 0 /HMC/ptbc_update_tm/GAUGE:gauge_derivative
# : Time for update_gauge 1.032589e-02 s level: 2 proc_id: 0 /HMC/ptbc_update_tm/update_gauge
# : Time for gauge_derivative 2.074708e-02 s level: 2 proc_id: 0 /HMC/ptbc_update_tm/GAUGE:gauge_derivative
# : Time for gauge_derivative 2.088890e-02 s level: 2 proc_id: 0 /HMC/ptbc_update_tm/GAUGE:gauge_derivative
# : Time for update_gauge 1.015716e-02 s level: 2 proc_id: 0 /HMC/ptbc_update_tm/update_gauge
# : Time for gauge_derivative 2.083379e-02 s level: 2 proc_id: 0 /HMC/ptbc_update_tm/GAUGE:gauge_derivative
# : Time for update_gauge 1.030382e-02 s level: 2 proc_id: 0 /HMC/ptbc_update_tm/update_gauge
# : Time for gauge_derivative 2.087119e-02 s level: 2 proc_id: 0 /HMC/ptbc_update_tm/GAUGE:gauge_derivative
# : Time for gauge_derivative 2.080065e-02 s level: 2 proc_id: 0 /HMC/ptbc_update_tm/GAUGE:gauge_derivative
# : Time for update_gauge 1.015281e-02 s level: 2 proc_id: 0 /HMC/ptbc_update_tm/update_gauge
# : Time for gauge_derivative 2.070876e-02 s level: 2 proc_id: 0 /HMC/ptbc_update_tm/GAUGE:gauge_derivative
# : Time for gauge_acc 5.087180e-03 s level: 2 proc_id: 0 /HMC/ptbc_update_tm/GAUGE:gauge_acc
# Trajectory is accepted.
# inst2: Time for ptbc_update_tm 2.898174e+00 s level: 1 proc_id: 0 /HMC/ptbc_update_tm
# inst2: Time for ptbc_swap_dh 1.028377e-02 s level: 2 proc_id: 0 /HMC/ptbc_swap/ptbc_swap_dh
# inst2: Time for ptbc_swap_dh 1.011062e-02 s level: 2 proc_id: 0 /HMC/ptbc_swap/ptbc_swap_dh
[swap_link] inst 2 <-> 3: own_diff=7.732365e+00 partner_diff=-1.629021e-01 total_diff=7.569463e+00 expmdh=5.159696e-04 random number=4.917485e-01 accept=0
# inst2: Time for ptbc_swap 3.776273e-02 s level: 1 proc_id: 0 /HMC/ptbc_swap

I am step 5 instance 2 rank 3 
# Writing gauge field to .conf.t00005.tmp.
# Constructing LEMON writer for file .conf.t00005.tmp for append = 0
# Time spent writing 2.36 Mb was 69.7 ms.
# Writing speed: 33.9 Mb/s (33.9 Mb/s per MPI process).
# Scidac checksums for gaugefield .conf.t00005.tmp:
#   Calculated            : A = 0x3b741fa0 B = 0x9676c6ea.
# Write completed, verifying write...
# Constructing LEMON reader for file .conf.t00005.tmp ...
# Time spent reading 2.36 Mb was 462 us.
# Reading speed: 5.10 Gb/s (5.10 Gb/s per MPI process).
# Scidac checksums for gaugefield .conf.t00005.tmp:
#   Calculated            : A = 0x3b741fa0 B = 0x9676c6ea.
#   Read from LIME headers: A = 0x3b741fa0 B = 0x9676c6ea.
# Reading ildg-format record:
#   Precision = 64 bits (double).
#   Lattice size: LX = 8, LY = 8, LZ = 8, LT = 8.
# Input parameters:
#   Precision = 64 bits (double).
#   Lattice size: LX = 8, LY = 8, LZ = 8, LT = 8.
# Write successfully verified.
# Renaming .conf.t00005.tmp to conf.save.
#
# Starting trajectory no 6
# : Time for gauge_heatbath 5.110929e-03 s level: 2 proc_id: 0 /HMC/ptbc_update_tm/GAUGE:gauge_heatbath
# : Time for gauge_derivative 2.085593e-02 s level: 2 proc_id: 0 /HMC/ptbc_update_tm/GAUGE:gauge_derivative
# : Time for update_gauge 1.073604e-02 s level: 2 proc_id: 0 /HMC/ptbc_update_tm/update_gauge
# : Time for gauge_derivative 2.066981e-02 s level: 2 proc_id: 0 /HMC/ptbc_update_tm/GAUGE:gauge_derivative
# : Time for gauge_derivative 2.073826e-02 s level: 2 proc_id: 0 /HMC/ptbc_update_tm/GAUGE:gauge_derivative
# : Time for update_gauge 1.020100e-02 s level: 2 proc_id: 0 /HMC/ptbc_update_tm/update_gauge
# : Time for gauge_derivative 2.061793e-02 s level: 2 proc_id: 0 /HMC/ptbc_update_tm/GAUGE:gauge_derivative
# : Time for update_gauge 1.032574e-02 s level: 2 proc_id: 0 /HMC/ptbc_update_tm/update_gauge
# : Time for gauge_derivative 2.079225e-02 s level: 2 proc_id: 0 /HMC/ptbc_update_tm/GAUGE:gauge_derivative
# : Time for gauge_derivative 2.071392e-02 s level: 2 proc_id: 0 /HMC/ptbc_update_tm/GAUGE:gauge_derivative
# : Time for update_gauge 1.030137e-02 s level: 2 proc_id: 0 /HMC/ptbc_update_tm/update_gauge
# : Time for gauge_derivative 2.074415e-02 s level: 2 proc_id: 0 /HMC/ptbc_update_tm/GAUGE:gauge_derivative
# : Time for update_gauge 1.041825e-02 s level: 2 proc_id: 0 /HMC/ptbc_update_tm/update_gauge
# : Time for gauge_derivative 2.084690e-02 s level: 2 proc_id: 0 /HMC/ptbc_update_tm/GAUGE:gauge_derivative
# : Time for gauge_derivative 2.066429e-02 s level: 2 proc_id: 0 /HMC/ptbc_update_tm/GAUGE:gauge_derivative
# : Time for update_gauge 1.008314e-02 s level: 2 proc_id: 0 /HMC/ptbc_update_tm/update_gauge
# : Time for gauge_derivative 2.075524e-02 s level: 2 proc_id: 0 /HMC/ptbc_update_tm/GAUGE:gauge_derivative
# : Time for update_gauge 1.032935e-02 s level: 2 proc_id: 0 /HMC/ptbc_update_tm/update_gauge
# : Time for gauge_derivative 2.072104e-02 s level: 2 proc_id: 0 /HMC/ptbc_update_tm/GAUGE:gauge_derivative
# : Time for gauge_derivative 2.066139e-02 s level: 2 proc_id: 0 /HMC/ptbc_update_tm/GAUGE:gauge_derivative
# : Time for update_gauge 1.020147e-02 s level: 2 proc_id: 0 /HMC/ptbc_update_tm/update_gauge
# : Time for gauge_derivative 2.065089e-02 s level: 2 proc_id: 0 /HMC/ptbc_update_tm/GAUGE:gauge_derivative
# : Time for update_gauge 1.034478e-02 s level: 2 proc_id: 0 /HMC/ptbc_update_tm/update_gauge
# : Time for gauge_derivative 2.066835e-02 s level: 2 proc_id: 0 /HMC/ptbc_update_tm/GAUGE:gauge_derivative
# : Time for gauge_derivative 2.064076e-02 s level: 2 proc_id: 0 /HMC/ptbc_update_tm/GAUGE:gauge_derivative
# : Time for update_gauge 1.027757e-02 s level: 2 proc_id: 0 /HMC/ptbc_update_tm/update_gauge
# : Time for gauge_derivative 2.062051e-02 s level: 2 proc_id: 0 /HMC/ptbc_update_tm/GAUGE:gauge_derivative
# : Time for update_gauge 1.040288e-02 s level: 2 proc_id: 0 /HMC/ptbc_update_tm/update_gauge
# : Time for gauge_derivative 2.075720e-02 s level: 2 proc_id: 0 /HMC/ptbc_update_tm/GAUGE:gauge_derivative
# : Time for gauge_derivative 2.067306e-02 s level: 2 proc_id: 0 /HMC/ptbc_update_tm/GAUGE:gauge_derivative
# : Time for update_gauge 1.017367e-02 s level: 2 proc_id: 0 /HMC/ptbc_update_tm/update_gauge
# : Time for gauge_derivative 2.065750e-02 s level: 2 proc_id: 0 /HMC/ptbc_update_tm/GAUGE:gauge_derivative
# : Time for update_gauge 1.031936e-02 s level: 2 proc_id: 0 /HMC/ptbc_update_tm/update_gauge
# : Time for gauge_derivative 2.066220e-02 s level: 2 proc_id: 0 /HMC/ptbc_update_tm/GAUGE:gauge_derivative
# : Time for gauge_derivative 2.078225e-02 s level: 2 proc_id: 0 /HMC/ptbc_update_tm/GAUGE:gauge_derivative
# : Time for update_gauge 1.017473e-02 s level: 2 proc_id: 0 /HMC/ptbc_update_tm/update_gauge
# : Time for gauge_derivative 2.086094e-02 s level: 2 proc_id: 0 /HMC/ptbc_update_tm/GAUGE:gauge_derivative
# : Time for update_gauge 1.033202e-02 s level: 2 proc_id: 0 /HMC/ptbc_update_tm/update_gauge
# : Time for gauge_derivative 2.088960e-02 s level: 2 proc_id: 0 /HMC/ptbc_update_tm/GAUGE:gauge_derivative
# : Time for gauge_derivative 2.074669e-02 s level: 2 proc_id: 0 /HMC/ptbc_update_tm/GAUGE:gauge_derivative
# : Time for update_gauge 1.014147e-02 s level: 2 proc_id: 0 /HMC/ptbc_update_tm/update_gauge
# : Time for gauge_derivative 2.081985e-02 s level: 2 proc_id: 0 /HMC/ptbc_update_tm/GAUGE:gauge_derivative
# : Time for update_gauge 1.028754e-02 s level: 2 proc_id: 0 /HMC/ptbc_update_tm/update_gauge
# : Time for gauge_derivative 2.082837e-02 s level: 2 proc_id: 0 /HMC/ptbc_update_tm/GAUGE:gauge_derivative
# : Time for gauge_derivative 2.084111e-02 s level: 2 proc_id: 0 /HMC/ptbc_update_tm/GAUGE:gauge_derivative
# : Time for update_gauge 1.022838e-02 s level: 2 proc_id: 0 /HMC/ptbc_update_tm/update_gauge
# : Time for gauge_derivative 2.072452e-02 s level: 2 proc_id: 0 /HMC/ptbc_update_tm/GAUGE:gauge_derivative
# : Time for update_gauge 1.040005e-02 s level: 2 proc_id: 0 /HMC/ptbc_update_tm/update_gauge
# : Time for gauge_derivative 2.076730e-02 s level: 2 proc_id: 0 /HMC/ptbc_update_tm/GAUGE:gauge_derivative
# : Time for gauge_derivative 2.078305e-02 s level: 2 proc_id: 0 /HMC/ptbc_update_tm/GAUGE:gauge_derivative
# : Time for update_gauge 1.012174e-02 s level: 2 proc_id: 0 /HMC/ptbc_update_tm/update_gauge
# : Time for gauge_derivative 2.079563e-02 s level: 2 proc_id: 0 /HMC/ptbc_update_tm/GAUGE:gauge_derivative
# : Time for update_gauge 1.032448e-02 s level: 2 proc_id: 0 /HMC/ptbc_update_tm/update_gauge
# : Time for gauge_derivative 2.081994e-02 s level: 2 proc_id: 0 /HMC/ptbc_update_tm/GAUGE:gauge_derivative
# : Time for gauge_derivative 2.070546e-02 s level: 2 proc_id: 0 /HMC/ptbc_update_tm/GAUGE:gauge_derivative
# : Time for update_gauge 1.026157e-02 s level: 2 proc_id: 0 /HMC/ptbc_update_tm/update_gauge
# : Time for gauge_derivative 2.065539e-02 s level: 2 proc_id: 0 /HMC/ptbc_update_tm/GAUGE:gauge_derivative
# : Time for update_gauge 1.034036e-02 s level: 2 proc_id: 0 /HMC/ptbc_update_tm/update_gauge
# : Time for gauge_derivative 2.061709e-02 s level: 2 proc_id: 0 /HMC/ptbc_update_tm/GAUGE:gauge_derivative
# : Time for gauge_derivative 2.062482e-02 s level: 2 proc_id: 0 /HMC/ptbc_update_tm/GAUGE:gauge_derivative
# : Time for update_gauge 1.025459e-02 s level: 2 proc_id: 0 /HMC/ptbc_update_tm/update_gauge
# : Time for gauge_derivative 2.070941e-02 s level: 2 proc_id: 0 /HMC/ptbc_update_tm/GAUGE:gauge_derivative
# : Time for update_gauge 1.038800e-02 s level: 2 proc_id: 0 /HMC/ptbc_update_tm/update_gauge
# : Time for gauge_derivative 2.074667e-02 s level: 2 proc_id: 0 /HMC/ptbc_update_tm/GAUGE:gauge_derivative
# : Time for gauge_derivative 2.067067e-02 s level: 2 proc_id: 0 /HMC/ptbc_update_tm/GAUGE:gauge_derivative
# : Time for update_gauge 1.018860e-02 s level: 2 proc_id: 0 /HMC/ptbc_update_tm/update_gauge
# : Time for gauge_derivative 2.067258e-02 s level: 2 proc_id: 0 /HMC/ptbc_update_tm/GAUGE:gauge_derivative
# : Time for update_gauge 1.033206e-02 s level: 2 proc_id: 0 /HMC/ptbc_update_tm/update_gauge
# : Time for gauge_derivative 2.084119e-02 s level: 2 proc_id: 0 /HMC/ptbc_update_tm/GAUGE:gauge_derivative
# : Time for gauge_derivative 2.076587e-02 s level: 2 proc_id: 0 /HMC/ptbc_update_tm/GAUGE:gauge_derivative
# : Time for update_gauge 1.027327e-02 s level: 2 proc_id: 0 /HMC/ptbc_update_tm/update_gauge
# : Time for gauge_derivative 2.065062e-02 s level: 2 proc_id: 0 /HMC/ptbc_update_tm/GAUGE:gauge_derivative
# : Time for update_gauge 1.031116e-02 s level: 2 proc_id: 0 /HMC/ptbc_update_tm/update_gauge
# : Time for gauge_derivative 2.079059e-02 s level: 2 proc_id: 0 /HMC/ptbc_update_tm/GAUGE:gauge_derivative
# : Time for gauge_derivative 2.069223e-02 s level: 2 proc_id: 0 /HMC/ptbc_update_tm/GAUGE:gauge_derivative
# : Time for update_gauge 1.020291e-02 s level: 2 proc_id: 0 /HMC/ptbc_update_tm/update_gauge
# : Time for gauge_derivative 2.074017e-02 s level: 2 proc_id: 0 /HMC/ptbc_update_tm/GAUGE:gauge_derivative
# : Time for update_gauge 1.031973e-02 s level: 2 proc_id: 0 /HMC/ptbc_update_tm/update_gauge
# : Time for gauge_derivative 2.073807e-02 s level: 2 proc_id: 0 /HMC/ptbc_update_tm/GAUGE:gauge_derivative
# : Time for gauge_derivative 2.074228e-02 s level: 2 proc_id: 0 /HMC/ptbc_update_tm/GAUGE:gauge_derivative
# : Time for update_gauge 1.012797e-02 s level: 2 proc_id: 0 /HMC/ptbc_update_tm/update_gauge
# : Time for gauge_derivative 2.075754e-02 s level: 2 proc_id: 0 /HMC/ptbc_update_tm/GAUGE:gauge_derivative
# : Time for update_gauge 1.031225e-02 s level: 2 proc_id: 0 /HMC/ptbc_update_tm/update_gauge
# : Time for gauge_derivative 2.074032e-02 s level: 2 proc_id: 0 /HMC/ptbc_update_tm/GAUGE:gauge_derivative
# : Time for gauge_derivative 2.072894e-02 s level: 2 proc_id: 0 /HMC/ptbc_update_tm/GAUGE:gauge_derivative
# : Time for update_gauge 1.016670e-02 s level: 2 proc_id: 0 /HMC/ptbc_update_tm/update_gauge
# : Time for gauge_derivative 2.066218e-02 s level: 2 proc_id: 0 /HMC/ptbc_update_tm/GAUGE:gauge_derivative
# : Time for update_gauge 1.033325e-02 s level: 2 proc_id: 0 /HMC/ptbc_update_tm/update_gauge
# : Time for gauge_derivative 2.074930e-02 s level: 2 proc_id: 0 /HMC/ptbc_update_tm/GAUGE:gauge_derivative
# : Time for gauge_derivative 2.063947e-02 s level: 2 proc_id: 0 /HMC/ptbc_update_tm/GAUGE:gauge_derivative
# : Time for update_gauge 1.015903e-02 s level: 2 proc_id: 0 /HMC/ptbc_update_tm/update_gauge
# : Time for gauge_derivative 2.065808e-02 s level: 2 proc_id: 0 /HMC/ptbc_update_tm/GAUGE:gauge_derivative
# : Time for update_gauge 1.033017e-02 s level: 2 proc_id: 0 /HMC/ptbc_update_tm/update_gauge
# : Time for gauge_derivative 2.067496e-02 s level: 2 proc_id: 0 /HMC/ptbc_update_tm/GAUGE:gauge_derivative
# : Time for gauge_derivative 2.065770e-02 s level: 2 proc_id: 0 /HMC/ptbc_update_tm/GAUGE:gauge_derivative
# : Time for update_gauge 1.019209e-02 s level: 2 proc_id: 0 /HMC/ptbc_update_tm/update_gauge
# : Time for gauge_derivative 2.075260e-02 s level: 2 proc_id: 0 /HMC/ptbc_update_tm/GAUGE:gauge_derivative
# : Time for update_gauge 1.034092e-02 s level: 2 proc_id: 0 /HMC/ptbc_update_tm/update_gauge
# : Time for gauge_derivative 2.067422e-02 s level: 2 proc_id: 0 /HMC/ptbc_update_tm/GAUGE:gauge_derivative
# : Time for gauge_derivative 2.069137e-02 s level: 2 proc_id: 0 /HMC/ptbc_update_tm/GAUGE:gauge_derivative
# : Time for update_gauge 1.018407e-02 s level: 2 proc_id: 0 /HMC/ptbc_update_tm/update_gauge
# : Time for gauge_derivative 2.061302e-02 s level: 2 proc_id: 0 /HMC/ptbc_update_tm/GAUGE:gauge_derivative
# : Time for update_gauge 1.033731e-02 s level: 2 proc_id: 0 /HMC/ptbc_update_tm/update_gauge
# : Time for gauge_derivative 2.069120e-02 s level: 2 proc_id: 0 /HMC/ptbc_update_tm/GAUGE:gauge_derivative
# : Time for gauge_derivative 2.083332e-02 s level: 2 proc_id: 0 /HMC/ptbc_update_tm/GAUGE:gauge_derivative
# : Time for update_gauge 1.018240e-02 s level: 2 proc_id: 0 /HMC/ptbc_update_tm/update_gauge
# : Time for gauge_derivative 2.075840e-02 s level: 2 proc_id: 0 /HMC/ptbc_update_tm/GAUGE:gauge_derivative
# : Time for update_gauge 1.033114e-02 s level: 2 proc_id: 0 /HMC/ptbc_update_tm/update_gauge
# : Time for gauge_derivative 2.082907e-02 s level: 2 proc_id: 0 /HMC/ptbc_update_tm/GAUGE:gauge_derivative
# : Time for gauge_derivative 2.082464e-02 s level: 2 proc_id: 0 /HMC/ptbc_update_tm/GAUGE:gauge_derivative
# : Time for update_gauge 1.021027e-02 s level: 2 proc_id: 0 /HMC/ptbc_update_tm/update_gauge
# : Time for gauge_derivative 2.067306e-02 s level: 2 proc_id: 0 /HMC/ptbc_update_tm/GAUGE:gauge_derivative
# : Time for update_gauge 1.032262e-02 s level: 2 proc_id: 0 /HMC/ptbc_update_tm/update_gauge
# : Time for gauge_derivative 2.067394e-02 s level: 2 proc_id: 0 /HMC/ptbc_update_tm/GAUGE:gauge_derivative
# : Time for gauge_derivative 2.066260e-02 s level: 2 proc_id: 0 /HMC/ptbc_update_tm/GAUGE:gauge_derivative
# : Time for update_gauge 1.024693e-02 s level: 2 proc_id: 0 /HMC/ptbc_update_tm/update_gauge
# : Time for gauge_derivative 2.072485e-02 s level: 2 proc_id: 0 /HMC/ptbc_update_tm/GAUGE:gauge_derivative
# : Time for update_gauge 1.042976e-02 s level: 2 proc_id: 0 /HMC/ptbc_update_tm/update_gauge
# : Time for gauge_derivative 2.086370e-02 s level: 2 proc_id: 0 /HMC/ptbc_update_tm/GAUGE:gauge_derivative
# : Time for gauge_derivative 2.065220e-02 s level: 2 proc_id: 0 /HMC/ptbc_update_tm/GAUGE:gauge_derivative
# : Time for update_gauge 1.020251e-02 s level: 2 proc_id: 0 /HMC/ptbc_update_tm/update_gauge
# : Time for gauge_derivative 2.065277e-02 s level: 2 proc_id: 0 /HMC/ptbc_update_tm/GAUGE:gauge_derivative
# : Time for gauge_acc 5.076659e-03 s level: 2 proc_id: 0 /HMC/ptbc_update_tm/GAUGE:gauge_acc
# Trajectory is accepted.
# inst2: Time for ptbc_update_tm 2.486272e+00 s level: 1 proc_id: 0 /HMC/ptbc_update_tm
# inst2: Time for ptbc_swap_dh 1.029286e-02 s level: 2 proc_id: 0 /HMC/ptbc_swap/ptbc_swap_dh
[swap_link] inst 2 <-> 3: own_diff=3.535694e+00 partner_diff=1.810972e-01 total_diff=3.716792e+00 expmdh=2.431184e-02 random number=4.369877e-01 accept=0
# inst2: Time for ptbc_swap_dh 1.014876e-02 s level: 2 proc_id: 0 /HMC/ptbc_swap/ptbc_swap_dh
# inst2: Time for ptbc_swap 3.107717e-02 s level: 1 proc_id: 0 /HMC/ptbc_swap

I am step 6 instance 2 rank 3 
# Writing gauge field to .conf.t00006.tmp.
# Constructing LEMON writer for file .conf.t00006.tmp for append = 0
# Time spent writing 2.36 Mb was 107 ms.
# Writing speed: 22.1 Mb/s (22.1 Mb/s per MPI process).
# Scidac checksums for gaugefield .conf.t00006.tmp:
#   Calculated            : A = 0x669c7c84 B = 0xbb428404.
# Write completed, verifying write...
# Constructing LEMON reader for file .conf.t00006.tmp ...
# Time spent reading 2.36 Mb was 464 us.
# Reading speed: 5.08 Gb/s (5.08 Gb/s per MPI process).
# Scidac checksums for gaugefield .conf.t00006.tmp:
#   Calculated            : A = 0x669c7c84 B = 0xbb428404.
#   Read from LIME headers: A = 0x669c7c84 B = 0xbb428404.
# Reading ildg-format record:
#   Precision = 64 bits (double).
#   Lattice size: LX = 8, LY = 8, LZ = 8, LT = 8.
# Input parameters:
#   Precision = 64 bits (double).
#   Lattice size: LX = 8, LY = 8, LZ = 8, LT = 8.
# Write successfully verified.
# Renaming .conf.t00006.tmp to conf.save.
#
# Starting trajectory no 7
# : Time for gauge_heatbath 5.082559e-03 s level: 2 proc_id: 0 /HMC/ptbc_update_tm/GAUGE:gauge_heatbath
# : Time for gauge_derivative 2.060408e-02 s level: 2 proc_id: 0 /HMC/ptbc_update_tm/GAUGE:gauge_derivative
# : Time for update_gauge 1.057191e-02 s level: 2 proc_id: 0 /HMC/ptbc_update_tm/update_gauge
# : Time for gauge_derivative 2.081556e-02 s level: 2 proc_id: 0 /HMC/ptbc_update_tm/GAUGE:gauge_derivative
# : Time for gauge_derivative 2.075653e-02 s level: 2 proc_id: 0 /HMC/ptbc_update_tm/GAUGE:gauge_derivative
# : Time for update_gauge 1.022936e-02 s level: 2 proc_id: 0 /HMC/ptbc_update_tm/update_gauge
# : Time for gauge_derivative 2.068112e-02 s level: 2 proc_id: 0 /HMC/ptbc_update_tm/GAUGE:gauge_derivative
# : Time for update_gauge 1.035479e-02 s level: 2 proc_id: 0 /HMC/ptbc_update_tm/update_gauge
# : Time for gauge_derivative 2.079300e-02 s level: 2 proc_id: 0 /HMC/ptbc_update_tm/GAUGE:gauge_derivative
# : Time for gauge_derivative 2.084478e-02 s level: 2 proc_id: 0 /HMC/ptbc_update_tm/GAUGE:gauge_derivative
# : Time for update_gauge 1.014830e-02 s level: 2 proc_id: 0 /HMC/ptbc_update_tm/update_gauge
# : Time for gauge_derivative 2.075417e-02 s level: 2 proc_id: 0 /HMC/ptbc_update_tm/GAUGE:gauge_derivative
# : Time for update_gauge 1.036555e-02 s level: 2 proc_id: 0 /HMC/ptbc_update_tm/update_gauge
# : Time for gauge_derivative 2.081932e-02 s level: 2 proc_id: 0 /HMC/ptbc_update_tm/GAUGE:gauge_derivative
# : Time for gauge_derivative 2.067591e-02 s level: 2 proc_id: 0 /HMC/ptbc_update_tm/GAUGE:gauge_derivative
# : Time for update_gauge 1.007702e-02 s level: 2 proc_id: 0 /HMC/ptbc_update_tm/update_gauge
# : Time for gauge_derivative 2.079288e-02 s level: 2 proc_id: 0 /HMC/ptbc_update_tm/GAUGE:gauge_derivative
# : Time for update_gauge 1.034519e-02 s level: 2 proc_id: 0 /HMC/ptbc_update_tm/update_gauge
# : Time for gauge_derivative 2.079586e-02 s level: 2 proc_id: 0 /HMC/ptbc_update_tm/GAUGE:gauge_derivative
# : Time for gauge_derivative 2.071737e-02 s level: 2 proc_id: 0 /HMC/ptbc_update_tm/GAUGE:gauge_derivative
# : Time for update_gauge 1.010229e-02 s level: 2 proc_id: 0 /HMC/ptbc_update_tm/update_gauge
# : Time for gauge_derivative 2.074370e-02 s level: 2 proc_id: 0 /HMC/ptbc_update_tm/GAUGE:gauge_derivative
# : Time for update_gauge 1.033714e-02 s level: 2 proc_id: 0 /HMC/ptbc_update_tm/update_gauge
# : Time for gauge_derivative 2.079062e-02 s level: 2 proc_id: 0 /HMC/ptbc_update_tm/GAUGE:gauge_derivative
# : Time for gauge_derivative 2.078569e-02 s level: 2 proc_id: 0 /HMC/ptbc_update_tm/GAUGE:gauge_derivative
# : Time for update_gauge 1.018604e-02 s level: 2 proc_id: 0 /HMC/ptbc_update_tm/update_gauge
# : Time for gauge_derivative 2.068001e-02 s level: 2 proc_id: 0 /HMC/ptbc_update_tm/GAUGE:gauge_derivative
# : Time for update_gauge 1.030451e-02 s level: 2 proc_id: 0 /HMC/ptbc_update_tm/update_gauge
# : Time for gauge_derivative 2.066162e-02 s level: 2 proc_id: 0 /HMC/ptbc_update_tm/GAUGE:gauge_derivative
# : Time for gauge_derivative 2.074942e-02 s level: 2 proc_id: 0 /HMC/ptbc_update_tm/GAUGE:gauge_derivative
# : Time for update_gauge 1.013671e-02 s level: 2 proc_id: 0 /HMC/ptbc_update_tm/update_gauge
# : Time for gauge_derivative 2.061683e-02 s level: 2 proc_id: 0 /HMC/ptbc_update_tm/GAUGE:gauge_derivative
# : Time for update_gauge 1.030740e-02 s level: 2 proc_id: 0 /HMC/ptbc_update_tm/update_gauge
# : Time for gauge_derivative 2.077046e-02 s level: 2 proc_id: 0 /HMC/ptbc_update_tm/GAUGE:gauge_derivative
# : Time for gauge_derivative 2.078967e-02 s level: 2 proc_id: 0 /HMC/ptbc_update_tm/GAUGE:gauge_derivative
# : Time for update_gauge 1.012169e-02 s level: 2 proc_id: 0 /HMC/ptbc_update_tm/update_gauge
# : Time for gauge_derivative 2.077283e-02 s level: 2 proc_id: 0 /HMC/ptbc_update_tm/GAUGE:gauge_derivative
# : Time for update_gauge 1.030003e-02 s level: 2 proc_id: 0 /HMC/ptbc_update_tm/update_gauge
# : Time for gauge_derivative 2.073652e-02 s level: 2 proc_id: 0 /HMC/ptbc_update_tm/GAUGE:gauge_derivative
# : Time for gauge_derivative 2.079364e-02 s level: 2 proc_id: 0 /HMC/ptbc_update_tm/GAUGE:gauge_derivative
# : Time for update_gauge 1.024072e-02 s level: 2 proc_id: 0 /HMC/ptbc_update_tm/update_gauge
# : Time for gauge_derivative 2.076562e-02 s level: 2 proc_id: 0 /HMC/ptbc_update_tm/GAUGE:gauge_derivative
# : Time for update_gauge 1.037756e-02 s level: 2 proc_id: 0 /HMC/ptbc_update_tm/update_gauge
# : Time for gauge_derivative 2.077760e-02 s level: 2 proc_id: 0 /HMC/ptbc_update_tm/GAUGE:gauge_derivative
# : Time for gauge_derivative 2.065440e-02 s level: 2 proc_id: 0 /HMC/ptbc_update_tm/GAUGE:gauge_derivative
# : Time for update_gauge 1.021477e-02 s level: 2 proc_id: 0 /HMC/ptbc_update_tm/update_gauge
# : Time for gauge_derivative 2.060859e-02 s level: 2 proc_id: 0 /HMC/ptbc_update_tm/GAUGE:gauge_derivative
# : Time for update_gauge 1.033202e-02 s level: 2 proc_id: 0 /HMC/ptbc_update_tm/update_gauge
# : Time for gauge_derivative 2.065938e-02 s level: 2 proc_id: 0 /HMC/ptbc_update_tm/GAUGE:gauge_derivative
# : Time for gauge_derivative 2.072195e-02 s level: 2 proc_id: 0 /HMC/ptbc_update_tm/GAUGE:gauge_derivative
# : Time for update_gauge 1.016415e-02 s level: 2 proc_id: 0 /HMC/ptbc_update_tm/update_gauge
# : Time for gauge_derivative 2.069232e-02 s level: 2 proc_id: 0 /HMC/ptbc_update_tm/GAUGE:gauge_derivative
# : Time for update_gauge 1.034238e-02 s level: 2 proc_id: 0 /HMC/ptbc_update_tm/update_gauge
# : Time for gauge_derivative 2.075614e-02 s level: 2 proc_id: 0 /HMC/ptbc_update_tm/GAUGE:gauge_derivative
# : Time for gauge_derivative 2.082585e-02 s level: 2 proc_id: 0 /HMC/ptbc_update_tm/GAUGE:gauge_derivative
# : Time for update_gauge 1.021404e-02 s level: 2 proc_id: 0 /HMC/ptbc_update_tm/update_gauge
# : Time for gauge_derivative 2.088730e-02 s level: 2 proc_id: 0 /HMC/ptbc_update_tm/GAUGE:gauge_derivative
# : Time for update_gauge 1.031518e-02 s level: 2 proc_id: 0 /HMC/ptbc_update_tm/update_gauge
# : Time for gauge_derivative 2.068218e-02 s level: 2 proc_id: 0 /HMC/ptbc_update_tm/GAUGE:gauge_derivative
# : Time for gauge_derivative 2.067914e-02 s level: 2 proc_id: 0 /HMC/ptbc_update_tm/GAUGE:gauge_derivative
# : Time for update_gauge 1.034982e-02 s level: 2 proc_id: 0 /HMC/ptbc_update_tm/update_gauge
# : Time for gauge_derivative 2.065356e-02 s level: 2 proc_id: 0 /HMC/ptbc_update_tm/GAUGE:gauge_derivative
# : Time for update_gauge 1.030974e-02 s level: 2 proc_id: 0 /HMC/ptbc_update_tm/update_gauge
# : Time for gauge_derivative 2.069440e-02 s level: 2 proc_id: 0 /HMC/ptbc_update_tm/GAUGE:gauge_derivative
# : Time for gauge_derivative 2.078818e-02 s level: 2 proc_id: 0 /HMC/ptbc_update_tm/GAUGE:gauge_derivative
# : Time for update_gauge 1.015125e-02 s level: 2 proc_id: 0 /HMC/ptbc_update_tm/update_gauge
# : Time for gauge_derivative 2.071254e-02 s level: 2 proc_id: 0 /HMC/ptbc_update_tm/GAUGE:gauge_derivative
# : Time for update_gauge 1.030701e-02 s level: 2 proc_id: 0 /HMC/ptbc_update_tm/update_gauge
# : Time for gauge_derivative 2.080693e-02 s level: 2 proc_id: 0 /HMC/ptbc_update_tm/GAUGE:gauge_derivative
# : Time for gauge_derivative 2.076595e-02 s level: 2 proc_id: 0 /HMC/ptbc_update_tm/GAUGE:gauge_derivative
# : Time for update_gauge 1.029047e-02 s level: 2 proc_id: 0 /HMC/ptbc_update_tm/update_gauge
# : Time for gauge_derivative 2.063875e-02 s level: 2 proc_id: 0 /HMC/ptbc_update_tm/GAUGE:gauge_derivative
# : Time for update_gauge 1.029621e-02 s level: 2 proc_id: 0 /HMC/ptbc_update_tm/update_gauge
# : Time for gauge_derivative 2.065098e-02 s level: 2 proc_id: 0 /HMC/ptbc_update_tm/GAUGE:gauge_derivative
# : Time for gauge_derivative 2.063813e-02 s level: 2 proc_id: 0 /HMC/ptbc_update_tm/GAUGE:gauge_derivative
# : Time for update_gauge 1.019483e-02 s level: 2 proc_id: 0 /HMC/ptbc_update_tm/update_gauge
# : Time for gauge_derivative 2.073904e-02 s level: 2 proc_id: 0 /HMC/ptbc_update_tm/GAUGE:gauge_derivative
# : Time for update_gauge 1.036419e-02 s level: 2 proc_id: 0 /HMC/ptbc_update_tm/update_gauge
# : Time for gauge_derivative 2.071264e-02 s level: 2 proc_id: 0 /HMC/ptbc_update_tm/GAUGE:gauge_derivative
# : Time for gauge_derivative 2.069758e-02 s level: 2 proc_id: 0 /HMC/ptbc_update_tm/GAUGE:gauge_derivative
# : Time for update_gauge 1.014578e-02 s level: 2 proc_id: 0 /HMC/ptbc_update_tm/update_gauge
# : Time for gauge_derivative 2.073605e-02 s level: 2 proc_id: 0 /HMC/ptbc_update_tm/GAUGE:gauge_derivative
# : Time for update_gauge 1.030633e-02 s level: 2 proc_id: 0 /HMC/ptbc_update_tm/update_gauge
# : Time for gauge_derivative 2.079334e-02 s level: 2 proc_id: 0 /HMC/ptbc_update_tm/GAUGE:gauge_derivative
# : Time for gauge_derivative 2.081415e-02 s level: 2 proc_id: 0 /HMC/ptbc_update_tm/GAUGE:gauge_derivative
# : Time for update_gauge 1.014832e-02 s level: 2 proc_id: 0 /HMC/ptbc_update_tm/update_gauge
# : Time for gauge_derivative 2.066279e-02 s level: 2 proc_id: 0 /HMC/ptbc_update_tm/GAUGE:gauge_derivative
# : Time for update_gauge 1.043429e-02 s level: 2 proc_id: 0 /HMC/ptbc_update_tm/update_gauge
# : Time for gauge_derivative 2.069502e-02 s level: 2 proc_id: 0 /HMC/ptbc_update_tm/GAUGE:gauge_derivative
# : Time for gauge_derivative 2.062667e-02 s level: 2 proc_id: 0 /HMC/ptbc_update_tm/GAUGE:gauge_derivative
# : Time for update_gauge 1.022645e-02 s level: 2 proc_id: 0 /HMC/ptbc_update_tm/update_gauge
# : Time for gauge_derivative 2.067599e-02 s level: 2 proc_id: 0 /HMC/ptbc_update_tm/GAUGE:gauge_derivative
# : Time for update_gauge 1.044573e-02 s level: 2 proc_id: 0 /HMC/ptbc_update_tm/update_gauge
# : Time for gauge_derivative 2.066380e-02 s level: 2 proc_id: 0 /HMC/ptbc_update_tm/GAUGE:gauge_derivative
# : Time for gauge_derivative 2.068182e-02 s level: 2 proc_id: 0 /HMC/ptbc_update_tm/GAUGE:gauge_derivative
# : Time for update_gauge 1.017835e-02 s level: 2 proc_id: 0 /HMC/ptbc_update_tm/update_gauge
# : Time for gauge_derivative 2.070076e-02 s level: 2 proc_id: 0 /HMC/ptbc_update_tm/GAUGE:gauge_derivative
# : Time for update_gauge 1.039582e-02 s level: 2 proc_id: 0 /HMC/ptbc_update_tm/update_gauge
# : Time for gauge_derivative 2.080215e-02 s level: 2 proc_id: 0 /HMC/ptbc_update_tm/GAUGE:gauge_derivative
# : Time for gauge_derivative 2.080694e-02 s level: 2 proc_id: 0 /HMC/ptbc_update_tm/GAUGE:gauge_derivative
# : Time for update_gauge 1.013883e-02 s level: 2 proc_id: 0 /HMC/ptbc_update_tm/update_gauge
# : Time for gauge_derivative 2.084010e-02 s level: 2 proc_id: 0 /HMC/ptbc_update_tm/GAUGE:gauge_derivative
# : Time for update_gauge 1.030207e-02 s level: 2 proc_id: 0 /HMC/ptbc_update_tm/update_gauge
# : Time for gauge_derivative 2.087665e-02 s level: 2 proc_id: 0 /HMC/ptbc_update_tm/GAUGE:gauge_derivative
# : Time for gauge_derivative 2.081029e-02 s level: 2 proc_id: 0 /HMC/ptbc_update_tm/GAUGE:gauge_derivative
# : Time for update_gauge 1.022428e-02 s level: 2 proc_id: 0 /HMC/ptbc_update_tm/update_gauge
# : Time for gauge_derivative 2.063634e-02 s level: 2 proc_id: 0 /HMC/ptbc_update_tm/GAUGE:gauge_derivative
# : Time for update_gauge 1.027484e-02 s level: 2 proc_id: 0 /HMC/ptbc_update_tm/update_gauge
# : Time for gauge_derivative 2.063665e-02 s level: 2 proc_id: 0 /HMC/ptbc_update_tm/GAUGE:gauge_derivative
# : Time for gauge_derivative 2.065806e-02 s level: 2 proc_id: 0 /HMC/ptbc_update_tm/GAUGE:gauge_derivative
# : Time for update_gauge 1.018124e-02 s level: 2 proc_id: 0 /HMC/ptbc_update_tm/update_gauge
# : Time for gauge_derivative 2.067125e-02 s level: 2 proc_id: 0 /HMC/ptbc_update_tm/GAUGE:gauge_derivative
# : Time for update_gauge 1.029796e-02 s level: 2 proc_id: 0 /HMC/ptbc_update_tm/update_gauge
# : Time for gauge_derivative 2.070587e-02 s level: 2 proc_id: 0 /HMC/ptbc_update_tm/GAUGE:gauge_derivative
# : Time for gauge_derivative 2.079966e-02 s level: 2 proc_id: 0 /HMC/ptbc_update_tm/GAUGE:gauge_derivative
# : Time for update_gauge 1.016463e-02 s level: 2 proc_id: 0 /HMC/ptbc_update_tm/update_gauge
# : Time for gauge_derivative 2.077938e-02 s level: 2 proc_id: 0 /HMC/ptbc_update_tm/GAUGE:gauge_derivative
# : Time for update_gauge 1.028687e-02 s level: 2 proc_id: 0 /HMC/ptbc_update_tm/update_gauge
# : Time for gauge_derivative 2.087166e-02 s level: 2 proc_id: 0 /HMC/ptbc_update_tm/GAUGE:gauge_derivative
# : Time for gauge_derivative 2.085271e-02 s level: 2 proc_id: 0 /HMC/ptbc_update_tm/GAUGE:gauge_derivative
# : Time for update_gauge 1.013951e-02 s level: 2 proc_id: 0 /HMC/ptbc_update_tm/update_gauge
# : Time for gauge_derivative 2.070346e-02 s level: 2 proc_id: 0 /HMC/ptbc_update_tm/GAUGE:gauge_derivative
# : Time for gauge_acc 5.074059e-03 s level: 2 proc_id: 0 /HMC/ptbc_update_tm/GAUGE:gauge_acc
# Trajectory is accepted.
# inst2: Time for ptbc_update_tm 2.499609e+00 s level: 1 proc_id: 0 /HMC/ptbc_update_tm
# inst2: Time for ptbc_swap_dh 1.068763e-02 s level: 2 proc_id: 0 /HMC/ptbc_swap/ptbc_swap_dh
[swap_link] inst 2 <-> 3: own_diff=9.684513e+00 partner_diff=1.196163e+00 total_diff=1.088068e+01 expmdh=1.881840e-05 random number=1.646147e-01 accept=0
# inst2: Time for ptbc_swap_dh 1.010258e-02 s level: 2 proc_id: 0 /HMC/ptbc_swap/ptbc_swap_dh
# inst2: Time for ptbc_swap 3.245726e-02 s level: 1 proc_id: 0 /HMC/ptbc_swap

I am step 7 instance 2 rank 3 
# Writing gauge field to .conf.t00007.tmp.
# Constructing LEMON writer for file .conf.t00007.tmp for append = 0
# Time spent writing 2.36 Mb was 77.9 ms.
# Writing speed: 30.3 Mb/s (30.3 Mb/s per MPI process).
# Scidac checksums for gaugefield .conf.t00007.tmp:
#   Calculated            : A = 0xf93b971e B = 0x99a78fdd.
# Write completed, verifying write...
# Constructing LEMON reader for file .conf.t00007.tmp ...
# Time spent reading 2.36 Mb was 520 us.
# Reading speed: 4.54 Gb/s (4.54 Gb/s per MPI process).
# Scidac checksums for gaugefield .conf.t00007.tmp:
#   Calculated            : A = 0xf93b971e B = 0x99a78fdd.
#   Read from LIME headers: A = 0xf93b971e B = 0x99a78fdd.
# Reading ildg-format record:
#   Precision = 64 bits (double).
#   Lattice size: LX = 8, LY = 8, LZ = 8, LT = 8.
# Input parameters:
#   Precision = 64 bits (double).
#   Lattice size: LX = 8, LY = 8, LZ = 8, LT = 8.
# Write successfully verified.
# Renaming .conf.t00007.tmp to conf.save.
#
# Starting trajectory no 8
# : Time for gauge_heatbath 7.437362e-03 s level: 2 proc_id: 0 /HMC/ptbc_update_tm/GAUGE:gauge_heatbath
# : Time for gauge_derivative 2.072958e-02 s level: 2 proc_id: 0 /HMC/ptbc_update_tm/GAUGE:gauge_derivative
# : Time for update_gauge 1.060645e-02 s level: 2 proc_id: 0 /HMC/ptbc_update_tm/update_gauge
# : Time for gauge_derivative 2.080236e-02 s level: 2 proc_id: 0 /HMC/ptbc_update_tm/GAUGE:gauge_derivative
# : Time for gauge_derivative 2.086520e-02 s level: 2 proc_id: 0 /HMC/ptbc_update_tm/GAUGE:gauge_derivative
# : Time for update_gauge 1.016495e-02 s level: 2 proc_id: 0 /HMC/ptbc_update_tm/update_gauge
# : Time for gauge_derivative 2.086385e-02 s level: 2 proc_id: 0 /HMC/ptbc_update_tm/GAUGE:gauge_derivative
# : Time for update_gauge 1.034978e-02 s level: 2 proc_id: 0 /HMC/ptbc_update_tm/update_gauge
# : Time for gauge_derivative 2.081258e-02 s level: 2 proc_id: 0 /HMC/ptbc_update_tm/GAUGE:gauge_derivative
# : Time for gauge_derivative 2.081731e-02 s level: 2 proc_id: 0 /HMC/ptbc_update_tm/GAUGE:gauge_derivative
# : Time for update_gauge 1.016790e-02 s level: 2 proc_id: 0 /HMC/ptbc_update_tm/update_gauge
# : Time for gauge_derivative 2.064197e-02 s level: 2 proc_id: 0 /HMC/ptbc_update_tm/GAUGE:gauge_derivative
# : Time for update_gauge 1.031670e-02 s level: 2 proc_id: 0 /HMC/ptbc_update_tm/update_gauge
# : Time for gauge_derivative 2.063928e-02 s level: 2 proc_id: 0 /HMC/ptbc_update_tm/GAUGE:gauge_derivative
# : Time for gauge_derivative 2.071774e-02 s level: 2 proc_id: 0 /HMC/ptbc_update_tm/GAUGE:gauge_derivative
# : Time for update_gauge 1.029382e-02 s level: 2 proc_id: 0 /HMC/ptbc_update_tm/update_gauge
# : Time for gauge_derivative 2.066032e-02 s level: 2 proc_id: 0 /HMC/ptbc_update_tm/GAUGE:gauge_derivative
# : Time for update_gauge 1.029518e-02 s level: 2 proc_id: 0 /HMC/ptbc_update_tm/update_gauge
# : Time for gauge_derivative 2.072205e-02 s level: 2 proc_id: 0 /HMC/ptbc_update_tm/GAUGE:gauge_derivative
# : Time for gauge_derivative 2.409410e-02 s level: 2 proc_id: 0 /HMC/ptbc_update_tm/GAUGE:gauge_derivative
# : Time for update_gauge 1.020399e-02 s level: 2 proc_id: 0 /HMC/ptbc_update_tm/update_gauge
# : Time for gauge_derivative 2.075903e-02 s level: 2 proc_id: 0 /HMC/ptbc_update_tm/GAUGE:gauge_derivative
# : Time for update_gauge 1.033794e-02 s level: 2 proc_id: 0 /HMC/ptbc_update_tm/update_gauge
# : Time for gauge_derivative 2.072113e-02 s level: 2 proc_id: 0 /HMC/ptbc_update_tm/GAUGE:gauge_derivative
# : Time for gauge_derivative 2.075865e-02 s level: 2 proc_id: 0 /HMC/ptbc_update_tm/GAUGE:gauge_derivative
# : Time for update_gauge 1.014934e-02 s level: 2 proc_id: 0 /HMC/ptbc_update_tm/update_gauge
# : Time for gauge_derivative 2.077778e-02 s level: 2 proc_id: 0 /HMC/ptbc_update_tm/GAUGE:gauge_derivative
# : Time for update_gauge 1.028055e-02 s level: 2 proc_id: 0 /HMC/ptbc_update_tm/update_gauge
# : Time for gauge_derivative 2.086596e-02 s level: 2 proc_id: 0 /HMC/ptbc_update_tm/GAUGE:gauge_derivative
# : Time for gauge_derivative 2.087790e-02 s level: 2 proc_id: 0 /HMC/ptbc_update_tm/GAUGE:gauge_derivative
# : Time for update_gauge 1.026426e-02 s level: 2 proc_id: 0 /HMC/ptbc_update_tm/update_gauge
# : Time for gauge_derivative 2.068323e-02 s level: 2 proc_id: 0 /HMC/ptbc_update_tm/GAUGE:gauge_derivative
# : Time for update_gauge 1.037970e-02 s level: 2 proc_id: 0 /HMC/ptbc_update_tm/update_gauge
# : Time for gauge_derivative 2.072513e-02 s level: 2 proc_id: 0 /HMC/ptbc_update_tm/GAUGE:gauge_derivative
# : Time for gauge_derivative 2.079574e-02 s level: 2 proc_id: 0 /HMC/ptbc_update_tm/GAUGE:gauge_derivative
# : Time for update_gauge 1.010606e-02 s level: 2 proc_id: 0 /HMC/ptbc_update_tm/update_gauge
# : Time for gauge_derivative 2.079927e-02 s level: 2 proc_id: 0 /HMC/ptbc_update_tm/GAUGE:gauge_derivative
# : Time for update_gauge 1.037738e-02 s level: 2 proc_id: 0 /HMC/ptbc_update_tm/update_gauge
# : Time for gauge_derivative 2.086219e-02 s level: 2 proc_id: 0 /HMC/ptbc_update_tm/GAUGE:gauge_derivative
# : Time for gauge_derivative 2.077525e-02 s level: 2 proc_id: 0 /HMC/ptbc_update_tm/GAUGE:gauge_derivative
# : Time for update_gauge 1.013326e-02 s level: 2 proc_id: 0 /HMC/ptbc_update_tm/update_gauge
# : Time for gauge_derivative 2.084466e-02 s level: 2 proc_id: 0 /HMC/ptbc_update_tm/GAUGE:gauge_derivative
# : Time for update_gauge 1.029933e-02 s level: 2 proc_id: 0 /HMC/ptbc_update_tm/update_gauge
# : Time for gauge_derivative 2.066661e-02 s level: 2 proc_id: 0 /HMC/ptbc_update_tm/GAUGE:gauge_derivative
# : Time for gauge_derivative 2.073146e-02 s level: 2 proc_id: 0 /HMC/ptbc_update_tm/GAUGE:gauge_derivative
# : Time for update_gauge 1.037996e-02 s level: 2 proc_id: 0 /HMC/ptbc_update_tm/update_gauge
# : Time for gauge_derivative 2.071236e-02 s level: 2 proc_id: 0 /HMC/ptbc_update_tm/GAUGE:gauge_derivative
# : Time for update_gauge 1.032226e-02 s level: 2 proc_id: 0 /HMC/ptbc_update_tm/update_gauge
# : Time for gauge_derivative 2.065893e-02 s level: 2 proc_id: 0 /HMC/ptbc_update_tm/GAUGE:gauge_derivative
# : Time for gauge_derivative 2.064272e-02 s level: 2 proc_id: 0 /HMC/ptbc_update_tm/GAUGE:gauge_derivative
# : Time for update_gauge 1.025517e-02 s level: 2 proc_id: 0 /HMC/ptbc_update_tm/update_gauge
# : Time for gauge_derivative 2.066574e-02 s level: 2 proc_id: 0 /HMC/ptbc_update_tm/GAUGE:gauge_derivative
# : Time for update_gauge 1.031785e-02 s level: 2 proc_id: 0 /HMC/ptbc_update_tm/update_gauge
# : Time for gauge_derivative 2.072081e-02 s level: 2 proc_id: 0 /HMC/ptbc_update_tm/GAUGE:gauge_derivative
# : Time for gauge_derivative 2.079937e-02 s level: 2 proc_id: 0 /HMC/ptbc_update_tm/GAUGE:gauge_derivative
# : Time for update_gauge 1.011962e-02 s level: 2 proc_id: 0 /HMC/ptbc_update_tm/update_gauge
# : Time for gauge_derivative 2.070597e-02 s level: 2 proc_id: 0 /HMC/ptbc_update_tm/GAUGE:gauge_derivative
# : Time for update_gauge 1.030939e-02 s level: 2 proc_id: 0 /HMC/ptbc_update_tm/update_gauge
# : Time for gauge_derivative 2.081982e-02 s level: 2 proc_id: 0 /HMC/ptbc_update_tm/GAUGE:gauge_derivative
# : Time for gauge_derivative 2.069909e-02 s level: 2 proc_id: 0 /HMC/ptbc_update_tm/GAUGE:gauge_derivative
# : Time for update_gauge 1.013074e-02 s level: 2 proc_id: 0 /HMC/ptbc_update_tm/update_gauge
# : Time for gauge_derivative 2.065329e-02 s level: 2 proc_id: 0 /HMC/ptbc_update_tm/GAUGE:gauge_derivative
# : Time for update_gauge 1.030883e-02 s level: 2 proc_id: 0 /HMC/ptbc_update_tm/update_gauge
# : Time for gauge_derivative 2.065396e-02 s level: 2 proc_id: 0 /HMC/ptbc_update_tm/GAUGE:gauge_derivative
# : Time for gauge_derivative 2.077190e-02 s level: 2 proc_id: 0 /HMC/ptbc_update_tm/GAUGE:gauge_derivative
# : Time for update_gauge 1.021177e-02 s level: 2 proc_id: 0 /HMC/ptbc_update_tm/update_gauge
# : Time for gauge_derivative 2.062848e-02 s level: 2 proc_id: 0 /HMC/ptbc_update_tm/GAUGE:gauge_derivative
# : Time for update_gauge 1.030411e-02 s level: 2 proc_id: 0 /HMC/ptbc_update_tm/update_gauge
# : Time for gauge_derivative 2.086415e-02 s level: 2 proc_id: 0 /HMC/ptbc_update_tm/GAUGE:gauge_derivative
# : Time for gauge_derivative 2.079531e-02 s level: 2 proc_id: 0 /HMC/ptbc_update_tm/GAUGE:gauge_derivative
# : Time for update_gauge 1.023523e-02 s level: 2 proc_id: 0 /HMC/ptbc_update_tm/update_gauge
# : Time for gauge_derivative 2.081138e-02 s level: 2 proc_id: 0 /HMC/ptbc_update_tm/GAUGE:gauge_derivative
# : Time for update_gauge 1.028531e-02 s level: 2 proc_id: 0 /HMC/ptbc_update_tm/update_gauge
# : Time for gauge_derivative 2.082125e-02 s level: 2 proc_id: 0 /HMC/ptbc_update_tm/GAUGE:gauge_derivative
# : Time for gauge_derivative 2.080244e-02 s level: 2 proc_id: 0 /HMC/ptbc_update_tm/GAUGE:gauge_derivative
# : Time for update_gauge 1.019173e-02 s level: 2 proc_id: 0 /HMC/ptbc_update_tm/update_gauge
# : Time for gauge_derivative 2.068392e-02 s level: 2 proc_id: 0 /HMC/ptbc_update_tm/GAUGE:gauge_derivative
# : Time for update_gauge 1.035709e-02 s level: 2 proc_id: 0 /HMC/ptbc_update_tm/update_gauge
# : Time for gauge_derivative 2.078575e-02 s level: 2 proc_id: 0 /HMC/ptbc_update_tm/GAUGE:gauge_derivative
# : Time for gauge_derivative 2.073936e-02 s level: 2 proc_id: 0 /HMC/ptbc_update_tm/GAUGE:gauge_derivative
# : Time for update_gauge 1.020152e-02 s level: 2 proc_id: 0 /HMC/ptbc_update_tm/update_gauge
# : Time for gauge_derivative 2.074752e-02 s level: 2 proc_id: 0 /HMC/ptbc_update_tm/GAUGE:gauge_derivative
# : Time for update_gauge 1.037948e-02 s level: 2 proc_id: 0 /HMC/ptbc_update_tm/update_gauge
# : Time for gauge_derivative 2.076903e-02 s level: 2 proc_id: 0 /HMC/ptbc_update_tm/GAUGE:gauge_derivative
# : Time for gauge_derivative 2.073472e-02 s level: 2 proc_id: 0 /HMC/ptbc_update_tm/GAUGE:gauge_derivative
# : Time for update_gauge 1.021063e-02 s level: 2 proc_id: 0 /HMC/ptbc_update_tm/update_gauge
# : Time for gauge_derivative 2.067351e-02 s level: 2 proc_id: 0 /HMC/ptbc_update_tm/GAUGE:gauge_derivative
# : Time for update_gauge 1.031543e-02 s level: 2 proc_id: 0 /HMC/ptbc_update_tm/update_gauge
# : Time for gauge_derivative 2.072428e-02 s level: 2 proc_id: 0 /HMC/ptbc_update_tm/GAUGE:gauge_derivative
# : Time for gauge_derivative 2.071563e-02 s level: 2 proc_id: 0 /HMC/ptbc_update_tm/GAUGE:gauge_derivative
# : Time for update_gauge 1.018074e-02 s level: 2 proc_id: 0 /HMC/ptbc_update_tm/update_gauge
# : Time for gauge_derivative 2.064526e-02 s level: 2 proc_id: 0 /HMC/ptbc_update_tm/GAUGE:gauge_derivative
# : Time for update_gauge 1.030938e-02 s level: 2 proc_id: 0 /HMC/ptbc_update_tm/update_gauge
# : Time for gauge_derivative 2.068655e-02 s level: 2 proc_id: 0 /HMC/ptbc_update_tm/GAUGE:gauge_derivative
# : Time for gauge_derivative 2.070991e-02 s level: 2 proc_id: 0 /HMC/ptbc_update_tm/GAUGE:gauge_derivative
# : Time for update_gauge 1.013571e-02 s level: 2 proc_id: 0 /HMC/ptbc_update_tm/update_gauge
# : Time for gauge_derivative 2.069428e-02 s level: 2 proc_id: 0 /HMC/ptbc_update_tm/GAUGE:gauge_derivative
# : Time for update_gauge 1.037107e-02 s level: 2 proc_id: 0 /HMC/ptbc_update_tm/update_gauge
# : Time for gauge_derivative 2.068410e-02 s level: 2 proc_id: 0 /HMC/ptbc_update_tm/GAUGE:gauge_derivative
# : Time for gauge_derivative 2.064390e-02 s level: 2 proc_id: 0 /HMC/ptbc_update_tm/GAUGE:gauge_derivative
# : Time for update_gauge 1.027916e-02 s level: 2 proc_id: 0 /HMC/ptbc_update_tm/update_gauge
# : Time for gauge_derivative 2.083246e-02 s level: 2 proc_id: 0 /HMC/ptbc_update_tm/GAUGE:gauge_derivative
# : Time for update_gauge 1.036390e-02 s level: 2 proc_id: 0 /HMC/ptbc_update_tm/update_gauge
# : Time for gauge_derivative 2.063863e-02 s level: 2 proc_id: 0 /HMC/ptbc_update_tm/GAUGE:gauge_derivative
# : Time for gauge_derivative 2.068416e-02 s level: 2 proc_id: 0 /HMC/ptbc_update_tm/GAUGE:gauge_derivative
# : Time for update_gauge 1.017835e-02 s level: 2 proc_id: 0 /HMC/ptbc_update_tm/update_gauge
# : Time for gauge_derivative 2.063219e-02 s level: 2 proc_id: 0 /HMC/ptbc_update_tm/GAUGE:gauge_derivative
# : Time for update_gauge 1.031879e-02 s level: 2 proc_id: 0 /HMC/ptbc_update_tm/update_gauge
# : Time for gauge_derivative 2.082053e-02 s level: 2 proc_id: 0 /HMC/ptbc_update_tm/GAUGE:gauge_derivative
# : Time for gauge_derivative 2.074443e-02 s level: 2 proc_id: 0 /HMC/ptbc_update_tm/GAUGE:gauge_derivative
# : Time for update_gauge 1.017051e-02 s level: 2 proc_id: 0 /HMC/ptbc_update_tm/update_gauge
# : Time for gauge_derivative 2.077753e-02 s level: 2 proc_id: 0 /HMC/ptbc_update_tm/GAUGE:gauge_derivative
# : Time for update_gauge 1.028913e-02 s level: 2 proc_id: 0 /HMC/ptbc_update_tm/update_gauge
# : Time for gauge_derivative 2.067743e-02 s level: 2 proc_id: 0 /HMC/ptbc_update_tm/GAUGE:gauge_derivative
# : Time for gauge_derivative 2.075508e-02 s level: 2 proc_id: 0 /HMC/ptbc_update_tm/GAUGE:gauge_derivative
# : Time for update_gauge 1.032138e-02 s level: 2 proc_id: 0 /HMC/ptbc_update_tm/update_gauge
# : Time for gauge_derivative 2.075409e-02 s level: 2 proc_id: 0 /HMC/ptbc_update_tm/GAUGE:gauge_derivative
# : Time for update_gauge 1.030555e-02 s level: 2 proc_id: 0 /HMC/ptbc_update_tm/update_gauge
# : Time for gauge_derivative 2.080053e-02 s level: 2 proc_id: 0 /HMC/ptbc_update_tm/GAUGE:gauge_derivative
# : Time for gauge_derivative 2.081783e-02 s level: 2 proc_id: 0 /HMC/ptbc_update_tm/GAUGE:gauge_derivative
# : Time for update_gauge 1.025264e-02 s level: 2 proc_id: 0 /HMC/ptbc_update_tm/update_gauge
# : Time for gauge_derivative 2.074871e-02 s level: 2 proc_id: 0 /HMC/ptbc_update_tm/GAUGE:gauge_derivative
# : Time for gauge_acc 1.033863e-02 s level: 2 proc_id: 0 /HMC/ptbc_update_tm/GAUGE:gauge_acc
# Trajectory is accepted.
# inst2: Time for ptbc_update_tm 2.559512e+00 s level: 1 proc_id: 0 /HMC/ptbc_update_tm
# inst2: Time for ptbc_swap_dh 1.058072e-02 s level: 2 proc_id: 0 /HMC/ptbc_swap/ptbc_swap_dh
# inst2: Time for ptbc_swap_dh 1.007697e-02 s level: 2 proc_id: 0 /HMC/ptbc_swap/ptbc_swap_dh
[swap_link] inst 2 <-> 3: own_diff=5.213525e+00 partner_diff=-2.752785e+00 total_diff=2.460739e+00 expmdh=8.537180e-02 random number=3.896022e-01 accept=0
# inst2: Time for ptbc_swap 3.348964e-02 s level: 1 proc_id: 0 /HMC/ptbc_swap

I am step 8 instance 2 rank 3 
# Writing gauge field to .conf.t00008.tmp.
# Constructing LEMON writer for file .conf.t00008.tmp for append = 0
# Time spent writing 2.36 Mb was 71.9 ms.
# Writing speed: 32.8 Mb/s (32.8 Mb/s per MPI process).
# Scidac checksums for gaugefield .conf.t00008.tmp:
#   Calculated            : A = 0x4d30625f B = 0xea32cf75.
# Write completed, verifying write...
# Constructing LEMON reader for file .conf.t00008.tmp ...
# Time spent reading 2.36 Mb was 476 us.
# Reading speed: 4.95 Gb/s (4.95 Gb/s per MPI process).
# Scidac checksums for gaugefield .conf.t00008.tmp:
#   Calculated            : A = 0x4d30625f B = 0xea32cf75.
#   Read from LIME headers: A = 0x4d30625f B = 0xea32cf75.
# Reading ildg-format record:
#   Precision = 64 bits (double).
#   Lattice size: LX = 8, LY = 8, LZ = 8, LT = 8.
# Input parameters:
#   Precision = 64 bits (double).
#   Lattice size: LX = 8, LY = 8, LZ = 8, LT = 8.
# Write successfully verified.
# Renaming .conf.t00008.tmp to conf.save.
#
# Starting trajectory no 9
# : Time for gauge_heatbath 5.098169e-03 s level: 2 proc_id: 0 /HMC/ptbc_update_tm/GAUGE:gauge_heatbath
# : Time for gauge_derivative 2.074705e-02 s level: 2 proc_id: 0 /HMC/ptbc_update_tm/GAUGE:gauge_derivative
# : Time for update_gauge 1.072370e-02 s level: 2 proc_id: 0 /HMC/ptbc_update_tm/update_gauge
# : Time for gauge_derivative 2.065601e-02 s level: 2 proc_id: 0 /HMC/ptbc_update_tm/GAUGE:gauge_derivative
# : Time for gauge_derivative 2.068477e-02 s level: 2 proc_id: 0 /HMC/ptbc_update_tm/GAUGE:gauge_derivative
# : Time for update_gauge 1.018378e-02 s level: 2 proc_id: 0 /HMC/ptbc_update_tm/update_gauge
# : Time for gauge_derivative 2.071758e-02 s level: 2 proc_id: 0 /HMC/ptbc_update_tm/GAUGE:gauge_derivative
# : Time for update_gauge 1.035540e-02 s level: 2 proc_id: 0 /HMC/ptbc_update_tm/update_gauge
# : Time for gauge_derivative 2.066939e-02 s level: 2 proc_id: 0 /HMC/ptbc_update_tm/GAUGE:gauge_derivative
# : Time for gauge_derivative 2.075791e-02 s level: 2 proc_id: 0 /HMC/ptbc_update_tm/GAUGE:gauge_derivative
# : Time for update_gauge 1.012849e-02 s level: 2 proc_id: 0 /HMC/ptbc_update_tm/update_gauge
# : Time for gauge_derivative 2.068209e-02 s level: 2 proc_id: 0 /HMC/ptbc_update_tm/GAUGE:gauge_derivative
# : Time for update_gauge 1.032863e-02 s level: 2 proc_id: 0 /HMC/ptbc_update_tm/update_gauge
# : Time for gauge_derivative 2.076343e-02 s level: 2 proc_id: 0 /HMC/ptbc_update_tm/GAUGE:gauge_derivative
# : Time for gauge_derivative 2.063808e-02 s level: 2 proc_id: 0 /HMC/ptbc_update_tm/GAUGE:gauge_derivative
# : Time for update_gauge 1.023687e-02 s level: 2 proc_id: 0 /HMC/ptbc_update_tm/update_gauge
# : Time for gauge_derivative 2.065301e-02 s level: 2 proc_id: 0 /HMC/ptbc_update_tm/GAUGE:gauge_derivative
# : Time for update_gauge 1.036635e-02 s level: 2 proc_id: 0 /HMC/ptbc_update_tm/update_gauge
# : Time for gauge_derivative 2.072929e-02 s level: 2 proc_id: 0 /HMC/ptbc_update_tm/GAUGE:gauge_derivative
# : Time for gauge_derivative 2.064768e-02 s level: 2 proc_id: 0 /HMC/ptbc_update_tm/GAUGE:gauge_derivative
# : Time for update_gauge 1.011696e-02 s level: 2 proc_id: 0 /HMC/ptbc_update_tm/update_gauge
# : Time for gauge_derivative 2.072743e-02 s level: 2 proc_id: 0 /HMC/ptbc_update_tm/GAUGE:gauge_derivative
# : Time for update_gauge 1.038553e-02 s level: 2 proc_id: 0 /HMC/ptbc_update_tm/update_gauge
# : Time for gauge_derivative 2.065948e-02 s level: 2 proc_id: 0 /HMC/ptbc_update_tm/GAUGE:gauge_derivative
# : Time for gauge_derivative 2.069355e-02 s level: 2 proc_id: 0 /HMC/ptbc_update_tm/GAUGE:gauge_derivative
# : Time for update_gauge 1.011031e-02 s level: 2 proc_id: 0 /HMC/ptbc_update_tm/update_gauge
# : Time for gauge_derivative 2.062875e-02 s level: 2 proc_id: 0 /HMC/ptbc_update_tm/GAUGE:gauge_derivative
# : Time for update_gauge 1.035545e-02 s level: 2 proc_id: 0 /HMC/ptbc_update_tm/update_gauge
# : Time for gauge_derivative 2.067036e-02 s level: 2 proc_id: 0 /HMC/ptbc_update_tm/GAUGE:gauge_derivative
# : Time for gauge_derivative 2.071175e-02 s level: 2 proc_id: 0 /HMC/ptbc_update_tm/GAUGE:gauge_derivative
# : Time for update_gauge 1.011562e-02 s level: 2 proc_id: 0 /HMC/ptbc_update_tm/update_gauge
# : Time for gauge_derivative 2.077284e-02 s level: 2 proc_id: 0 /HMC/ptbc_update_tm/GAUGE:gauge_derivative
# : Time for update_gauge 1.031777e-02 s level: 2 proc_id: 0 /HMC/ptbc_update_tm/update_gauge
# : Time for gauge_derivative 2.073058e-02 s level: 2 proc_id: 0 /HMC/ptbc_update_tm/GAUGE:gauge_derivative
# : Time for gauge_derivative 2.066383e-02 s level: 2 proc_id: 0 /HMC/ptbc_update_tm/GAUGE:gauge_derivative
# : Time for update_gauge 1.025706e-02 s level: 2 proc_id: 0 /HMC/ptbc_update_tm/update_gauge
# : Time for gauge_derivative 2.065284e-02 s level: 2 proc_id: 0 /HMC/ptbc_update_tm/GAUGE:gauge_derivative
# : Time for update_gauge 1.047324e-02 s level: 2 proc_id: 0 /HMC/ptbc_update_tm/update_gauge
# : Time for gauge_derivative 2.077135e-02 s level: 2 proc_id: 0 /HMC/ptbc_update_tm/GAUGE:gauge_derivative
# : Time for gauge_derivative 2.069933e-02 s level: 2 proc_id: 0 /HMC/ptbc_update_tm/GAUGE:gauge_derivative
# : Time for update_gauge 1.016715e-02 s level: 2 proc_id: 0 /HMC/ptbc_update_tm/update_gauge
# : Time for gauge_derivative 2.080417e-02 s level: 2 proc_id: 0 /HMC/ptbc_update_tm/GAUGE:gauge_derivative
# : Time for update_gauge 1.038575e-02 s level: 2 proc_id: 0 /HMC/ptbc_update_tm/update_gauge
# : Time for gauge_derivative 2.067645e-02 s level: 2 proc_id: 0 /HMC/ptbc_update_tm/GAUGE:gauge_derivative
# : Time for gauge_derivative 2.066832e-02 s level: 2 proc_id: 0 /HMC/ptbc_update_tm/GAUGE:gauge_derivative
# : Time for update_gauge 1.026981e-02 s level: 2 proc_id: 0 /HMC/ptbc_update_tm/update_gauge
# : Time for gauge_derivative 2.071162e-02 s level: 2 proc_id: 0 /HMC/ptbc_update_tm/GAUGE:gauge_derivative
# : Time for update_gauge 1.054438e-02 s level: 2 proc_id: 0 /HMC/ptbc_update_tm/update_gauge
# : Time for gauge_derivative 2.072390e-02 s level: 2 proc_id: 0 /HMC/ptbc_update_tm/GAUGE:gauge_derivative
# : Time for gauge_derivative 2.084750e-02 s level: 2 proc_id: 0 /HMC/ptbc_update_tm/GAUGE:gauge_derivative
# : Time for update_gauge 1.023673e-02 s level: 2 proc_id: 0 /HMC/ptbc_update_tm/update_gauge
# : Time for gauge_derivative 2.075467e-02 s level: 2 proc_id: 0 /HMC/ptbc_update_tm/GAUGE:gauge_derivative
# : Time for update_gauge 1.038674e-02 s level: 2 proc_id: 0 /HMC/ptbc_update_tm/update_gauge
# : Time for gauge_derivative 2.076067e-02 s level: 2 proc_id: 0 /HMC/ptbc_update_tm/GAUGE:gauge_derivative
# : Time for gauge_derivative 2.084390e-02 s level: 2 proc_id: 0 /HMC/ptbc_update_tm/GAUGE:gauge_derivative
# : Time for update_gauge 1.024547e-02 s level: 2 proc_id: 0 /HMC/ptbc_update_tm/update_gauge
# : Time for gauge_derivative 2.076948e-02 s level: 2 proc_id: 0 /HMC/ptbc_update_tm/GAUGE:gauge_derivative
# : Time for update_gauge 1.031636e-02 s level: 2 proc_id: 0 /HMC/ptbc_update_tm/update_gauge
# : Time for gauge_derivative 2.070371e-02 s level: 2 proc_id: 0 /HMC/ptbc_update_tm/GAUGE:gauge_derivative
# : Time for gauge_derivative 2.080940e-02 s level: 2 proc_id: 0 /HMC/ptbc_update_tm/GAUGE:gauge_derivative
# : Time for update_gauge 1.021841e-02 s level: 2 proc_id: 0 /HMC/ptbc_update_tm/update_gauge
# : Time for gauge_derivative 2.065831e-02 s level: 2 proc_id: 0 /HMC/ptbc_update_tm/GAUGE:gauge_derivative
# : Time for update_gauge 1.045762e-02 s level: 2 proc_id: 0 /HMC/ptbc_update_tm/update_gauge
# : Time for gauge_derivative 2.075824e-02 s level: 2 proc_id: 0 /HMC/ptbc_update_tm/GAUGE:gauge_derivative
# : Time for gauge_derivative 2.065983e-02 s level: 2 proc_id: 0 /HMC/ptbc_update_tm/GAUGE:gauge_derivative
# : Time for update_gauge 1.009011e-02 s level: 2 proc_id: 0 /HMC/ptbc_update_tm/update_gauge
# : Time for gauge_derivative 2.068327e-02 s level: 2 proc_id: 0 /HMC/ptbc_update_tm/GAUGE:gauge_derivative
# : Time for update_gauge 1.037536e-02 s level: 2 proc_id: 0 /HMC/ptbc_update_tm/update_gauge
# : Time for gauge_derivative 2.091466e-02 s level: 2 proc_id: 0 /HMC/ptbc_update_tm/GAUGE:gauge_derivative
# : Time for gauge_derivative 2.075639e-02 s level: 2 proc_id: 0 /HMC/ptbc_update_tm/GAUGE:gauge_derivative
# : Time for update_gauge 1.037530e-02 s level: 2 proc_id: 0 /HMC/ptbc_update_tm/update_gauge
# : Time for gauge_derivative 2.064808e-02 s level: 2 proc_id: 0 /HMC/ptbc_update_tm/GAUGE:gauge_derivative
# : Time for update_gauge 1.034033e-02 s level: 2 proc_id: 0 /HMC/ptbc_update_tm/update_gauge
# : Time for gauge_derivative 2.063293e-02 s level: 2 proc_id: 0 /HMC/ptbc_update_tm/GAUGE:gauge_derivative
# : Time for gauge_derivative 2.075156e-02 s level: 2 proc_id: 0 /HMC/ptbc_update_tm/GAUGE:gauge_derivative
# : Time for update_gauge 1.013632e-02 s level: 2 proc_id: 0 /HMC/ptbc_update_tm/update_gauge
# : Time for gauge_derivative 2.073928e-02 s level: 2 proc_id: 0 /HMC/ptbc_update_tm/GAUGE:gauge_derivative
# : Time for update_gauge 1.033909e-02 s level: 2 proc_id: 0 /HMC/ptbc_update_tm/update_gauge
# : Time for gauge_derivative 2.084595e-02 s level: 2 proc_id: 0 /HMC/ptbc_update_tm/GAUGE:gauge_derivative
# : Time for gauge_derivative 2.081834e-02 s level: 2 proc_id: 0 /HMC/ptbc_update_tm/GAUGE:gauge_derivative
# : Time for update_gauge 1.019601e-02 s level: 2 proc_id: 0 /HMC/ptbc_update_tm/update_gauge
# : Time for gauge_derivative 2.064412e-02 s level: 2 proc_id: 0 /HMC/ptbc_update_tm/GAUGE:gauge_derivative
# : Time for update_gauge 1.035333e-02 s level: 2 proc_id: 0 /HMC/ptbc_update_tm/update_gauge
# : Time for gauge_derivative 2.081415e-02 s level: 2 proc_id: 0 /HMC/ptbc_update_tm/GAUGE:gauge_derivative
# : Time for gauge_derivative 2.065894e-02 s level: 2 proc_id: 0 /HMC/ptbc_update_tm/GAUGE:gauge_derivative
# : Time for update_gauge 1.019216e-02 s level: 2 proc_id: 0 /HMC/ptbc_update_tm/update_gauge
# : Time for gauge_derivative 2.067042e-02 s level: 2 proc_id: 0 /HMC/ptbc_update_tm/GAUGE:gauge_derivative
# : Time for update_gauge 1.031460e-02 s level: 2 proc_id: 0 /HMC/ptbc_update_tm/update_gauge
# : Time for gauge_derivative 2.067597e-02 s level: 2 proc_id: 0 /HMC/ptbc_update_tm/GAUGE:gauge_derivative
# : Time for gauge_derivative 2.061648e-02 s level: 2 proc_id: 0 /HMC/ptbc_update_tm/GAUGE:gauge_derivative
# : Time for update_gauge 1.026144e-02 s level: 2 proc_id: 0 /HMC/ptbc_update_tm/update_gauge
# : Time for gauge_derivative 2.063985e-02 s level: 2 proc_id: 0 /HMC/ptbc_update_tm/GAUGE:gauge_derivative
# : Time for update_gauge 1.032117e-02 s level: 2 proc_id: 0 /HMC/ptbc_update_tm/update_gauge
# : Time for gauge_derivative 2.067942e-02 s level: 2 proc_id: 0 /HMC/ptbc_update_tm/GAUGE:gauge_derivative
# : Time for gauge_derivative 2.068968e-02 s level: 2 proc_id: 0 /HMC/ptbc_update_tm/GAUGE:gauge_derivative
# : Time for update_gauge 1.013430e-02 s level: 2 proc_id: 0 /HMC/ptbc_update_tm/update_gauge
# : Time for gauge_derivative 2.077553e-02 s level: 2 proc_id: 0 /HMC/ptbc_update_tm/GAUGE:gauge_derivative
# : Time for update_gauge 1.032935e-02 s level: 2 proc_id: 0 /HMC/ptbc_update_tm/update_gauge
# : Time for gauge_derivative 2.079831e-02 s level: 2 proc_id: 0 /HMC/ptbc_update_tm/GAUGE:gauge_derivative
# : Time for gauge_derivative 2.080091e-02 s level: 2 proc_id: 0 /HMC/ptbc_update_tm/GAUGE:gauge_derivative
# : Time for update_gauge 1.019572e-02 s level: 2 proc_id: 0 /HMC/ptbc_update_tm/update_gauge
# : Time for gauge_derivative 2.079554e-02 s level: 2 proc_id: 0 /HMC/ptbc_update_tm/GAUGE:gauge_derivative
# : Time for update_gauge 1.038589e-02 s level: 2 proc_id: 0 /HMC/ptbc_update_tm/update_gauge
# : Time for gauge_derivative 2.077457e-02 s level: 2 proc_id: 0 /HMC/ptbc_update_tm/GAUGE:gauge_derivative
# : Time for gauge_derivative 2.063834e-02 s level: 2 proc_id: 0 /HMC/ptbc_update_tm/GAUGE:gauge_derivative
# : Time for update_gauge 1.027020e-02 s level: 2 proc_id: 0 /HMC/ptbc_update_tm/update_gauge
# : Time for gauge_derivative 2.063183e-02 s level: 2 proc_id: 0 /HMC/ptbc_update_tm/GAUGE:gauge_derivative
# : Time for update_gauge 1.033458e-02 s level: 2 proc_id: 0 /HMC/ptbc_update_tm/update_gauge
# : Time for gauge_derivative 2.069022e-02 s level: 2 proc_id: 0 /HMC/ptbc_update_tm/GAUGE:gauge_derivative
# : Time for gauge_derivative 2.064693e-02 s level: 2 proc_id: 0 /HMC/ptbc_update_tm/GAUGE:gauge_derivative
# : Time for update_gauge 1.010800e-02 s level: 2 proc_id: 0 /HMC/ptbc_update_tm/update_gauge
# : Time for gauge_derivative 2.070528e-02 s level: 2 proc_id: 0 /HMC/ptbc_update_tm/GAUGE:gauge_derivative
# : Time for update_gauge 1.034759e-02 s level: 2 proc_id: 0 /HMC/ptbc_update_tm/update_gauge
# : Time for gauge_derivative 2.076599e-02 s level: 2 proc_id: 0 /HMC/ptbc_update_tm/GAUGE:gauge_derivative
# : Time for gauge_derivative 2.082337e-02 s level: 2 proc_id: 0 /HMC/ptbc_update_tm/GAUGE:gauge_derivative
# : Time for update_gauge 1.017745e-02 s level: 2 proc_id: 0 /HMC/ptbc_update_tm/update_gauge
# : Time for gauge_derivative 2.065028e-02 s level: 2 proc_id: 0 /HMC/ptbc_update_tm/GAUGE:gauge_derivative
# : Time for update_gauge 1.034404e-02 s level: 2 proc_id: 0 /HMC/ptbc_update_tm/update_gauge
# : Time for gauge_derivative 2.072335e-02 s level: 2 proc_id: 0 /HMC/ptbc_update_tm/GAUGE:gauge_derivative
# : Time for gauge_derivative 2.072925e-02 s level: 2 proc_id: 0 /HMC/ptbc_update_tm/GAUGE:gauge_derivative
# : Time for update_gauge 1.030919e-02 s level: 2 proc_id: 0 /HMC/ptbc_update_tm/update_gauge
# : Time for gauge_derivative 2.082183e-02 s level: 2 proc_id: 0 /HMC/ptbc_update_tm/GAUGE:gauge_derivative
# : Time for gauge_acc 5.057249e-03 s level: 2 proc_id: 0 /HMC/ptbc_update_tm/GAUGE:gauge_acc
# Trajectory is accepted.
# inst2: Time for ptbc_update_tm 2.517492e+00 s level: 1 proc_id: 0 /HMC/ptbc_update_tm
# inst2: Time for ptbc_swap_dh 1.082434e-02 s level: 2 proc_id: 0 /HMC/ptbc_swap/ptbc_swap_dh
# inst2: Time for ptbc_swap_dh 1.015866e-02 s level: 2 proc_id: 0 /HMC/ptbc_swap/ptbc_swap_dh
[swap_link] inst 2 <-> 3: own_diff=3.809163e+00 partner_diff=-3.520520e+00 total_diff=2.886425e-01 expmdh=7.492800e-01 random number=8.737372e-01 accept=0
# inst2: Time for ptbc_swap 3.183099e-02 s level: 1 proc_id: 0 /HMC/ptbc_swap

I am step 9 instance 2 rank 3 
# Writing gauge field to .conf.t00009.tmp.
# Constructing LEMON writer for file .conf.t00009.tmp for append = 0
# Time spent writing 2.36 Mb was 83.0 ms.
# Writing speed: 28.4 Mb/s (28.4 Mb/s per MPI process).
# Scidac checksums for gaugefield .conf.t00009.tmp:
#   Calculated            : A = 0x79a21e65 B = 0x0faea724.
# Write completed, verifying write...
# Constructing LEMON reader for file .conf.t00009.tmp ...
# Time spent reading 2.36 Mb was 487 us.
# Reading speed: 4.84 Gb/s (4.84 Gb/s per MPI process).
# Scidac checksums for gaugefield .conf.t00009.tmp:
#   Calculated            : A = 0x79a21e65 B = 0x0faea724.
#   Read from LIME headers: A = 0x79a21e65 B = 0x0faea724.
# Reading ildg-format record:
#   Precision = 64 bits (double).
#   Lattice size: LX = 8, LY = 8, LZ = 8, LT = 8.
# Input parameters:
#   Precision = 64 bits (double).
#   Lattice size: LX = 8, LY = 8, LZ = 8, LT = 8.
# Write successfully verified.
# Renaming .conf.t00009.tmp to conf.save.
# Acceptance rate was 100.00 percent, 10 out of 10 trajectories accepted.
# : Time for HMC 2.966073e+01 s level: 0 proc_id: 0 /HMC
